This is XeTeX, Version 3.141592653-2.6-0.999997 (TeX Live 2025) (preloaded format=xelatex 2025.9.25)  12 FEB 2026 13:43
entering extended mode
 restricted \write18 enabled.
 file:line:error style messages enabled.
 %&-line parsing enabled.
**d:/信息工程/香农班/科研/ISAC/Research-Training-on-ISAC/有关的文献整理/七篇文章的一些思考（待补充）
(d:/信息工程/香农班/科研/ISAC/Research-Training-on-ISAC/有关的文献整理/七篇文章的一些思考（待补充）.tex
LaTeX2e <2024-11-01> patch level 2
L3 programming layer <2025-01-18>
(d:/texlive/2025/texmf-dist/tex/latex/base/article.cls
Document Class: article 2024/06/29 v1.4n Standard LaTeX document class
(d:/texlive/2025/texmf-dist/tex/latex/base/size10.clo
File: size10.clo 2024/06/29 v1.4n Standard LaTeX file (size option)
)
\c@part=\count192
\c@section=\count193
\c@subsection=\count194
\c@subsubsection=\count195
\c@paragraph=\count196
\c@subparagraph=\count197
\c@figure=\count198
\c@table=\count199
\abovecaptionskip=\skip49
\belowcaptionskip=\skip50
\bibindent=\dimen141
) (d:/texlive/2025/texmf-dist/tex/latex/xcolor/xcolor.sty
Package: xcolor 2024/09/29 v3.02 LaTeX color extensions (UK)
 (d:/texlive/2025/texmf-dist/tex/latex/graphics-cfg/color.cfg
File: color.cfg 2016/01/02 v1.6 sample color configuration
)
Package xcolor Info: Driver file: xetex.def on input line 274.
 (d:/texlive/2025/texmf-dist/tex/latex/graphics-def/xetex.def
File: xetex.def 2022/09/22 v5.0n Graphics/color driver for xetex
) (d:/texlive/2025/texmf-dist/tex/latex/graphics/mathcolor.ltx)
Package xcolor Info: Model `cmy' substituted by `cmy0' on input line 1349.
Package xcolor Info: Model `RGB' extended on input line 1365.
Package xcolor Info: Model `HTML' substituted by `rgb' on input line 1367.
Package xcolor Info: Model `Hsb' substituted by `hsb' on input line 1368.
Package xcolor Info: Model `tHsb' substituted by `hsb' on input line 1369.
Package xcolor Info: Model `HSB' substituted by `hsb' on input line 1370.
Package xcolor Info: Model `Gray' substituted by `gray' on input line 1371.
Package xcolor Info: Model `wave' substituted by `hsb' on input line 1372.
) (d:/texlive/2025/texmf-dist/tex/latex/amsmath/amsmath.sty
Package: amsmath 2024/11/05 v2.17t AMS math features
\@mathmargin=\skip51

For additional information on amsmath, use the `?' option.
(d:/texlive/2025/texmf-dist/tex/latex/amsmath/amstext.sty
Package: amstext 2021/08/26 v2.01 AMS text
 (d:/texlive/2025/texmf-dist/tex/latex/amsmath/amsgen.sty
File: amsgen.sty 1999/11/30 v2.0 generic functions
\@emptytoks=\toks17
\ex@=\dimen142
)) (d:/texlive/2025/texmf-dist/tex/latex/amsmath/amsbsy.sty
Package: amsbsy 1999/11/29 v1.2d Bold Symbols
\pmbraise@=\dimen143
) (d:/texlive/2025/texmf-dist/tex/latex/amsmath/amsopn.sty
Package: amsopn 2022/04/08 v2.04 operator names
)
\inf@bad=\count266
LaTeX Info: Redefining \frac on input line 233.
\uproot@=\count267
\leftroot@=\count268
LaTeX Info: Redefining \overline on input line 398.
LaTeX Info: Redefining \colon on input line 409.
\classnum@=\count269
\DOTSCASE@=\count270
LaTeX Info: Redefining \ldots on input line 495.
LaTeX Info: Redefining \dots on input line 498.
LaTeX Info: Redefining \cdots on input line 619.
\Mathstrutbox@=\box52
\strutbox@=\box53
LaTeX Info: Redefining \big on input line 721.
LaTeX Info: Redefining \Big on input line 722.
LaTeX Info: Redefining \bigg on input line 723.
LaTeX Info: Redefining \Bigg on input line 724.
\big@size=\dimen144
LaTeX Font Info:    Redeclaring font encoding OML on input line 742.
LaTeX Font Info:    Redeclaring font encoding OMS on input line 743.
\macc@depth=\count271
LaTeX Info: Redefining \bmod on input line 904.
LaTeX Info: Redefining \pmod on input line 909.
LaTeX Info: Redefining \smash on input line 939.
LaTeX Info: Redefining \relbar on input line 969.
LaTeX Info: Redefining \Relbar on input line 970.
\c@MaxMatrixCols=\count272
\dotsspace@=\muskip17
\c@parentequation=\count273
\dspbrk@lvl=\count274
\tag@help=\toks18
\row@=\count275
\column@=\count276
\maxfields@=\count277
\andhelp@=\toks19
\eqnshift@=\dimen145
\alignsep@=\dimen146
\tagshift@=\dimen147
\tagwidth@=\dimen148
\totwidth@=\dimen149
\lineht@=\dimen150
\@envbody=\toks20
\multlinegap=\skip52
\multlinetaggap=\skip53
\mathdisplay@stack=\toks21
LaTeX Info: Redefining \[ on input line 2953.
LaTeX Info: Redefining \] on input line 2954.
) (d:/texlive/2025/texmf-dist/tex/latex/amsfonts/amssymb.sty
Package: amssymb 2013/01/14 v3.01 AMS font symbols
 (d:/texlive/2025/texmf-dist/tex/latex/amsfonts/amsfonts.sty
Package: amsfonts 2013/01/14 v3.01 Basic AMSFonts support
\symAMSa=\mathgroup4
\symAMSb=\mathgroup5
LaTeX Font Info:    Redeclaring math symbol \hbar on input line 98.
LaTeX Font Info:    Overwriting math alphabet `\mathfrak' in version `bold'
(Font)                  U/euf/m/n --> U/euf/b/n on input line 106.
)) (d:/texlive/2025/texmf-dist/tex/generic/iftex/iftex.sty
Package: iftex 2024/12/12 v1.0g TeX engine tests
) (d:/texlive/2025/texmf-dist/tex/latex/unicode-math/unicode-math.sty (d:/texlive/2025/texmf-dist/tex/latex/l3kernel/expl3.sty
Package: expl3 2025-01-18 L3 programming layer (loader) 
 (d:/texlive/2025/texmf-dist/tex/latex/l3backend/l3backend-xetex.def
File: l3backend-xetex.def 2024-05-08 L3 backend support: XeTeX
\g__graphics_track_int=\count278
\l__pdf_internal_box=\box54
\g__pdf_backend_annotation_int=\count279
\g__pdf_backend_link_int=\count280
))
Package: unicode-math 2023/08/13 v0.8r Unicode maths in XeLaTeX and LuaLaTeX
 (d:/texlive/2025/texmf-dist/tex/latex/unicode-math/unicode-math-xetex.sty
Package: unicode-math-xetex 2023/08/13 v0.8r Unicode maths in XeLaTeX and LuaLaTeX
 (d:/texlive/2025/texmf-dist/tex/latex/l3packages/xparse/xparse.sty
Package: xparse 2024-08-16 L3 Experimental document command parser
) (d:/texlive/2025/texmf-dist/tex/latex/l3packages/l3keys2e/l3keys2e.sty
Package: l3keys2e 2024-08-16 LaTeX2e option processing using LaTeX3 keys
) (d:/texlive/2025/texmf-dist/tex/latex/fontspec/fontspec.sty
Package: fontspec 2024/05/11 v2.9e Font selection for XeLaTeX and LuaLaTeX
 (d:/texlive/2025/texmf-dist/tex/latex/fontspec/fontspec-xetex.sty
Package: fontspec-xetex 2024/05/11 v2.9e Font selection for XeLaTeX and LuaLaTeX
\l__fontspec_script_int=\count281
\l__fontspec_language_int=\count282
\l__fontspec_strnum_int=\count283
\l__fontspec_tmp_int=\count284
\l__fontspec_tmpa_int=\count285
\l__fontspec_tmpb_int=\count286
\l__fontspec_tmpc_int=\count287
\l__fontspec_em_int=\count288
\l__fontspec_emdef_int=\count289
\l__fontspec_strong_int=\count290
\l__fontspec_strongdef_int=\count291
\l__fontspec_tmpa_dim=\dimen151
\l__fontspec_tmpb_dim=\dimen152
\l__fontspec_tmpc_dim=\dimen153
 (d:/texlive/2025/texmf-dist/tex/latex/base/fontenc.sty
Package: fontenc 2021/04/29 v2.0v Standard LaTeX package
) (d:/texlive/2025/texmf-dist/tex/latex/fontspec/fontspec.cfg))) (d:/texlive/2025/texmf-dist/tex/latex/base/fix-cm.sty
Package: fix-cm 2020/11/24 v1.1t fixes to LaTeX
 (d:/texlive/2025/texmf-dist/tex/latex/base/ts1enc.def
File: ts1enc.def 2001/06/05 v3.0e (jk/car/fm) Standard LaTeX file
LaTeX Font Info:    Redeclaring font encoding TS1 on input line 47.
))
\g__um_fam_int=\count292
\g__um_fonts_used_int=\count293
\l__um_primecount_int=\count294
\g__um_primekern_muskip=\muskip18
 (d:/texlive/2025/texmf-dist/tex/latex/unicode-math/unicode-math-table.tex))) (d:/texlive/2025/texmf-dist/tex/latex/lm/lmodern.sty
Package: lmodern 2015/05/01 v1.6.1 Latin Modern Fonts
LaTeX Font Info:    Overwriting symbol font `operators' in version `normal'
(Font)                  OT1/cmr/m/n --> OT1/lmr/m/n on input line 22.
LaTeX Font Info:    Overwriting symbol font `letters' in version `normal'
(Font)                  OML/cmm/m/it --> OML/lmm/m/it on input line 23.
LaTeX Font Info:    Overwriting symbol font `symbols' in version `normal'
(Font)                  OMS/cmsy/m/n --> OMS/lmsy/m/n on input line 24.
LaTeX Font Info:    Overwriting symbol font `largesymbols' in version `normal'
(Font)                  OMX/cmex/m/n --> OMX/lmex/m/n on input line 25.
LaTeX Font Info:    Overwriting symbol font `operators' in version `bold'
(Font)                  OT1/cmr/bx/n --> OT1/lmr/bx/n on input line 26.
LaTeX Font Info:    Overwriting symbol font `letters' in version `bold'
(Font)                  OML/cmm/b/it --> OML/lmm/b/it on input line 27.
LaTeX Font Info:    Overwriting symbol font `symbols' in version `bold'
(Font)                  OMS/cmsy/b/n --> OMS/lmsy/b/n on input line 28.
LaTeX Font Info:    Overwriting symbol font `largesymbols' in version `bold'
(Font)                  OMX/cmex/m/n --> OMX/lmex/m/n on input line 29.
LaTeX Font Info:    Overwriting math alphabet `\mathbf' in version `normal'
(Font)                  OT1/cmr/bx/n --> OT1/lmr/bx/n on input line 31.
LaTeX Font Info:    Overwriting math alphabet `\mathsf' in version `normal'
(Font)                  OT1/cmss/m/n --> OT1/lmss/m/n on input line 32.
LaTeX Font Info:    Overwriting math alphabet `\mathit' in version `normal'
(Font)                  OT1/cmr/m/it --> OT1/lmr/m/it on input line 33.
LaTeX Font Info:    Overwriting math alphabet `\mathtt' in version `normal'
(Font)                  OT1/cmtt/m/n --> OT1/lmtt/m/n on input line 34.
LaTeX Font Info:    Overwriting math alphabet `\mathbf' in version `bold'
(Font)                  OT1/cmr/bx/n --> OT1/lmr/bx/n on input line 35.
LaTeX Font Info:    Overwriting math alphabet `\mathsf' in version `bold'
(Font)                  OT1/cmss/bx/n --> OT1/lmss/bx/n on input line 36.
LaTeX Font Info:    Overwriting math alphabet `\mathit' in version `bold'
(Font)                  OT1/cmr/bx/it --> OT1/lmr/bx/it on input line 37.
LaTeX Font Info:    Overwriting math alphabet `\mathtt' in version `bold'
(Font)                  OT1/cmtt/m/n --> OT1/lmtt/m/n on input line 38.
) (d:/texlive/2025/texmf-dist/tex/latex/upquote/upquote.sty
Package: upquote 2012/04/19 v1.3 upright-quote and grave-accent glyphs in verbatim
 (d:/texlive/2025/texmf-dist/tex/latex/base/textcomp.sty
Package: textcomp 2024/04/24 v2.1b Standard LaTeX package
)) (d:/texlive/2025/texmf-dist/tex/latex/microtype/microtype.sty
Package: microtype 2025/02/11 v3.2a Micro-typographical refinements (RS)
 (d:/texlive/2025/texmf-dist/tex/latex/graphics/keyval.sty
Package: keyval 2022/05/29 v1.15 key=value parser (DPC)
\KV@toks@=\toks22
) (d:/texlive/2025/texmf-dist/tex/latex/etoolbox/etoolbox.sty
Package: etoolbox 2025/02/11 v2.5l e-TeX tools for LaTeX (JAW)
\etb@tempcnta=\count295
)
\MT@toks=\toks23
\MT@tempbox=\box55
\MT@count=\count296
LaTeX Info: Redefining \noprotrusionifhmode on input line 1087.
LaTeX Info: Redefining \leftprotrusion on input line 1088.
\MT@prot@toks=\toks24
LaTeX Info: Redefining \rightprotrusion on input line 1107.
LaTeX Info: Redefining \textls on input line 1449.
\MT@outer@kern=\dimen154
LaTeX Info: Redefining \microtypecontext on input line 2053.
LaTeX Info: Redefining \textmicrotypecontext on input line 2070.
\MT@listname@count=\count297
 (d:/texlive/2025/texmf-dist/tex/latex/microtype/microtype-xetex.def
File: microtype-xetex.def 2025/02/11 v3.2a Definitions specific to xetex (RS)
LaTeX Info: Redefining \lsstyle on input line 443.
LaTeX Info: Redefining \lslig on input line 451.
\MT@outer@space=\skip54
)
Package microtype Info: Loading configuration file microtype.cfg.
 (d:/texlive/2025/texmf-dist/tex/latex/microtype/microtype.cfg
File: microtype.cfg 2025/02/11 v3.2a microtype main configuration file (RS)
)
LaTeX Info: Redefining \microtypesetup on input line 3065.
) (d:/texlive/2025/texmf-dist/tex/latex/parskip/parskip.sty
Package: parskip 2021-03-14 v2.0h non-zero parskip adjustments
 (d:/texlive/2025/texmf-dist/tex/latex/kvoptions/kvoptions.sty
Package: kvoptions 2022-06-15 v3.15 Key value format for package options (HO)
 (d:/texlive/2025/texmf-dist/tex/generic/ltxcmds/ltxcmds.sty
Package: ltxcmds 2023-12-04 v1.26 LaTeX kernel commands for general use (HO)
) (d:/texlive/2025/texmf-dist/tex/latex/kvsetkeys/kvsetkeys.sty
Package: kvsetkeys 2022-10-05 v1.19 Key value parser (HO)
))) (d:/texlive/2025/texmf-dist/tex/latex/bookmark/bookmark.sty
Package: bookmark 2023-12-10 v1.31 PDF bookmarks (HO)
 (d:/texlive/2025/texmf-dist/tex/latex/hyperref/hyperref.sty
Package: hyperref 2024-11-05 v7.01l Hypertext links for LaTeX
 (d:/texlive/2025/texmf-dist/tex/generic/kvdefinekeys/kvdefinekeys.sty
Package: kvdefinekeys 2019-12-19 v1.6 Define keys (HO)
) (d:/texlive/2025/texmf-dist/tex/generic/pdfescape/pdfescape.sty
Package: pdfescape 2019/12/09 v1.15 Implements pdfTeX's escape features (HO)
 (d:/texlive/2025/texmf-dist/tex/generic/pdftexcmds/pdftexcmds.sty
Package: pdftexcmds 2020-06-27 v0.33 Utility functions of pdfTeX for LuaTeX (HO)
 (d:/texlive/2025/texmf-dist/tex/generic/infwarerr/infwarerr.sty
Package: infwarerr 2019/12/03 v1.5 Providing info/warning/error messages (HO)
)
Package pdftexcmds Info: \pdf@primitive is available.
Package pdftexcmds Info: \pdf@ifprimitive is available.
Package pdftexcmds Info: \pdfdraftmode not found.
)) (d:/texlive/2025/texmf-dist/tex/latex/hycolor/hycolor.sty
Package: hycolor 2020-01-27 v1.10 Color options for hyperref/bookmark (HO)
) (d:/texlive/2025/texmf-dist/tex/latex/hyperref/nameref.sty
Package: nameref 2023-11-26 v2.56 Cross-referencing by name of section
 (d:/texlive/2025/texmf-dist/tex/latex/refcount/refcount.sty
Package: refcount 2019/12/15 v3.6 Data extraction from label references (HO)
) (d:/texlive/2025/texmf-dist/tex/generic/gettitlestring/gettitlestring.sty
Package: gettitlestring 2019/12/15 v1.6 Cleanup title references (HO)
)
\c@section@level=\count298
) (d:/texlive/2025/texmf-dist/tex/generic/stringenc/stringenc.sty
Package: stringenc 2019/11/29 v1.12 Convert strings between diff. encodings (HO)
)
\@linkdim=\dimen155
\Hy@linkcounter=\count299
\Hy@pagecounter=\count300
 (d:/texlive/2025/texmf-dist/tex/latex/hyperref/pd1enc.def
File: pd1enc.def 2024-11-05 v7.01l Hyperref: PDFDocEncoding definition (HO)
) (d:/texlive/2025/texmf-dist/tex/generic/intcalc/intcalc.sty
Package: intcalc 2019/12/15 v1.3 Expandable calculations with integers (HO)
)
\Hy@SavedSpaceFactor=\count301
 (d:/texlive/2025/texmf-dist/tex/latex/hyperref/puenc.def
File: puenc.def 2024-11-05 v7.01l Hyperref: PDF Unicode definition (HO)
)
Package hyperref Info: Option `unicode' set `true' on input line 4040.
Package hyperref Info: Hyper figures OFF on input line 4157.
Package hyperref Info: Link nesting OFF on input line 4162.
Package hyperref Info: Hyper index ON on input line 4165.
Package hyperref Info: Plain pages OFF on input line 4172.
Package hyperref Info: Backreferencing OFF on input line 4177.
Package hyperref Info: Implicit mode ON; LaTeX internals redefined.
Package hyperref Info: Bookmarks ON on input line 4424.
\c@Hy@tempcnt=\count302
 (d:/texlive/2025/texmf-dist/tex/latex/url/url.sty
\Urlmuskip=\muskip19
Package: url 2013/09/16  ver 3.4  Verb mode for urls, etc.
)
LaTeX Info: Redefining \url on input line 4763.
\XeTeXLinkMargin=\dimen156
 (d:/texlive/2025/texmf-dist/tex/generic/bitset/bitset.sty
Package: bitset 2019/12/09 v1.3 Handle bit-vector datatype (HO)
 (d:/texlive/2025/texmf-dist/tex/generic/bigintcalc/bigintcalc.sty
Package: bigintcalc 2019/12/15 v1.5 Expandable calculations on big integers (HO)
))
\Fld@menulength=\count303
\Field@Width=\dimen157
\Fld@charsize=\dimen158
Package hyperref Info: Hyper figures OFF on input line 6042.
Package hyperref Info: Link nesting OFF on input line 6047.
Package hyperref Info: Hyper index ON on input line 6050.
Package hyperref Info: backreferencing OFF on input line 6057.
Package hyperref Info: Link coloring OFF on input line 6062.
Package hyperref Info: Link coloring with OCG OFF on input line 6067.
Package hyperref Info: PDF/A mode OFF on input line 6072.
 (d:/texlive/2025/texmf-dist/tex/latex/base/atbegshi-ltx.sty
Package: atbegshi-ltx 2021/01/10 v1.0c Emulation of the original atbegshi
package with kernel methods
)
\Hy@abspage=\count304
\c@Item=\count305
\c@Hfootnote=\count306
)
Package hyperref Info: Driver (autodetected): hxetex.
 (d:/texlive/2025/texmf-dist/tex/latex/hyperref/hxetex.def
File: hxetex.def 2024-11-05 v7.01l Hyperref driver for XeTeX
\pdfm@box=\box56
\c@Hy@AnnotLevel=\count307
\HyField@AnnotCount=\count308
\Fld@listcount=\count309
\c@bookmark@seq@number=\count310
 (d:/texlive/2025/texmf-dist/tex/latex/rerunfilecheck/rerunfilecheck.sty
Package: rerunfilecheck 2022-07-10 v1.10 Rerun checks for auxiliary files (HO)
 (d:/texlive/2025/texmf-dist/tex/latex/base/atveryend-ltx.sty
Package: atveryend-ltx 2020/08/19 v1.0a Emulation of the original atveryend package
with kernel methods
) (d:/texlive/2025/texmf-dist/tex/generic/uniquecounter/uniquecounter.sty
Package: uniquecounter 2019/12/15 v1.4 Provide unlimited unique counter (HO)
)
Package uniquecounter Info: New unique counter `rerunfilecheck' on input line 285.
)
\Hy@SectionHShift=\skip55
) (d:/texlive/2025/texmf-dist/tex/latex/bookmark/bkm-dvipdfm.def
File: bkm-dvipdfm.def 2023-12-10 v1.31 bookmark driver for dvipdfm (HO)
\BKM@id=\count311
)) (d:/texlive/2025/texmf-dist/tex/latex/xurl/xurl.sty
Package: xurl 2022/01/09 v 0.10 modify URL breaks
) (./七篇文章的一些思考（待补充）.aux)
\openout1 = `七篇文章的一些思考（待补充）.aux'.

LaTeX Font Info:    Checking defaults for OML/cmm/m/it on input line 52.
LaTeX Font Info:    ... okay on input line 52.
LaTeX Font Info:    Checking defaults for OMS/cmsy/m/n on input line 52.
LaTeX Font Info:    ... okay on input line 52.
LaTeX Font Info:    Checking defaults for OT1/cmr/m/n on input line 52.
LaTeX Font Info:    ... okay on input line 52.
LaTeX Font Info:    Checking defaults for T1/cmr/m/n on input line 52.
LaTeX Font Info:    ... okay on input line 52.
LaTeX Font Info:    Checking defaults for TS1/cmr/m/n on input line 52.
LaTeX Font Info:    ... okay on input line 52.
LaTeX Font Info:    Checking defaults for TU/lmr/m/n on input line 52.
LaTeX Font Info:    ... okay on input line 52.
LaTeX Font Info:    Checking defaults for OMX/cmex/m/n on input line 52.
LaTeX Font Info:    ... okay on input line 52.
LaTeX Font Info:    Checking defaults for U/cmr/m/n on input line 52.
LaTeX Font Info:    ... okay on input line 52.
LaTeX Font Info:    Checking defaults for PD1/pdf/m/n on input line 52.
LaTeX Font Info:    ... okay on input line 52.
LaTeX Font Info:    Checking defaults for PU/pdf/m/n on input line 52.
LaTeX Font Info:    ... okay on input line 52.
LaTeX Font Info:    Overwriting math alphabet `\mathrm' in version `normal'
(Font)                  OT1/lmr/m/n --> TU/lmr/m/n on input line 52.
LaTeX Font Info:    Overwriting math alphabet `\mathit' in version `normal'
(Font)                  OT1/lmr/m/it --> TU/lmr/m/it on input line 52.
LaTeX Font Info:    Overwriting math alphabet `\mathbf' in version `normal'
(Font)                  OT1/lmr/bx/n --> TU/lmr/bx/n on input line 52.
LaTeX Font Info:    Overwriting math alphabet `\mathsf' in version `normal'
(Font)                  OT1/lmss/m/n --> TU/lmss/m/n on input line 52.
LaTeX Font Info:    Overwriting math alphabet `\mathsf' in version `bold'
(Font)                  OT1/lmss/bx/n --> TU/lmss/bx/n on input line 52.
LaTeX Font Info:    Overwriting math alphabet `\mathtt' in version `normal'
(Font)                  OT1/lmtt/m/n --> TU/lmtt/m/n on input line 52.
LaTeX Font Info:    Overwriting math alphabet `\mathtt' in version `bold'
(Font)                  OT1/lmtt/m/n --> TU/lmtt/bx/n on input line 52.

Package fontspec Info: 
(fontspec)             latinmodern-math scale = 0.9999964596882403.


Package fontspec Info: 
(fontspec)             latinmodern-math scale = 0.9999964596882403.


Package fontspec Info: 
(fontspec)             latinmodern-math scale = 0.9999964596882403.


Package fontspec Info: 
(fontspec)             Font family 'latinmodern-math.otf(0)' created for font
(fontspec)             'latinmodern-math.otf' with options
(fontspec)             [Scale=MatchLowercase,BoldItalicFont={},ItalicFont={},SmallCapsFont={},Script=Math,BoldFont={latinmodern-math.otf}].
(fontspec)              
(fontspec)              This font family consists of the following NFSS
(fontspec)             series/shapes:
(fontspec)              
(fontspec)             - 'normal' (m/n) with NFSS spec.:
(fontspec)             <->s*[0.9999964596882403]"[latinmodern-math.otf]/OT:script=math;language=dflt;"
(fontspec)             - 'bold' (b/n) with NFSS spec.:
(fontspec)             <->s*[0.9999964596882403]"[latinmodern-math.otf]/OT:script=math;language=dflt;"

LaTeX Font Info:    Font shape `TU/latinmodern-math.otf(0)/m/n' will be
(Font)              scaled to size 10.0pt on input line 52.

Package fontspec Info: 
(fontspec)             latinmodern-math scale = 0.9999964596882403.


Package fontspec Info: 
(fontspec)             latinmodern-math scale = 0.9999964596882403.


Package fontspec Info: 
(fontspec)             latinmodern-math scale = 0.9999964596882403.


Package fontspec Info: 
(fontspec)             latinmodern-math scale = 0.9999964596882403.


Package fontspec Info: 
(fontspec)             latinmodern-math scale = 0.9999964596882403.


Package fontspec Info: 
(fontspec)             Font family 'latinmodern-math.otf(1)' created for font
(fontspec)             'latinmodern-math.otf' with options
(fontspec)             [Scale=MatchLowercase,BoldItalicFont={},ItalicFont={},SmallCapsFont={},Script=Math,SizeFeatures={{Size=8.5-},{Size=6-8.5,Font=latinmodern-math.otf,Style=MathScript},{Size=-6,Font=latinmodern-math.otf,Style=MathScriptScript}},BoldFont={latinmodern-math.otf}].
(fontspec)              
(fontspec)              This font family consists of the following NFSS
(fontspec)             series/shapes:
(fontspec)              
(fontspec)             - 'normal' (m/n) with NFSS spec.:
(fontspec)             <8.5->s*[0.9999964596882403]"[latinmodern-math.otf]/OT:script=math;language=dflt;"<6-8.5>s*[0.9999964596882403]"[latinmodern-math.otf]/OT:script=math;language=dflt;+ssty=0;"<-6>s*[0.9999964596882403]"[latinmodern-math.otf]/OT:script=math;language=dflt;+ssty=1;"
(fontspec)             - 'bold' (b/n) with NFSS spec.:
(fontspec)             <->s*[0.9999964596882403]"[latinmodern-math.otf]/OT:script=math;language=dflt;"

LaTeX Font Info:    Font shape `TU/latinmodern-math.otf(1)/m/n' will be
(Font)              scaled to size 10.0pt on input line 52.
LaTeX Font Info:    Encoding `OT1' has changed to `TU' for symbol font
(Font)              `operators' in the math version `normal' on input line 52.
LaTeX Font Info:    Overwriting symbol font `operators' in version `normal'
(Font)                  OT1/lmr/m/n --> TU/latinmodern-math.otf(1)/m/n on input line 52.
LaTeX Font Info:    Encoding `OT1' has changed to `TU' for symbol font
(Font)              `operators' in the math version `bold' on input line 52.
LaTeX Font Info:    Overwriting symbol font `operators' in version `bold'
(Font)                  OT1/lmr/bx/n --> TU/latinmodern-math.otf(1)/b/n on input line 52.

Package fontspec Info: 
(fontspec)             latinmodern-math scale = 0.9999964596882403.


Package fontspec Info: 
(fontspec)             latinmodern-math scale = 1.000096459334209.


Package fontspec Info: 
(fontspec)             latinmodern-math scale = 0.9999964596882403.


Package fontspec Info: 
(fontspec)             latinmodern-math scale = 1.000096459334209.


Package fontspec Info: 
(fontspec)             latinmodern-math scale = 0.9999964596882403.


Package fontspec Info: 
(fontspec)             latinmodern-math scale = 1.000096459334209.


Package fontspec Info: 
(fontspec)             latinmodern-math scale = 0.9999964596882403.


Package fontspec Info: 
(fontspec)             latinmodern-math scale = 1.000096459334209.


Package fontspec Info: 
(fontspec)             latinmodern-math scale = 0.9999964596882403.


Package fontspec Info: 
(fontspec)             latinmodern-math scale = 1.000096459334209.


Package fontspec Info: 
(fontspec)             Font family 'latinmodern-math.otf(2)' created for font
(fontspec)             'latinmodern-math.otf' with options
(fontspec)             [Scale=MatchLowercase,BoldItalicFont={},ItalicFont={},SmallCapsFont={},Script=Math,SizeFeatures={{Size=8.5-},{Size=6-8.5,Font=latinmodern-math.otf,Style=MathScript},{Size=-6,Font=latinmodern-math.otf,Style=MathScriptScript}},BoldFont={latinmodern-math.otf},ScaleAgain=1.0001,FontAdjustment={\fontdimen
(fontspec)             8\font =6.77pt\relax \fontdimen 9\font =3.94pt\relax
(fontspec)             \fontdimen 10\font =4.44pt\relax \fontdimen 11\font
(fontspec)             =6.86pt\relax \fontdimen 12\font =3.45pt\relax
(fontspec)             \fontdimen 13\font =3.63pt\relax \fontdimen 14\font
(fontspec)             =3.63pt\relax \fontdimen 15\font =2.89pt\relax
(fontspec)             \fontdimen 16\font =2.47pt\relax \fontdimen 17\font
(fontspec)             =2.47pt\relax \fontdimen 18\font =2.5pt\relax
(fontspec)             \fontdimen 19\font =2.0pt\relax \fontdimen 22\font
(fontspec)             =2.5pt\relax \fontdimen 20\font =0pt\relax \fontdimen
(fontspec)             21\font =0pt\relax }].
(fontspec)              
(fontspec)              This font family consists of the following NFSS
(fontspec)             series/shapes:
(fontspec)              
(fontspec)             - 'normal' (m/n) with NFSS spec.:
(fontspec)             <8.5->s*[1.000096459334209]"[latinmodern-math.otf]/OT:script=math;language=dflt;"<6-8.5>s*[1.000096459334209]"[latinmodern-math.otf]/OT:script=math;language=dflt;+ssty=0;"<-6>s*[1.000096459334209]"[latinmodern-math.otf]/OT:script=math;language=dflt;+ssty=1;"
(fontspec)             - 'bold' (b/n) with NFSS spec.:
(fontspec)             <->s*[1.000096459334209]"[latinmodern-math.otf]/OT:script=math;language=dflt;"

LaTeX Font Info:    Encoding `OMS' has changed to `TU' for symbol font
(Font)              `symbols' in the math version `normal' on input line 52.
LaTeX Font Info:    Overwriting symbol font `symbols' in version `normal'
(Font)                  OMS/lmsy/m/n --> TU/latinmodern-math.otf(2)/m/n on input line 52.
LaTeX Font Info:    Encoding `OMS' has changed to `TU' for symbol font
(Font)              `symbols' in the math version `bold' on input line 52.
LaTeX Font Info:    Overwriting symbol font `symbols' in version `bold'
(Font)                  OMS/lmsy/b/n --> TU/latinmodern-math.otf(2)/b/n on input line 52.

Package fontspec Info: 
(fontspec)             latinmodern-math scale = 0.9999964596882403.


Package fontspec Info: 
(fontspec)             latinmodern-math scale = 0.9998964600422715.


Package fontspec Info: 
(fontspec)             latinmodern-math scale = 0.9999964596882403.


Package fontspec Info: 
(fontspec)             latinmodern-math scale = 0.9998964600422715.


Package fontspec Info: 
(fontspec)             latinmodern-math scale = 0.9999964596882403.


Package fontspec Info: 
(fontspec)             latinmodern-math scale = 0.9998964600422715.


Package fontspec Info: 
(fontspec)             latinmodern-math scale = 0.9999964596882403.


Package fontspec Info: 
(fontspec)             latinmodern-math scale = 0.9998964600422715.


Package fontspec Info: 
(fontspec)             latinmodern-math scale = 0.9999964596882403.


Package fontspec Info: 
(fontspec)             latinmodern-math scale = 0.9998964600422715.


Package fontspec Info: 
(fontspec)             Font family 'latinmodern-math.otf(3)' created for font
(fontspec)             'latinmodern-math.otf' with options
(fontspec)             [Scale=MatchLowercase,BoldItalicFont={},ItalicFont={},SmallCapsFont={},Script=Math,SizeFeatures={{Size=8.5-},{Size=6-8.5,Font=latinmodern-math.otf,Style=MathScript},{Size=-6,Font=latinmodern-math.otf,Style=MathScriptScript}},BoldFont={latinmodern-math.otf},ScaleAgain=0.9999,FontAdjustment={\fontdimen
(fontspec)             8\font =0.4pt\relax \fontdimen 9\font =2.0pt\relax
(fontspec)             \fontdimen 10\font =1.67pt\relax \fontdimen 11\font
(fontspec)             =1.11pt\relax \fontdimen 12\font =6.0pt\relax
(fontspec)             \fontdimen 13\font =0pt\relax }].
(fontspec)              
(fontspec)              This font family consists of the following NFSS
(fontspec)             series/shapes:
(fontspec)              
(fontspec)             - 'normal' (m/n) with NFSS spec.:
(fontspec)             <8.5->s*[0.9998964600422715]"[latinmodern-math.otf]/OT:script=math;language=dflt;"<6-8.5>s*[0.9998964600422715]"[latinmodern-math.otf]/OT:script=math;language=dflt;+ssty=0;"<-6>s*[0.9998964600422715]"[latinmodern-math.otf]/OT:script=math;language=dflt;+ssty=1;"
(fontspec)             - 'bold' (b/n) with NFSS spec.:
(fontspec)             <->s*[0.9998964600422715]"[latinmodern-math.otf]/OT:script=math;language=dflt;"

LaTeX Font Info:    Encoding `OMX' has changed to `TU' for symbol font
(Font)              `largesymbols' in the math version `normal' on input line 52.
LaTeX Font Info:    Overwriting symbol font `largesymbols' in version `normal'
(Font)                  OMX/lmex/m/n --> TU/latinmodern-math.otf(3)/m/n on input line 52.
LaTeX Font Info:    Encoding `OMX' has changed to `TU' for symbol font
(Font)              `largesymbols' in the math version `bold' on input line 52.
LaTeX Font Info:    Overwriting symbol font `largesymbols' in version `bold'
(Font)                  OMX/lmex/m/n --> TU/latinmodern-math.otf(3)/b/n on input line 52.
LaTeX Info: Redefining \microtypecontext on input line 52.
Package microtype Info: Applying patch `item' on input line 52.
Package microtype Info: Applying patch `toc' on input line 52.
Package microtype Info: Applying patch `eqnum' on input line 52.
Package microtype Info: Applying patch `footnote' on input line 52.
Package microtype Info: Applying patch `verbatim' on input line 52.
LaTeX Info: Redefining \microtypesetup on input line 52.
Package microtype Info: Character protrusion enabled (level 2).
Package microtype Info: Using protrusion set `basicmath'.
Package microtype Info: No adjustment of tracking.
Package microtype Info: No adjustment of spacing.
Package microtype Info: No adjustment of kerning.
 (d:/texlive/2025/texmf-dist/tex/latex/microtype/mt-LatinModernRoman.cfg
File: mt-LatinModernRoman.cfg 2021/02/21 v1.1 microtype config. file: Latin Modern Roman (RS)
)
Package hyperref Info: Link coloring OFF on input line 52.

Missing character: There is no 七 (U+4E03) in font [lmroman12-bold]:mapping=tex-text;!
Missing character: There is no 篇 (U+7BC7) in font [lmroman12-bold]:mapping=tex-text;!
Missing character: There is no 文 (U+6587) in font [lmroman12-bold]:mapping=tex-text;!
Missing character: There is no 章 (U+7AE0) in font [lmroman12-bold]:mapping=tex-text;!
Missing character: There is no 的 (U+7684) in font [lmroman12-bold]:mapping=tex-text;!
Missing character: There is no 一 (U+4E00) in font [lmroman12-bold]:mapping=tex-text;!
Missing character: There is no 些 (U+4E9B) in font [lmroman12-bold]:mapping=tex-text;!
Missing character: There is no 思 (U+601D) in font [lmroman12-bold]:mapping=tex-text;!
Missing character: There is no 考 (U+8003) in font [lmroman12-bold]:mapping=tex-text;!
Missing character: There is no 阅 (U+9605) in font [lmroman12-bold]:mapping=tex-text;!
Missing character: There is no 读 (U+8BFB) in font [lmroman12-bold]:mapping=tex-text;!
Missing character: There is no 的 (U+7684) in font [lmroman12-bold]:mapping=tex-text;!
Missing character: There is no 七 (U+4E03) in font [lmroman12-bold]:mapping=tex-text;!
Missing character: There is no 篇 (U+7BC7) in font [lmroman12-bold]:mapping=tex-text;!
Missing character: There is no 文 (U+6587) in font [lmroman12-bold]:mapping=tex-text;!
Missing character: There is no 献 (U+732E) in font [lmroman12-bold]:mapping=tex-text;!
Missing character: There is no 大 (U+5927) in font [lmroman12-bold]:mapping=tex-text;!
Missing character: There is no 致 (U+81F4) in font [lmroman12-bold]:mapping=tex-text;!
Missing character: There is no 分 (U+5206) in font [lmroman12-bold]:mapping=tex-text;!
Missing character: There is no 层 (U+5C42) in font [lmroman12-bold]:mapping=tex-text;!
Missing character: There is no 定 (U+5B9A) in font [lmroman10-bold]:mapping=tex-text;!
Missing character: There is no 位 (U+4F4D) in font [lmroman10-bold]:mapping=tex-text;!
Missing character: There is no 与 (U+4E0E) in font [lmroman10-bold]:mapping=tex-text;!
Missing character: There is no 跟 (U+8DDF) in font [lmroman10-bold]:mapping=tex-text;!
Missing character: There is no 踪 (U+8E2A) in font [lmroman10-bold]:mapping=tex-text;!
Missing character: There is no （ (U+FF08) in font [lmroman10-regular]:mapping=tex-text;!
Missing character: There is no 蜂 (U+8702) in font [lmroman10-regular]:mapping=tex-text;!
Missing character: There is no 窝 (U+7A9D) in font [lmroman10-regular]:mapping=tex-text;!
Missing character: There is no 信 (U+4FE1) in font [lmroman10-regular]:mapping=tex-text;!
Missing character: There is no 号 (U+53F7) in font [lmroman10-regular]:mapping=tex-text;!
Missing character: There is no 车 (U+8F66) in font [lmroman10-regular]:mapping=tex-text;!
Missing character: There is no 载 (U+8F7D) in font [lmroman10-regular]:mapping=tex-text;!
Missing character: There is no 的 (U+7684) in font [lmroman10-regular]:mapping=tex-text;!
Missing character: There is no 手 (U+624B) in font [lmroman10-regular]:mapping=tex-text;!
Missing character: There is no 机 (U+673A) in font [lmroman10-regular]:mapping=tex-text;!
Missing character: There is no 定 (U+5B9A) in font [lmroman10-regular]:mapping=tex-text;!
Missing character: There is no 位 (U+4F4D) in font [lmroman10-regular]:mapping=tex-text;!
Missing character: There is no ） (U+FF09) in font [lmroman10-regular]:mapping=tex-text;!

Overfull \hbox (39.57pt too wide) in paragraph at lines 66--67
[]\TU/lmr/m/n/10 EasiTrack_Decimeter-Level_Indoor_Tracking_With_Graph-Based_Particle_Filtering 
 []

Missing character: There is no 高 (U+9AD8) in font [lmroman10-bold]:mapping=tex-text;!
Missing character: There is no 精 (U+7CBE) in font [lmroman10-bold]:mapping=tex-text;!
Missing character: There is no 度 (U+5EA6) in font [lmroman10-bold]:mapping=tex-text;!
Missing character: There is no 测 (U+6D4B) in font [lmroman10-bold]:mapping=tex-text;!
Missing character: There is no 距 (U+8DDD) in font [lmroman10-bold]:mapping=tex-text;!
Missing character: There is no （ (U+FF08) in font [lmroman10-regular]:mapping=tex-text;!
Missing character: There is no 载 (U+8F7D) in font [lmroman10-regular]:mapping=tex-text;!
Missing character: There is no 波 (U+6CE2) in font [lmroman10-regular]:mapping=tex-text;!
Missing character: There is no 相 (U+76F8) in font [lmroman10-regular]:mapping=tex-text;!
Missing character: There is no 位 (U+4F4D) in font [lmroman10-regular]:mapping=tex-text;!
Missing character: There is no 差 (U+5DEE) in font [lmroman10-regular]:mapping=tex-text;!
Missing character: There is no 分 (U+5206) in font [lmroman10-regular]:mapping=tex-text;!
Missing character: There is no 测 (U+6D4B) in font [lmroman10-regular]:mapping=tex-text;!
Missing character: There is no 距 (U+8DDD) in font [lmroman10-regular]:mapping=tex-text;!
Missing character: There is no ） (U+FF09) in font [lmroman10-regular]:mapping=tex-text;!

Overfull \hbox (19.64001pt too wide) in paragraph at lines 70--72
 []\TU/lmr/bx/n/10 高精度测距[] \TU/lmr/m/n/10 WiDRa\TU/lmr/m/it/10 -\TU/lmr/m/n/10 Enabling_Millimeter-Level_Differential_Ranging_Accuracy_in_Wi-
 []

Missing character: There is no 时 (U+65F6) in font [lmroman10-bold]:mapping=tex-text;!
Missing character: There is no 间 (U+95F4) in font [lmroman10-bold]:mapping=tex-text;!
Missing character: There is no 与 (U+4E0E) in font [lmroman10-bold]:mapping=tex-text;!
Missing character: There is no 行 (U+884C) in font [lmroman10-bold]:mapping=tex-text;!
Missing character: There is no 为 (U+4E3A) in font [lmroman10-bold]:mapping=tex-text;!
Missing character: There is no 的 (U+7684) in font [lmroman10-bold]:mapping=tex-text;!
Missing character: There is no 感 (U+611F) in font [lmroman10-bold]:mapping=tex-text;!
Missing character: There is no 知 (U+77E5) in font [lmroman10-bold]:mapping=tex-text;!
Missing character: There is no 跌 (U+8DCC) in font [lmroman10-bold]:mapping=tex-text;!
Missing character: There is no 倒 (U+5012) in font [lmroman10-bold]:mapping=tex-text;!

Overfull \hbox (49.26001pt too wide) in paragraph at lines 80--81
[]\TU/lmr/m/n/10 XFall_Domain_Adaptive_Wi-Fi-based_Fall_Detection_with_Cross-Modal_Supervision 
 []

Missing character: There is no 行 (U+884C) in font [lmroman10-bold]:mapping=tex-text;!
Missing character: There is no 为 (U+4E3A) in font [lmroman10-bold]:mapping=tex-text;!
Missing character: There is no 的 (U+7684) in font [lmroman10-bold]:mapping=tex-text;!
Missing character: There is no 加 (U+52A0) in font [lmroman10-bold]:mapping=tex-text;!
Missing character: There is no 密 (U+5BC6) in font [lmroman10-bold]:mapping=tex-text;!
Missing character: There is no （ (U+FF08) in font [lmroman10-bold]:mapping=tex-text;!
Missing character: There is no 安 (U+5B89) in font [lmroman10-bold]:mapping=tex-text;!
Missing character: There is no 全 (U+5168) in font [lmroman10-bold]:mapping=tex-text;!
Missing character: There is no 与 (U+4E0E) in font [lmroman10-bold]:mapping=tex-text;!
Missing character: There is no 隐 (U+9690) in font [lmroman10-bold]:mapping=tex-text;!
Missing character: There is no 私 (U+79C1) in font [lmroman10-bold]:mapping=tex-text;!
Missing character: There is no 对 (U+5BF9) in font [lmroman10-bold]:mapping=tex-text;!
Missing character: There is no 抗 (U+6297) in font [lmroman10-bold]:mapping=tex-text;!
Missing character: There is no ） (U+FF09) in font [lmroman10-bold]:mapping=tex-text;!
Missing character: There is no （ (U+FF08) in font [lmroman10-regular]:mapping=tex-text;!
Missing character: There is no 防 (U+9632) in font [lmroman10-regular]:mapping=tex-text;!
Missing character: There is no 人 (U+4EBA) in font [lmroman10-regular]:mapping=tex-text;!
Missing character: There is no 体 (U+4F53) in font [lmroman10-regular]:mapping=tex-text;!
Missing character: There is no 跟 (U+8DDF) in font [lmroman10-regular]:mapping=tex-text;!
Missing character: There is no 踪 (U+8E2A) in font [lmroman10-regular]:mapping=tex-text;!
Missing character: There is no 的 (U+7684) in font [lmroman10-regular]:mapping=tex-text;!
Missing character: There is no 物 (U+7269) in font [lmroman10-regular]:mapping=tex-text;!
Missing character: There is no 理 (U+7406) in font [lmroman10-regular]:mapping=tex-text;!
Missing character: There is no 层 (U+5C42) in font [lmroman10-regular]:mapping=tex-text;!
Missing character: There is no 加 (U+52A0) in font [lmroman10-regular]:mapping=tex-text;!
Missing character: There is no 密 (U+5BC6) in font [lmroman10-regular]:mapping=tex-text;!
Missing character: There is no ） (U+FF09) in font [lmroman10-regular]:mapping=tex-text;!

Underfull \hbox (badness 10000) in paragraph at lines 84--86
 []\TU/lmr/bx/n/10 行为的加密（安全与隐私对抗）[] \TU/lmr/m/n/10 WiShield_Privacy_against_Wi-Fi_Human_Tracking（防 Wi-Fi
 []

Missing character: There is no 在 (U+5728) in font [lmroman12-bold]:mapping=tex-text;!
Missing character: There is no 描 (U+63CF) in font [lmroman12-bold]:mapping=tex-text;!
Missing character: There is no 述 (U+8FF0) in font [lmroman12-bold]:mapping=tex-text;!
Missing character: There is no 问 (U+95EE) in font [lmroman12-bold]:mapping=tex-text;!
Missing character: There is no 题 (U+9898) in font [lmroman12-bold]:mapping=tex-text;!
Missing character: There is no 与 (U+4E0E) in font [lmroman12-bold]:mapping=tex-text;!
Missing character: There is no 解 (U+89E3) in font [lmroman12-bold]:mapping=tex-text;!
Missing character: There is no 决 (U+51B3) in font [lmroman12-bold]:mapping=tex-text;!
Missing character: There is no 问 (U+95EE) in font [lmroman12-bold]:mapping=tex-text;!
Missing character: There is no 题 (U+9898) in font [lmroman12-bold]:mapping=tex-text;!
Missing character: There is no 时 (U+65F6) in font [lmroman12-bold]:mapping=tex-text;!
Missing character: There is no 共 (U+5171) in font [lmroman12-bold]:mapping=tex-text;!
Missing character: There is no 同 (U+540C) in font [lmroman12-bold]:mapping=tex-text;!
Missing character: There is no 的 (U+7684) in font [lmroman12-bold]:mapping=tex-text;!
Missing character: There is no 语 (U+8BED) in font [lmroman12-bold]:mapping=tex-text;!
Missing character: There is no 言 (U+8A00) in font [lmroman12-bold]:mapping=tex-text;!
Missing character: There is no 感 (U+611F) in font [lmroman10-regular]:mapping=tex-text;!
Missing character: There is no 觉 (U+89C9) in font [lmroman10-regular]:mapping=tex-text;!
Missing character: There is no 通 (U+901A) in font [lmroman10-regular]:mapping=tex-text;!
Missing character: There is no 感 (U+611F) in font [lmroman10-regular]:mapping=tex-text;!
Missing character: There is no 一 (U+4E00) in font [lmroman10-regular]:mapping=tex-text;!
Missing character: There is no 体 (U+4F53) in font [lmroman10-regular]:mapping=tex-text;!
Missing character: There is no 化 (U+5316) in font [lmroman10-regular]:mapping=tex-text;!
Missing character: There is no 不 (U+4E0D) in font [lmroman10-regular]:mapping=tex-text;!
Missing character: There is no 是 (U+662F) in font [lmroman10-regular]:mapping=tex-text;!
Missing character: There is no 通 (U+901A) in font [lmroman10-regular]:mapping=tex-text;!
Missing character: There is no 信 (U+4FE1) in font [lmroman10-regular]:mapping=tex-text;!
Missing character: There is no 系 (U+7CFB) in font [lmroman10-regular]:mapping=tex-text;!
Missing character: There is no 统 (U+7EDF) in font [lmroman10-regular]:mapping=tex-text;!
Missing character: There is no 顺 (U+987A) in font [lmroman10-regular]:mapping=tex-text;!
Missing character: There is no 便 (U+4FBF) in font [lmroman10-regular]:mapping=tex-text;!
Missing character: There is no 做 (U+505A) in font [lmroman10-regular]:mapping=tex-text;!
Missing character: There is no 感 (U+611F) in font [lmroman10-regular]:mapping=tex-text;!
Missing character: There is no 知 (U+77E5) in font [lmroman10-regular]:mapping=tex-text;!
Missing character: There is no ， (U+FF0C) in font [lmroman10-regular]:mapping=tex-text;!
Missing character: There is no 而 (U+800C) in font [lmroman10-regular]:mapping=tex-text;!
Missing character: There is no 是 (U+662F) in font [lmroman10-regular]:mapping=tex-text;!
Missing character: There is no 把 (U+628A) in font [lmroman10-regular]:mapping=tex-text;!
Missing character: There is no 同 (U+540C) in font [lmroman10-regular]:mapping=tex-text;!
Missing character: There is no 一 (U+4E00) in font [lmroman10-regular]:mapping=tex-text;!
Missing character: There is no 个 (U+4E2A) in font [lmroman10-regular]:mapping=tex-text;!
Missing character: There is no 无 (U+65E0) in font [lmroman10-regular]:mapping=tex-text;!
Missing character: There is no 线 (U+7EBF) in font [lmroman10-regular]:mapping=tex-text;!
Missing character: There is no 链 (U+94FE) in font [lmroman10-regular]:mapping=tex-text;!
Missing character: There is no 路 (U+8DEF) in font [lmroman10-regular]:mapping=tex-text;!
Missing character: There is no 抽 (U+62BD) in font [lmroman10-regular]:mapping=tex-text;!
Missing character: There is no 象 (U+8C61) in font [lmroman10-regular]:mapping=tex-text;!
Missing character: There is no 成 (U+6210) in font [lmroman10-regular]:mapping=tex-text;!
Missing character: There is no 两 (U+4E24) in font [lmroman10-regular]:mapping=tex-text;!
Missing character: There is no 类 (U+7C7B) in font [lmroman10-regular]:mapping=tex-text;!
Missing character: There is no 输 (U+8F93) in font [lmroman10-regular]:mapping=tex-text;!
Missing character: There is no 出 (U+51FA) in font [lmroman10-regular]:mapping=tex-text;!
Missing character: There is no ： (U+FF1A) in font [lmroman10-regular]:mapping=tex-text;!
Missing character: There is no 通 (U+901A) in font [lmroman10-bold]:mapping=tex-text;!
Missing character: There is no 信 (U+4FE1) in font [lmroman10-bold]:mapping=tex-text;!
Missing character: There is no 通 (U+901A) in font [lmroman10-bold]:mapping=tex-text;!
Missing character: There is no 信 (U+4FE1) in font [lmroman10-bold]:mapping=tex-text;!
Missing character: There is no 通 (U+901A) in font [lmroman10-bold]:mapping=tex-text;!
Missing character: There is no 信 (U+4FE1) in font [lmroman10-bold]:mapping=tex-text;!
Missing character: There is no 输 (U+8F93) in font [lmroman10-bold]:mapping=tex-text;!
Missing character: There is no 出 (U+51FA) in font [lmroman10-bold]:mapping=tex-text;!
Missing character: There is no ： (U+FF1A) in font [lmroman10-regular]:mapping=tex-text;!
Missing character: There is no 的 (U+7684) in font [lmroman10-regular]:mapping=tex-text;!
Missing character: There is no 可 (U+53EF) in font [lmroman10-regular]:mapping=tex-text;!
Missing character: There is no 靠 (U+9760) in font [lmroman10-regular]:mapping=tex-text;!
Missing character: There is no 传 (U+4F20) in font [lmroman10-regular]:mapping=tex-text;!
Missing character: There is no 输 (U+8F93) in font [lmroman10-regular]:mapping=tex-text;!
Missing character: There is no （ (U+FF08) in font [lmroman10-regular]:mapping=tex-text;!
Missing character: There is no 吞 (U+541E) in font [lmroman10-regular]:mapping=tex-text;!
Missing character: There is no 吐 (U+5410) in font [lmroman10-regular]:mapping=tex-text;!
Missing character: There is no 、 (U+3001) in font [lmroman10-regular]:mapping=tex-text;!
Missing character: There is no 、 (U+3001) in font [lmroman10-regular]:mapping=tex-text;!
Missing character: There is no 延 (U+5EF6) in font [lmroman10-regular]:mapping=tex-text;!
Missing character: There is no 迟 (U+8FDF) in font [lmroman10-regular]:mapping=tex-text;!
Missing character: There is no 、 (U+3001) in font [lmroman10-regular]:mapping=tex-text;!
Missing character: There is no 覆 (U+8986) in font [lmroman10-regular]:mapping=tex-text;!
Missing character: There is no 盖 (U+76D6) in font [lmroman10-regular]:mapping=tex-text;!
Missing character: There is no ） (U+FF09) in font [lmroman10-regular]:mapping=tex-text;!
Missing character: There is no 感 (U+611F) in font [lmroman10-bold]:mapping=tex-text;!
Missing character: There is no 知 (U+77E5) in font [lmroman10-bold]:mapping=tex-text;!
Missing character: There is no 感 (U+611F) in font [lmroman10-bold]:mapping=tex-text;!
Missing character: There is no 知 (U+77E5) in font [lmroman10-bold]:mapping=tex-text;!
Missing character: There is no 感 (U+611F) in font [lmroman10-bold]:mapping=tex-text;!
Missing character: There is no 知 (U+77E5) in font [lmroman10-bold]:mapping=tex-text;!
Missing character: There is no 输 (U+8F93) in font [lmroman10-bold]:mapping=tex-text;!
Missing character: There is no 出 (U+51FA) in font [lmroman10-bold]:mapping=tex-text;!
Missing character: There is no ： (U+FF1A) in font [lmroman10-regular]:mapping=tex-text;!
Missing character: There is no 从 (U+4ECE) in font [lmroman10-regular]:mapping=tex-text;!
Missing character: There is no 信 (U+4FE1) in font [lmroman10-regular]:mapping=tex-text;!
Missing character: There is no 道 (U+9053) in font [lmroman10-regular]:mapping=tex-text;!
Missing character: There is no 波 (U+6CE2) in font [lmroman10-regular]:mapping=tex-text;!
Missing character: There is no 形 (U+5F62) in font [lmroman10-regular]:mapping=tex-text;!
Missing character: There is no 相 (U+76F8) in font [lmroman10-regular]:mapping=tex-text;!
Missing character: There is no 位 (U+4F4D) in font [lmroman10-regular]:mapping=tex-text;!
Missing character: There is no 多 (U+591A) in font [lmroman10-regular]:mapping=tex-text;!
Missing character: There is no 径 (U+5F84) in font [lmroman10-regular]:mapping=tex-text;!
Missing character: There is no 结 (U+7ED3) in font [lmroman10-regular]:mapping=tex-text;!
Missing character: There is no 构 (U+6784) in font [lmroman10-regular]:mapping=tex-text;!
Missing character: There is no 中 (U+4E2D) in font [lmroman10-regular]:mapping=tex-text;!
Missing character: There is no 提 (U+63D0) in font [lmroman10-regular]:mapping=tex-text;!
Missing character: There is no 取 (U+53D6) in font [lmroman10-regular]:mapping=tex-text;!
Missing character: There is no 物 (U+7269) in font [lmroman10-bold]:mapping=tex-text;!
Missing character: There is no 理 (U+7406) in font [lmroman10-bold]:mapping=tex-text;!
Missing character: There is no 状 (U+72B6) in font [lmroman10-bold]:mapping=tex-text;!
Missing character: There is no 态 (U+6001) in font [lmroman10-bold]:mapping=tex-text;!
Missing character: There is no （ (U+FF08) in font [lmroman10-regular]:mapping=tex-text;!
Missing character: There is no 位 (U+4F4D) in font [lmroman10-regular]:mapping=tex-text;!
Missing character: There is no 置 (U+7F6E) in font [lmroman10-regular]:mapping=tex-text;!
Missing character: There is no 、 (U+3001) in font [lmroman10-regular]:mapping=tex-text;!
Missing character: There is no 速 (U+901F) in font [lmroman10-regular]:mapping=tex-text;!
Missing character: There is no 度 (U+5EA6) in font [lmroman10-regular]:mapping=tex-text;!
Missing character: There is no 、 (U+3001) in font [lmroman10-regular]:mapping=tex-text;!
Missing character: There is no 动 (U+52A8) in font [lmroman10-regular]:mapping=tex-text;!
Missing character: There is no 作 (U+4F5C) in font [lmroman10-regular]:mapping=tex-text;!
Missing character: There is no 、 (U+3001) in font [lmroman10-regular]:mapping=tex-text;!
Missing character: There is no 生 (U+751F) in font [lmroman10-regular]:mapping=tex-text;!
Missing character: There is no 命 (U+547D) in font [lmroman10-regular]:mapping=tex-text;!
Missing character: There is no 体 (U+4F53) in font [lmroman10-regular]:mapping=tex-text;!
Missing character: There is no 征 (U+5F81) in font [lmroman10-regular]:mapping=tex-text;!
Missing character: There is no 等 (U+7B49) in font [lmroman10-regular]:mapping=tex-text;!
Missing character: There is no ） (U+FF09) in font [lmroman10-regular]:mapping=tex-text;!
Missing character: There is no 并 (U+5E76) in font [lmroman10-regular]:mapping=tex-text;!
Missing character: There is no 且 (U+4E14) in font [lmroman10-regular]:mapping=tex-text;!
Missing character: There is no 往 (U+5F80) in font [lmroman10-regular]:mapping=tex-text;!
Missing character: There is no 往 (U+5F80) in font [lmroman10-regular]:mapping=tex-text;!
Missing character: There is no 大 (U+5927) in font [lmroman10-regular]:mapping=tex-text;!
Missing character: There is no 多 (U+591A) in font [lmroman10-regular]:mapping=tex-text;!
Missing character: There is no 数 (U+6570) in font [lmroman10-regular]:mapping=tex-text;!
Missing character: There is no 论 (U+8BBA) in font [lmroman10-regular]:mapping=tex-text;!
Missing character: There is no 文 (U+6587) in font [lmroman10-regular]:mapping=tex-text;!
Missing character: There is no 更 (U+66F4) in font [lmroman10-regular]:mapping=tex-text;!
Missing character: There is no 加 (U+52A0) in font [lmroman10-regular]:mapping=tex-text;!
Missing character: There is no 注 (U+6CE8) in font [lmroman10-regular]:mapping=tex-text;!
Missing character: There is no 重 (U+91CD) in font [lmroman10-regular]:mapping=tex-text;!
Missing character: There is no 通 (U+901A) in font [lmroman10-regular]:mapping=tex-text;!
Missing character: There is no 信 (U+4FE1) in font [lmroman10-regular]:mapping=tex-text;!
Missing character: There is no 辅 (U+8F85) in font [lmroman10-regular]:mapping=tex-text;!
Missing character: There is no 助 (U+52A9) in font [lmroman10-regular]:mapping=tex-text;!
Missing character: There is no 感 (U+611F) in font [lmroman10-regular]:mapping=tex-text;!
Missing character: There is no 知 (U+77E5) in font [lmroman10-regular]:mapping=tex-text;!
Missing character: There is no 的 (U+7684) in font [lmroman10-regular]:mapping=tex-text;!
Missing character: There is no 优 (U+4F18) in font [lmroman10-regular]:mapping=tex-text;!
Missing character: There is no 化 (U+5316) in font [lmroman10-regular]:mapping=tex-text;!
Missing character: There is no ， (U+FF0C) in font [lmroman10-regular]:mapping=tex-text;!
Missing character: There is no 即 (U+5373) in font [lmroman10-regular]:mapping=tex-text;!
Missing character: There is no 把 (U+628A) in font [lmroman10-regular]:mapping=tex-text;!
Missing character: There is no 所 (U+6240) in font [lmroman10-regular]:mapping=tex-text;!
Missing character: There is no 有 (U+6709) in font [lmroman10-regular]:mapping=tex-text;!
Missing character: There is no 工 (U+5DE5) in font [lmroman10-regular]:mapping=tex-text;!
Missing character: There is no 作 (U+4F5C) in font [lmroman10-regular]:mapping=tex-text;!
Missing character: There is no 放 (U+653E) in font [lmroman10-regular]:mapping=tex-text;!
Missing character: There is no 进 (U+8FDB) in font [lmroman10-regular]:mapping=tex-text;!
Missing character: There is no 一 (U+4E00) in font [lmroman10-regular]:mapping=tex-text;!
Missing character: There is no 个 (U+4E2A) in font [lmroman10-regular]:mapping=tex-text;!
Missing character: There is no 统 (U+7EDF) in font [lmroman10-regular]:mapping=tex-text;!
Missing character: There is no 一 (U+4E00) in font [lmroman10-regular]:mapping=tex-text;!
Missing character: There is no 链 (U+94FE) in font [lmroman10-regular]:mapping=tex-text;!
Missing character: There is no ： (U+FF1A) in font [lmroman10-regular]:mapping=tex-text;!
Missing character: There is no 物 (U+7269) in font [lmroman10-bold]:mapping=tex-text;!
Missing character: There is no 理 (U+7406) in font [lmroman10-bold]:mapping=tex-text;!
Missing character: There is no 物 (U+7269) in font [lmroman10-bold]:mapping=tex-text;!
Missing character: There is no 理 (U+7406) in font [lmroman10-bold]:mapping=tex-text;!
Missing character: There is no 物 (U+7269) in font [lmroman10-bold]:mapping=tex-text;!
Missing character: There is no 理 (U+7406) in font [lmroman10-bold]:mapping=tex-text;!
Missing character: There is no 层 (U+5C42) in font [lmroman10-bold]:mapping=tex-text;!
Missing character: There is no 可 (U+53EF) in font [lmroman10-bold]:mapping=tex-text;!
Missing character: There is no 观 (U+89C2) in font [lmroman10-bold]:mapping=tex-text;!
Missing character: There is no 测 (U+6D4B) in font [lmroman10-bold]:mapping=tex-text;!
Missing character: There is no 量 (U+91CF) in font [lmroman10-bold]:mapping=tex-text;!
Missing character: There is no （ (U+FF08) in font [lmroman10-bold]:mapping=tex-text;!
Missing character: There is no ） (U+FF09) in font [lmroman10-bold]:mapping=tex-text;!
Missing character: There is no 幅 (U+5E45) in font [lmroman10-regular]:mapping=tex-text;!
Missing character: There is no 度 (U+5EA6) in font [lmroman10-regular]:mapping=tex-text;!
Missing character: There is no 相 (U+76F8) in font [lmroman10-regular]:mapping=tex-text;!
Missing character: There is no 位 (U+4F4D) in font [lmroman10-regular]:mapping=tex-text;!
Missing character: There is no 、 (U+3001) in font [lmroman10-regular]:mapping=tex-text;!
Missing character: There is no 多 (U+591A) in font [lmroman10-regular]:mapping=tex-text;!
Missing character: There is no 子 (U+5B50) in font [lmroman10-regular]:mapping=tex-text;!
Missing character: There is no 载 (U+8F7D) in font [lmroman10-regular]:mapping=tex-text;!
Missing character: There is no 波 (U+6CE2) in font [lmroman10-regular]:mapping=tex-text;!
Missing character: There is no 、 (U+3001) in font [lmroman10-regular]:mapping=tex-text;!
Missing character: There is no 多 (U+591A) in font [lmroman10-regular]:mapping=tex-text;!
Missing character: There is no 天 (U+5929) in font [lmroman10-regular]:mapping=tex-text;!
Missing character: There is no 线 (U+7EBF) in font [lmroman10-regular]:mapping=tex-text;!
Missing character: There is no 载 (U+8F7D) in font [lmroman10-regular]:mapping=tex-text;!
Missing character: There is no 波 (U+6CE2) in font [lmroman10-regular]:mapping=tex-text;!
Missing character: There is no 载 (U+8F7D) in font [lmroman10-regular]:mapping=tex-text;!
Missing character: There is no 波 (U+6CE2) in font [lmroman10-regular]:mapping=tex-text;!
Missing character: There is no 载 (U+8F7D) in font [lmroman10-regular]:mapping=tex-text;!
Missing character: There is no 波 (U+6CE2) in font [lmroman10-regular]:mapping=tex-text;!
Missing character: There is no 相 (U+76F8) in font [lmroman10-regular]:mapping=tex-text;!
Missing character: There is no 位 (U+4F4D) in font [lmroman10-regular]:mapping=tex-text;!
Missing character: There is no 差 (U+5DEE) in font [lmroman10-regular]:mapping=tex-text;!
Missing character: There is no （ (U+FF08) in font [lmroman10-regular]:mapping=tex-text;!
Missing character: There is no 相 (U+76F8) in font [lmroman10-regular]:mapping=tex-text;!
Missing character: There is no 位 (U+4F4D) in font [lmroman10-regular]:mapping=tex-text;!
Missing character: There is no 连 (U+8FDE) in font [lmroman10-regular]:mapping=tex-text;!
Missing character: There is no 续 (U+7EED) in font [lmroman10-regular]:mapping=tex-text;!
Missing character: There is no 性 (U+6027) in font [lmroman10-regular]:mapping=tex-text;!
Missing character: There is no 、 (U+3001) in font [lmroman10-regular]:mapping=tex-text;!
Missing character: There is no ） (U+FF09) in font [lmroman10-regular]:mapping=tex-text;!
Missing character: There is no 多 (U+591A) in font [lmroman10-regular]:mapping=tex-text;!
Missing character: There is no 径 (U+5F84) in font [lmroman10-regular]:mapping=tex-text;!
Missing character: There is no 多 (U+591A) in font [lmroman10-regular]:mapping=tex-text;!
Missing character: There is no 径 (U+5F84) in font [lmroman10-regular]:mapping=tex-text;!
Missing character: There is no 多 (U+591A) in font [lmroman10-regular]:mapping=tex-text;!
Missing character: There is no 径 (U+5F84) in font [lmroman10-regular]:mapping=tex-text;!
Missing character: There is no 轮 (U+8F6E) in font [lmroman10-regular]:mapping=tex-text;!
Missing character: There is no 廓 (U+5ED3) in font [lmroman10-regular]:mapping=tex-text;!
Missing character: There is no 剖 (U+5256) in font [lmroman10-regular]:mapping=tex-text;!
Missing character: There is no 面 (U+9762) in font [lmroman10-regular]:mapping=tex-text;!
Missing character: There is no （ (U+FF08) in font [lmroman10-regular]:mapping=tex-text;!
Missing character: There is no ） (U+FF09) in font [lmroman10-regular]:mapping=tex-text;!
Missing character: There is no 多 (U+591A) in font [lmroman10-regular]:mapping=tex-text;!
Missing character: There is no 天 (U+5929) in font [lmroman10-regular]:mapping=tex-text;!
Missing character: There is no 多 (U+591A) in font [lmroman10-regular]:mapping=tex-text;!
Missing character: There is no 天 (U+5929) in font [lmroman10-regular]:mapping=tex-text;!
Missing character: There is no 多 (U+591A) in font [lmroman10-regular]:mapping=tex-text;!
Missing character: There is no 天 (U+5929) in font [lmroman10-regular]:mapping=tex-text;!
Missing character: There is no 线 (U+7EBF) in font [lmroman10-regular]:mapping=tex-text;!
Missing character: There is no 相 (U+76F8) in font [lmroman10-regular]:mapping=tex-text;!
Missing character: There is no 位 (U+4F4D) in font [lmroman10-regular]:mapping=tex-text;!
Missing character: There is no 差 (U+5DEE) in font [lmroman10-regular]:mapping=tex-text;!
Missing character: There is no 、 (U+3001) in font [lmroman10-regular]:mapping=tex-text;!
Missing character: There is no 到 (U+5230) in font [lmroman10-regular]:mapping=tex-text;!
Missing character: There is no 达 (U+8FBE) in font [lmroman10-regular]:mapping=tex-text;!
Missing character: There is no 角 (U+89D2) in font [lmroman10-regular]:mapping=tex-text;!
Missing character: There is no 到 (U+5230) in font [lmroman10-regular]:mapping=tex-text;!
Missing character: There is no 达 (U+8FBE) in font [lmroman10-regular]:mapping=tex-text;!
Missing character: There is no 时 (U+65F6) in font [lmroman10-regular]:mapping=tex-text;!
Missing character: There is no 间 (U+95F4) in font [lmroman10-regular]:mapping=tex-text;!
Missing character: There is no （ (U+FF08) in font [lmroman10-regular]:mapping=tex-text;!
Missing character: There is no ） (U+FF09) in font [lmroman10-regular]:mapping=tex-text;!
Missing character: There is no 蜂 (U+8702) in font [lmroman10-regular]:mapping=tex-text;!
Missing character: There is no 窝 (U+7A9D) in font [lmroman10-regular]:mapping=tex-text;!
Missing character: There is no 蜂 (U+8702) in font [lmroman10-regular]:mapping=tex-text;!
Missing character: There is no 窝 (U+7A9D) in font [lmroman10-regular]:mapping=tex-text;!
Missing character: There is no 蜂 (U+8702) in font [lmroman10-regular]:mapping=tex-text;!
Missing character: There is no 窝 (U+7A9D) in font [lmroman10-regular]:mapping=tex-text;!
Missing character: There is no 上 (U+4E0A) in font [lmroman10-regular]:mapping=tex-text;!
Missing character: There is no 行 (U+884C) in font [lmroman10-regular]:mapping=tex-text;!
Missing character: There is no 信 (U+4FE1) in font [lmroman10-regular]:mapping=tex-text;!
Missing character: There is no 号 (U+53F7) in font [lmroman10-regular]:mapping=tex-text;!
Missing character: There is no 在 (U+5728) in font [lmroman10-regular]:mapping=tex-text;!
Missing character: There is no 多 (U+591A) in font [lmroman10-regular]:mapping=tex-text;!
Missing character: There is no 天 (U+5929) in font [lmroman10-regular]:mapping=tex-text;!
Missing character: There is no 线 (U+7EBF) in font [lmroman10-regular]:mapping=tex-text;!
Missing character: There is no 接 (U+63A5) in font [lmroman10-regular]:mapping=tex-text;!
Missing character: There is no 收 (U+6536) in font [lmroman10-regular]:mapping=tex-text;!
Missing character: There is no 机 (U+673A) in font [lmroman10-regular]:mapping=tex-text;!
Missing character: There is no 的 (U+7684) in font [lmroman10-regular]:mapping=tex-text;!
Missing character: There is no 相 (U+76F8) in font [lmroman10-regular]:mapping=tex-text;!
Missing character: There is no 位 (U+4F4D) in font [lmroman10-regular]:mapping=tex-text;!
Missing character: There is no 幅 (U+5E45) in font [lmroman10-regular]:mapping=tex-text;!
Missing character: There is no 度 (U+5EA6) in font [lmroman10-regular]:mapping=tex-text;!
Missing character: There is no 差 (U+5DEE) in font [lmroman10-regular]:mapping=tex-text;!
Missing character: There is no （ (U+FF08) in font [lmroman10-regular]:mapping=tex-text;!
Missing character: There is no ） (U+FF09) in font [lmroman10-regular]:mapping=tex-text;!
Missing character: There is no 中 (U+4E2D) in font [lmroman10-bold]:mapping=tex-text;!
Missing character: There is no 间 (U+95F4) in font [lmroman10-bold]:mapping=tex-text;!
Missing character: There is no 中 (U+4E2D) in font [lmroman10-bold]:mapping=tex-text;!
Missing character: There is no 间 (U+95F4) in font [lmroman10-bold]:mapping=tex-text;!
Missing character: There is no 中 (U+4E2D) in font [lmroman10-bold]:mapping=tex-text;!
Missing character: There is no 间 (U+95F4) in font [lmroman10-bold]:mapping=tex-text;!
Missing character: There is no 物 (U+7269) in font [lmroman10-bold]:mapping=tex-text;!
Missing character: There is no 理 (U+7406) in font [lmroman10-bold]:mapping=tex-text;!
Missing character: There is no 状 (U+72B6) in font [lmroman10-bold]:mapping=tex-text;!
Missing character: There is no 态 (U+6001) in font [lmroman10-bold]:mapping=tex-text;!
Missing character: There is no （ (U+FF08) in font [lmroman10-bold]:mapping=tex-text;!
Missing character: There is no ） (U+FF09) in font [lmroman10-bold]:mapping=tex-text;!
Missing character: There is no 距 (U+8DDD) in font [lmroman10-regular]:mapping=tex-text;!
Missing character: There is no 离 (U+79BB) in font [lmroman10-regular]:mapping=tex-text;!
Missing character: There is no 距 (U+8DDD) in font [lmroman10-regular]:mapping=tex-text;!
Missing character: There is no 离 (U+79BB) in font [lmroman10-regular]:mapping=tex-text;!
Missing character: There is no 距 (U+8DDD) in font [lmroman10-regular]:mapping=tex-text;!
Missing character: There is no 离 (U+79BB) in font [lmroman10-regular]:mapping=tex-text;!
Missing character: There is no 差 (U+5DEE) in font [lmroman10-regular]:mapping=tex-text;!
Missing character: There is no 分 (U+5206) in font [lmroman10-regular]:mapping=tex-text;!
Missing character: There is no 距 (U+8DDD) in font [lmroman10-regular]:mapping=tex-text;!
Missing character: There is no 离 (U+79BB) in font [lmroman10-regular]:mapping=tex-text;!
Missing character: There is no 、 (U+3001) in font [lmroman10-regular]:mapping=tex-text;!
Missing character: There is no 相 (U+76F8) in font [lmroman10-regular]:mapping=tex-text;!
Missing character: There is no 对 (U+5BF9) in font [lmroman10-regular]:mapping=tex-text;!
Missing character: There is no 位 (U+4F4D) in font [lmroman10-regular]:mapping=tex-text;!
Missing character: There is no 移 (U+79FB) in font [lmroman10-regular]:mapping=tex-text;!
Missing character: There is no 、 (U+3001) in font [lmroman10-regular]:mapping=tex-text;!
Missing character: There is no 速 (U+901F) in font [lmroman10-regular]:mapping=tex-text;!
Missing character: There is no 度 (U+5EA6) in font [lmroman10-regular]:mapping=tex-text;!
Missing character: There is no 、 (U+3001) in font [lmroman10-regular]:mapping=tex-text;!
Missing character: There is no 加 (U+52A0) in font [lmroman10-regular]:mapping=tex-text;!
Missing character: There is no 速 (U+901F) in font [lmroman10-regular]:mapping=tex-text;!
Missing character: There is no 度 (U+5EA6) in font [lmroman10-regular]:mapping=tex-text;!
Missing character: There is no （ (U+FF08) in font [lmroman10-regular]:mapping=tex-text;!
Missing character: There is no ） (U+FF09) in font [lmroman10-regular]:mapping=tex-text;!
Missing character: There is no 轨 (U+8F68) in font [lmroman10-regular]:mapping=tex-text;!
Missing character: There is no 迹 (U+8FF9) in font [lmroman10-regular]:mapping=tex-text;!
Missing character: There is no 轨 (U+8F68) in font [lmroman10-regular]:mapping=tex-text;!
Missing character: There is no 迹 (U+8FF9) in font [lmroman10-regular]:mapping=tex-text;!
Missing character: There is no 轨 (U+8F68) in font [lmroman10-regular]:mapping=tex-text;!
Missing character: There is no 迹 (U+8FF9) in font [lmroman10-regular]:mapping=tex-text;!
Missing character: There is no 图 (U+56FE) in font [lmroman10-regular]:mapping=tex-text;!
Missing character: There is no 上 (U+4E0A) in font [lmroman10-regular]:mapping=tex-text;!
Missing character: There is no 的 (U+7684) in font [lmroman10-regular]:mapping=tex-text;!
Missing character: There is no 节 (U+8282) in font [lmroman10-regular]:mapping=tex-text;!
Missing character: There is no 点 (U+70B9) in font [lmroman10-regular]:mapping=tex-text;!
Missing character: There is no 位 (U+4F4D) in font [lmroman10-regular]:mapping=tex-text;!
Missing character: There is no 置 (U+7F6E) in font [lmroman10-regular]:mapping=tex-text;!
Missing character: There is no （ (U+FF08) in font [lmroman10-regular]:mapping=tex-text;!
Missing character: There is no ） (U+FF09) in font [lmroman10-regular]:mapping=tex-text;!
Missing character: There is no 跌 (U+8DCC) in font [lmroman10-regular]:mapping=tex-text;!
Missing character: There is no 倒 (U+5012) in font [lmroman10-regular]:mapping=tex-text;!
Missing character: There is no 跌 (U+8DCC) in font [lmroman10-regular]:mapping=tex-text;!
Missing character: There is no 倒 (U+5012) in font [lmroman10-regular]:mapping=tex-text;!
Missing character: There is no 跌 (U+8DCC) in font [lmroman10-regular]:mapping=tex-text;!
Missing character: There is no 倒 (U+5012) in font [lmroman10-regular]:mapping=tex-text;!
Missing character: There is no 通 (U+901A) in font [lmroman10-regular]:mapping=tex-text;!
Missing character: There is no 用 (U+7528) in font [lmroman10-regular]:mapping=tex-text;!
Missing character: There is no 表 (U+8868) in font [lmroman10-regular]:mapping=tex-text;!
Missing character: There is no 征 (U+5F81) in font [lmroman10-regular]:mapping=tex-text;!
Missing character: There is no （ (U+FF08) in font [lmroman10-regular]:mapping=tex-text;!
Missing character: There is no 的 (U+7684) in font [lmroman10-regular]:mapping=tex-text;!
Missing character: There is no ） (U+FF09) in font [lmroman10-regular]:mapping=tex-text;!


[1

]
Missing character: There is no 任 (U+4EFB) in font [lmroman10-bold]:mapping=tex-text;!
Missing character: There is no 务 (U+52A1) in font [lmroman10-bold]:mapping=tex-text;!
Missing character: There is no 任 (U+4EFB) in font [lmroman10-bold]:mapping=tex-text;!
Missing character: There is no 务 (U+52A1) in font [lmroman10-bold]:mapping=tex-text;!
Missing character: There is no 任 (U+4EFB) in font [lmroman10-bold]:mapping=tex-text;!
Missing character: There is no 务 (U+52A1) in font [lmroman10-bold]:mapping=tex-text;!
Missing character: There is no 输 (U+8F93) in font [lmroman10-bold]:mapping=tex-text;!
Missing character: There is no 出 (U+51FA) in font [lmroman10-bold]:mapping=tex-text;!
Missing character: There is no （ (U+FF08) in font [lmroman10-bold]:mapping=tex-text;!
Missing character: There is no ） (U+FF09) in font [lmroman10-bold]:mapping=tex-text;!
Missing character: There is no 二 (U+4E8C) in font [lmroman10-regular]:mapping=tex-text;!
Missing character: There is no 分 (U+5206) in font [lmroman10-regular]:mapping=tex-text;!
Missing character: There is no 二 (U+4E8C) in font [lmroman10-regular]:mapping=tex-text;!
Missing character: There is no 分 (U+5206) in font [lmroman10-regular]:mapping=tex-text;!
Missing character: There is no 二 (U+4E8C) in font [lmroman10-regular]:mapping=tex-text;!
Missing character: There is no 分 (U+5206) in font [lmroman10-regular]:mapping=tex-text;!
Missing character: There is no 类 (U+7C7B) in font [lmroman10-regular]:mapping=tex-text;!
Missing character: There is no 多 (U+591A) in font [lmroman10-regular]:mapping=tex-text;!
Missing character: There is no 分 (U+5206) in font [lmroman10-regular]:mapping=tex-text;!
Missing character: There is no 类 (U+7C7B) in font [lmroman10-regular]:mapping=tex-text;!
Missing character: There is no （ (U+FF08) in font [lmroman10-regular]:mapping=tex-text;!
Missing character: There is no 跌 (U+8DCC) in font [lmroman10-regular]:mapping=tex-text;!
Missing character: There is no 倒 (U+5012) in font [lmroman10-regular]:mapping=tex-text;!
Missing character: There is no 检 (U+68C0) in font [lmroman10-regular]:mapping=tex-text;!
Missing character: There is no 测 (U+6D4B) in font [lmroman10-regular]:mapping=tex-text;!
Missing character: There is no 、 (U+3001) in font [lmroman10-regular]:mapping=tex-text;!
Missing character: There is no 手 (U+624B) in font [lmroman10-regular]:mapping=tex-text;!
Missing character: There is no 势 (U+52BF) in font [lmroman10-regular]:mapping=tex-text;!
Missing character: There is no ） (U+FF09) in font [lmroman10-regular]:mapping=tex-text;!
Missing character: There is no 回 (U+56DE) in font [lmroman10-regular]:mapping=tex-text;!
Missing character: There is no 归 (U+5F52) in font [lmroman10-regular]:mapping=tex-text;!
Missing character: There is no 回 (U+56DE) in font [lmroman10-regular]:mapping=tex-text;!
Missing character: There is no 归 (U+5F52) in font [lmroman10-regular]:mapping=tex-text;!
Missing character: There is no 回 (U+56DE) in font [lmroman10-regular]:mapping=tex-text;!
Missing character: There is no 归 (U+5F52) in font [lmroman10-regular]:mapping=tex-text;!
Missing character: There is no （ (U+FF08) in font [lmroman10-regular]:mapping=tex-text;!
Missing character: There is no 速 (U+901F) in font [lmroman10-regular]:mapping=tex-text;!
Missing character: There is no 度 (U+5EA6) in font [lmroman10-regular]:mapping=tex-text;!
Missing character: There is no 、 (U+3001) in font [lmroman10-regular]:mapping=tex-text;!
Missing character: There is no 距 (U+8DDD) in font [lmroman10-regular]:mapping=tex-text;!
Missing character: There is no 离 (U+79BB) in font [lmroman10-regular]:mapping=tex-text;!
Missing character: There is no ） (U+FF09) in font [lmroman10-regular]:mapping=tex-text;!
Missing character: There is no 轨 (U+8F68) in font [lmroman10-regular]:mapping=tex-text;!
Missing character: There is no 迹 (U+8FF9) in font [lmroman10-regular]:mapping=tex-text;!
Missing character: There is no 轨 (U+8F68) in font [lmroman10-regular]:mapping=tex-text;!
Missing character: There is no 迹 (U+8FF9) in font [lmroman10-regular]:mapping=tex-text;!
Missing character: There is no 轨 (U+8F68) in font [lmroman10-regular]:mapping=tex-text;!
Missing character: There is no 迹 (U+8FF9) in font [lmroman10-regular]:mapping=tex-text;!
Missing character: There is no 估 (U+4F30) in font [lmroman10-regular]:mapping=tex-text;!
Missing character: There is no 计 (U+8BA1) in font [lmroman10-regular]:mapping=tex-text;!
Missing character: There is no （ (U+FF08) in font [lmroman10-regular]:mapping=tex-text;!
Missing character: There is no ） (U+FF09) in font [lmroman10-regular]:mapping=tex-text;!
Missing character: There is no 攻 (U+653B) in font [lmroman10-regular]:mapping=tex-text;!
Missing character: There is no 防 (U+9632) in font [lmroman10-regular]:mapping=tex-text;!
Missing character: There is no 攻 (U+653B) in font [lmroman10-regular]:mapping=tex-text;!
Missing character: There is no 防 (U+9632) in font [lmroman10-regular]:mapping=tex-text;!
Missing character: There is no 攻 (U+653B) in font [lmroman10-regular]:mapping=tex-text;!
Missing character: There is no 防 (U+9632) in font [lmroman10-regular]:mapping=tex-text;!
Missing character: There is no （ (U+FF08) in font [lmroman10-regular]:mapping=tex-text;!
Missing character: There is no 窃 (U+7A83) in font [lmroman10-regular]:mapping=tex-text;!
Missing character: There is no 听 (U+542C) in font [lmroman10-regular]:mapping=tex-text;!
Missing character: There is no 成 (U+6210) in font [lmroman10-regular]:mapping=tex-text;!
Missing character: There is no 功 (U+529F) in font [lmroman10-regular]:mapping=tex-text;!
Missing character: There is no 率 (U+7387) in font [lmroman10-regular]:mapping=tex-text;!
Missing character: There is no 合 (U+5408) in font [lmroman10-regular]:mapping=tex-text;!
Missing character: There is no 法 (U+6CD5) in font [lmroman10-regular]:mapping=tex-text;!
Missing character: There is no 感 (U+611F) in font [lmroman10-regular]:mapping=tex-text;!
Missing character: There is no 知 (U+77E5) in font [lmroman10-regular]:mapping=tex-text;!
Missing character: There is no 通 (U+901A) in font [lmroman10-regular]:mapping=tex-text;!
Missing character: There is no 信 (U+4FE1) in font [lmroman10-regular]:mapping=tex-text;!
Missing character: There is no 质 (U+8D28) in font [lmroman10-regular]:mapping=tex-text;!
Missing character: There is no 量 (U+91CF) in font [lmroman10-regular]:mapping=tex-text;!
Missing character: There is no ） (U+FF09) in font [lmroman10-regular]:mapping=tex-text;!
Missing character: There is no 不 (U+4E0D) in font [lmroman10-bold]:mapping=tex-text;!
Missing character: There is no 同 (U+540C) in font [lmroman10-bold]:mapping=tex-text;!
Missing character: There is no 论 (U+8BBA) in font [lmroman10-bold]:mapping=tex-text;!
Missing character: There is no 文 (U+6587) in font [lmroman10-bold]:mapping=tex-text;!
Missing character: There is no 到 (U+5230) in font [lmroman10-bold]:mapping=tex-text;!
Missing character: There is no 底 (U+5E95) in font [lmroman10-bold]:mapping=tex-text;!
Missing character: There is no 在 (U+5728) in font [lmroman10-bold]:mapping=tex-text;!
Missing character: There is no 链 (U+94FE) in font [lmroman10-bold]:mapping=tex-text;!
Missing character: There is no 路 (U+8DEF) in font [lmroman10-bold]:mapping=tex-text;!
Missing character: There is no 哪 (U+54EA) in font [lmroman10-bold]:mapping=tex-text;!
Missing character: There is no 一 (U+4E00) in font [lmroman10-bold]:mapping=tex-text;!
Missing character: There is no 层 (U+5C42) in font [lmroman10-bold]:mapping=tex-text;!
Missing character: There is no 做 (U+505A) in font [lmroman10-bold]:mapping=tex-text;!
Missing character: There is no 文 (U+6587) in font [lmroman10-bold]:mapping=tex-text;!
Missing character: There is no 章 (U+7AE0) in font [lmroman10-bold]:mapping=tex-text;!
Missing character: There is no 是 (U+662F) in font [lmroman10-regular]:mapping=tex-text;!
Missing character: There is no 改 (U+6539) in font [lmroman10-regular]:mapping=tex-text;!
Missing character: There is no 变 (U+53D8) in font [lmroman10-regular]:mapping=tex-text;!
Missing character: There is no 可 (U+53EF) in font [lmroman10-regular]:mapping=tex-text;!
Missing character: There is no 观 (U+89C2) in font [lmroman10-regular]:mapping=tex-text;!
Missing character: There is no 测 (U+6D4B) in font [lmroman10-regular]:mapping=tex-text;!
Missing character: There is no 量 (U+91CF) in font [lmroman10-regular]:mapping=tex-text;!
Missing character: There is no ？ (U+FF1F) in font [lmroman10-regular]:mapping=tex-text;!
Missing character: There is no （ (U+FF08) in font [lmroman10-regular]:mapping=tex-text;!
Missing character: There is no ） (U+FF09) in font [lmroman10-regular]:mapping=tex-text;!
Missing character: There is no 还 (U+8FD8) in font [lmroman10-regular]:mapping=tex-text;!
Missing character: There is no 是 (U+662F) in font [lmroman10-regular]:mapping=tex-text;!
Missing character: There is no 提 (U+63D0) in font [lmroman10-regular]:mapping=tex-text;!
Missing character: There is no 升 (U+5347) in font [lmroman10-regular]:mapping=tex-text;!
Missing character: There is no 物 (U+7269) in font [lmroman10-regular]:mapping=tex-text;!
Missing character: There is no 理 (U+7406) in font [lmroman10-regular]:mapping=tex-text;!
Missing character: There is no 状 (U+72B6) in font [lmroman10-regular]:mapping=tex-text;!
Missing character: There is no 态 (U+6001) in font [lmroman10-regular]:mapping=tex-text;!
Missing character: There is no 估 (U+4F30) in font [lmroman10-regular]:mapping=tex-text;!
Missing character: There is no 计 (U+8BA1) in font [lmroman10-regular]:mapping=tex-text;!
Missing character: There is no 精 (U+7CBE) in font [lmroman10-regular]:mapping=tex-text;!
Missing character: There is no 度 (U+5EA6) in font [lmroman10-regular]:mapping=tex-text;!
Missing character: There is no ？ (U+FF1F) in font [lmroman10-regular]:mapping=tex-text;!
Missing character: There is no （ (U+FF08) in font [lmroman10-regular]:mapping=tex-text;!
Missing character: There is no ） (U+FF09) in font [lmroman10-regular]:mapping=tex-text;!
Missing character: There is no 还 (U+8FD8) in font [lmroman10-regular]:mapping=tex-text;!
Missing character: There is no 是 (U+662F) in font [lmroman10-regular]:mapping=tex-text;!
Missing character: There is no 用 (U+7528) in font [lmroman10-regular]:mapping=tex-text;!
Missing character: There is no 地 (U+5730) in font [lmroman10-regular]:mapping=tex-text;!
Missing character: There is no 图 (U+56FE) in font [lmroman10-regular]:mapping=tex-text;!
Missing character: There is no 图 (U+56FE) in font [lmroman10-regular]:mapping=tex-text;!
Missing character: There is no 学 (U+5B66) in font [lmroman10-regular]:mapping=tex-text;!
Missing character: There is no 习 (U+4E60) in font [lmroman10-regular]:mapping=tex-text;!
Missing character: There is no 把 (U+628A) in font [lmroman10-regular]:mapping=tex-text;!
Missing character: There is no 状 (U+72B6) in font [lmroman10-regular]:mapping=tex-text;!
Missing character: There is no 态 (U+6001) in font [lmroman10-regular]:mapping=tex-text;!
Missing character: There is no 约 (U+7EA6) in font [lmroman10-regular]:mapping=tex-text;!
Missing character: There is no 束 (U+675F) in font [lmroman10-regular]:mapping=tex-text;!
Missing character: There is no 住 (U+4F4F) in font [lmroman10-regular]:mapping=tex-text;!
Missing character: There is no ？ (U+FF1F) in font [lmroman10-regular]:mapping=tex-text;!
Missing character: There is no （ (U+FF08) in font [lmroman10-regular]:mapping=tex-text;!
Missing character: There is no ） (U+FF09) in font [lmroman10-regular]:mapping=tex-text;!
Missing character: There is no 还 (U+8FD8) in font [lmroman10-regular]:mapping=tex-text;!
Missing character: There is no 是 (U+662F) in font [lmroman10-regular]:mapping=tex-text;!
Missing character: There is no 做 (U+505A) in font [lmroman10-regular]:mapping=tex-text;!
Missing character: There is no 跨 (U+8DE8) in font [lmroman10-regular]:mapping=tex-text;!
Missing character: There is no 域 (U+57DF) in font [lmroman10-regular]:mapping=tex-text;!
Missing character: There is no 跨 (U+8DE8) in font [lmroman10-regular]:mapping=tex-text;!
Missing character: There is no 模 (U+6A21) in font [lmroman10-regular]:mapping=tex-text;!
Missing character: There is no 态 (U+6001) in font [lmroman10-regular]:mapping=tex-text;!
Missing character: There is no 学 (U+5B66) in font [lmroman10-regular]:mapping=tex-text;!
Missing character: There is no 习 (U+4E60) in font [lmroman10-regular]:mapping=tex-text;!
Missing character: There is no ？ (U+FF1F) in font [lmroman10-regular]:mapping=tex-text;!
Missing character: There is no （ (U+FF08) in font [lmroman10-regular]:mapping=tex-text;!
Missing character: There is no ） (U+FF09) in font [lmroman10-regular]:mapping=tex-text;!

Overfull \hbox (5.03pt too wide) in paragraph at lines 148--149
[]\TU/lmr/m/n/10 是改变可观测量？（WiShield）还是提升物理状态估计精度？（WiDRa）还是用地图/图学习把状态约束住？（EasiTrack/MINGLE）还是做跨域/跨模态学习？（XFall） 
 []

Missing character: There is no 我 (U+6211) in font [lmroman12-bold]:mapping=tex-text;!
Missing character: There is no 认 (U+8BA4) in font [lmroman12-bold]:mapping=tex-text;!
Missing character: There is no 为 (U+4E3A) in font [lmroman12-bold]:mapping=tex-text;!
Missing character: There is no 他 (U+4ED6) in font [lmroman12-bold]:mapping=tex-text;!
Missing character: There is no 们 (U+4EEC) in font [lmroman12-bold]:mapping=tex-text;!
Missing character: There is no 的 (U+7684) in font [lmroman12-bold]:mapping=tex-text;!
Missing character: There is no 共 (U+5171) in font [lmroman12-bold]:mapping=tex-text;!
Missing character: There is no 同 (U+540C) in font [lmroman12-bold]:mapping=tex-text;!
Missing character: There is no 的 (U+7684) in font [lmroman12-bold]:mapping=tex-text;!
Missing character: There is no 思 (U+601D) in font [lmroman12-bold]:mapping=tex-text;!
Missing character: There is no 考 (U+8003) in font [lmroman12-bold]:mapping=tex-text;!
Missing character: There is no 方 (U+65B9) in font [lmroman12-bold]:mapping=tex-text;!
Missing character: There is no 式 (U+5F0F) in font [lmroman12-bold]:mapping=tex-text;!
Missing character: There is no （ (U+FF08) in font [lmroman12-bold]:mapping=tex-text;!
Missing character: There is no 怎 (U+600E) in font [lmroman12-bold]:mapping=tex-text;!
Missing character: There is no 么 (U+4E48) in font [lmroman12-bold]:mapping=tex-text;!
Missing character: There is no 想 (U+60F3) in font [lmroman12-bold]:mapping=tex-text;!
Missing character: There is no 到 (U+5230) in font [lmroman12-bold]:mapping=tex-text;!
Missing character: There is no 要 (U+8981) in font [lmroman12-bold]:mapping=tex-text;!
Missing character: There is no 这 (U+8FD9) in font [lmroman12-bold]:mapping=tex-text;!
Missing character: There is no 样 (U+6837) in font [lmroman12-bold]:mapping=tex-text;!
Missing character: There is no 去 (U+53BB) in font [lmroman12-bold]:mapping=tex-text;!
Missing character: There is no 做 (U+505A) in font [lmroman12-bold]:mapping=tex-text;!
Missing character: There is no ， (U+FF0C) in font [lmroman12-bold]:mapping=tex-text;!
Missing character: There is no 这 (U+8FD9) in font [lmroman12-bold]:mapping=tex-text;!
Missing character: There is no 样 (U+6837) in font [lmroman12-bold]:mapping=tex-text;!
Missing character: There is no 去 (U+53BB) in font [lmroman12-bold]:mapping=tex-text;!
Missing character: There is no 思 (U+601D) in font [lmroman12-bold]:mapping=tex-text;!
Missing character: There is no 考 (U+8003) in font [lmroman12-bold]:mapping=tex-text;!
Missing character: There is no ） (U+FF09) in font [lmroman12-bold]:mapping=tex-text;!
Missing character: There is no 个 (U+4E2A) in font [lmroman10-regular]:mapping=tex-text;!
Missing character: There is no 人 (U+4EBA) in font [lmroman10-regular]:mapping=tex-text;!
Missing character: There is no 感 (U+611F) in font [lmroman10-regular]:mapping=tex-text;!
Missing character: There is no 觉 (U+89C9) in font [lmroman10-regular]:mapping=tex-text;!
Missing character: There is no 是 (U+662F) in font [lmroman10-regular]:mapping=tex-text;!
Missing character: There is no 都 (U+90FD) in font [lmroman10-bold]:mapping=tex-text;!
Missing character: There is no 在 (U+5728) in font [lmroman10-bold]:mapping=tex-text;!
Missing character: There is no 把 (U+628A) in font [lmroman10-bold]:mapping=tex-text;!
Missing character: There is no 可 (U+53EF) in font [lmroman10-bold]:mapping=tex-text;!
Missing character: There is no 变 (U+53D8) in font [lmroman10-bold]:mapping=tex-text;!
Missing character: There is no 的 (U+7684) in font [lmroman10-bold]:mapping=tex-text;!
Missing character: There is no 表 (U+8868) in font [lmroman10-bold]:mapping=tex-text;!
Missing character: There is no 象 (U+8C61) in font [lmroman10-bold]:mapping=tex-text;!
Missing character: There is no ， (U+FF0C) in font [lmroman10-bold]:mapping=tex-text;!
Missing character: There is no 投 (U+6295) in font [lmroman10-bold]:mapping=tex-text;!
Missing character: There is no 影 (U+5F71) in font [lmroman10-bold]:mapping=tex-text;!
Missing character: There is no 到 (U+5230) in font [lmroman10-bold]:mapping=tex-text;!
Missing character: There is no 更 (U+66F4) in font [lmroman10-bold]:mapping=tex-text;!
Missing character: There is no 稳 (U+7A33) in font [lmroman10-bold]:mapping=tex-text;!
Missing character: There is no 定 (U+5B9A) in font [lmroman10-bold]:mapping=tex-text;!
Missing character: There is no 的 (U+7684) in font [lmroman10-bold]:mapping=tex-text;!
Missing character: There is no 中 (U+4E2D) in font [lmroman10-bold]:mapping=tex-text;!
Missing character: There is no 间 (U+95F4) in font [lmroman10-bold]:mapping=tex-text;!
Missing character: There is no 层 (U+5C42) in font [lmroman10-bold]:mapping=tex-text;!
Missing character: There is no 。 (U+3002) in font [lmroman10-bold]:mapping=tex-text;!
Missing character: There is no 规 (U+89C4) in font [lmroman10-regular]:mapping=tex-text;!
Missing character: There is no 避 (U+907F) in font [lmroman10-regular]:mapping=tex-text;!
Missing character: There is no 规 (U+89C4) in font [lmroman10-regular]:mapping=tex-text;!
Missing character: There is no 避 (U+907F) in font [lmroman10-regular]:mapping=tex-text;!
Missing character: There is no 规 (U+89C4) in font [lmroman10-regular]:mapping=tex-text;!
Missing character: There is no 避 (U+907F) in font [lmroman10-regular]:mapping=tex-text;!
Missing character: There is no 的 (U+7684) in font [lmroman10-regular]:mapping=tex-text;!
Missing character: There is no 是 (U+662F) in font [lmroman10-regular]:mapping=tex-text;!
Missing character: There is no ： (U+FF1A) in font [lmroman10-regular]:mapping=tex-text;!
Missing character: There is no 直 (U+76F4) in font [lmroman10-bold]:mapping=tex-text;!
Missing character: There is no 接 (U+63A5) in font [lmroman10-bold]:mapping=tex-text;!
Missing character: There is no 用 (U+7528) in font [lmroman10-bold]:mapping=tex-text;!
Missing character: There is no 当 (U+5F53) in font [lmroman10-bold]:mapping=tex-text;!
Missing character: There is no 指 (U+6307) in font [lmroman10-bold]:mapping=tex-text;!
Missing character: There is no 纹 (U+7EB9) in font [lmroman10-bold]:mapping=tex-text;!
Missing character: There is no 特 (U+7279) in font [lmroman10-bold]:mapping=tex-text;!
Missing character: There is no 征 (U+5F81) in font [lmroman10-bold]:mapping=tex-text;!
Missing character: There is no 做 (U+505A) in font [lmroman10-bold]:mapping=tex-text;!
Missing character: There is no 任 (U+4EFB) in font [lmroman10-bold]:mapping=tex-text;!
Missing character: There is no 务 (U+52A1) in font [lmroman10-bold]:mapping=tex-text;!
Missing character: There is no 这 (U+8FD9) in font [lmroman10-regular]:mapping=tex-text;!
Missing character: There is no 种 (U+79CD) in font [lmroman10-regular]:mapping=tex-text;!
Missing character: There is no 强 (U+5F3A) in font [lmroman10-regular]:mapping=tex-text;!
Missing character: There is no 域 (U+57DF) in font [lmroman10-regular]:mapping=tex-text;!
Missing character: There is no 依 (U+4F9D) in font [lmroman10-regular]:mapping=tex-text;!
Missing character: There is no 赖 (U+8D56) in font [lmroman10-regular]:mapping=tex-text;!
Missing character: There is no 路 (U+8DEF) in font [lmroman10-regular]:mapping=tex-text;!
Missing character: There is no 线 (U+7EBF) in font [lmroman10-regular]:mapping=tex-text;!
Missing character: There is no 。 (U+3002) in font [lmroman10-regular]:mapping=tex-text;!
Missing character: There is no 指 (U+6307) in font [lmroman10-bold]:mapping=tex-text;!
Missing character: There is no 纹 (U+7EB9) in font [lmroman10-bold]:mapping=tex-text;!
Missing character: There is no ？ (U+FF1F) in font [lmroman10-bold]:mapping=tex-text;!
Missing character: There is no 本 (U+672C) in font [lmroman10-bold]:mapping=tex-text;!
Missing character: There is no 身 (U+8EAB) in font [lmroman10-bold]:mapping=tex-text;!
Missing character: There is no 就 (U+5C31) in font [lmroman10-bold]:mapping=tex-text;!
Missing character: There is no 是 (U+662F) in font [lmroman10-bold]:mapping=tex-text;!
Missing character: There is no 混 (U+6DF7) in font [lmroman10-bold]:mapping=tex-text;!
Missing character: There is no 合 (U+5408) in font [lmroman10-bold]:mapping=tex-text;!
Missing character: There is no 观 (U+89C2) in font [lmroman10-bold]:mapping=tex-text;!
Missing character: There is no 测 (U+6D4B) in font [lmroman10-bold]:mapping=tex-text;!
Missing character: There is no 不 (U+4E0D) in font [lmroman10-regular]:mapping=tex-text;!
Missing character: There is no 是 (U+662F) in font [lmroman10-regular]:mapping=tex-text;!
Missing character: There is no 世 (U+4E16) in font [lmroman10-regular]:mapping=tex-text;!
Missing character: There is no 界 (U+754C) in font [lmroman10-regular]:mapping=tex-text;!
Missing character: There is no 状 (U+72B6) in font [lmroman10-regular]:mapping=tex-text;!
Missing character: There is no 态 (U+6001) in font [lmroman10-regular]:mapping=tex-text;!
Missing character: There is no 的 (U+7684) in font [lmroman10-regular]:mapping=tex-text;!
Missing character: There is no 直 (U+76F4) in font [lmroman10-regular]:mapping=tex-text;!
Missing character: There is no 接 (U+63A5) in font [lmroman10-regular]:mapping=tex-text;!
Missing character: There is no 读 (U+8BFB) in font [lmroman10-regular]:mapping=tex-text;!
Missing character: There is no 数 (U+6570) in font [lmroman10-regular]:mapping=tex-text;!
Missing character: There is no ， (U+FF0C) in font [lmroman10-regular]:mapping=tex-text;!
Missing character: There is no 而 (U+800C) in font [lmroman10-regular]:mapping=tex-text;!
Missing character: There is no 是 (U+662F) in font [lmroman10-regular]:mapping=tex-text;!
Missing character: There is no 多 (U+591A) in font [lmroman10-bold]:mapping=tex-text;!
Missing character: There is no 径 (U+5F84) in font [lmroman10-bold]:mapping=tex-text;!
Missing character: There is no 叠 (U+53E0) in font [lmroman10-bold]:mapping=tex-text;!
Missing character: There is no 加 (U+52A0) in font [lmroman10-bold]:mapping=tex-text;!
Missing character: There is no 硬 (U+786C) in font [lmroman10-bold]:mapping=tex-text;!
Missing character: There is no 件 (U+4EF6) in font [lmroman10-bold]:mapping=tex-text;!
Missing character: There is no 误 (U+8BEF) in font [lmroman10-bold]:mapping=tex-text;!
Missing character: There is no 差 (U+5DEE) in font [lmroman10-bold]:mapping=tex-text;!
Missing character: There is no 协 (U+534F) in font [lmroman10-bold]:mapping=tex-text;!
Missing character: There is no 议 (U+8BAE) in font [lmroman10-bold]:mapping=tex-text;!
Missing character: There is no 采 (U+91C7) in font [lmroman10-bold]:mapping=tex-text;!
Missing character: There is no 样 (U+6837) in font [lmroman10-bold]:mapping=tex-text;!
Missing character: There is no 机 (U+673A) in font [lmroman10-bold]:mapping=tex-text;!
Missing character: There is no 制 (U+5236) in font [lmroman10-bold]:mapping=tex-text;!
Missing character: There is no 的 (U+7684) in font [lmroman10-regular]:mapping=tex-text;!
Missing character: There is no 结 (U+7ED3) in font [lmroman10-regular]:mapping=tex-text;!
Missing character: There is no 果 (U+679C) in font [lmroman10-regular]:mapping=tex-text;!
Missing character: There is no 。 (U+3002) in font [lmroman10-regular]:mapping=tex-text;!
Missing character: There is no 所 (U+6240) in font [lmroman10-regular]:mapping=tex-text;!
Missing character: There is no 以 (U+4EE5) in font [lmroman10-regular]:mapping=tex-text;!
Missing character: There is no 就 (U+5C31) in font [lmroman10-regular]:mapping=tex-text;!
Missing character: There is no 算 (U+7B97) in font [lmroman10-regular]:mapping=tex-text;!
Missing character: There is no 拿 (U+62FF) in font [lmroman10-regular]:mapping=tex-text;!
Missing character: There is no 到 (U+5230) in font [lmroman10-regular]:mapping=tex-text;!
Missing character: There is no 了 (U+4E86) in font [lmroman10-regular]:mapping=tex-text;!
Missing character: There is no ， (U+FF0C) in font [lmroman10-regular]:mapping=tex-text;!
Missing character: There is no 也 (U+4E5F) in font [lmroman10-regular]:mapping=tex-text;!
Missing character: There is no 并 (U+5E76) in font [lmroman10-regular]:mapping=tex-text;!
Missing character: There is no 不 (U+4E0D) in font [lmroman10-regular]:mapping=tex-text;!
Missing character: There is no 等 (U+7B49) in font [lmroman10-regular]:mapping=tex-text;!
Missing character: There is no 于 (U+4E8E) in font [lmroman10-regular]:mapping=tex-text;!
Missing character: There is no 直 (U+76F4) in font [lmroman10-regular]:mapping=tex-text;!
Missing character: There is no 接 (U+63A5) in font [lmroman10-regular]:mapping=tex-text;!
Missing character: There is no 拥 (U+62E5) in font [lmroman10-regular]:mapping=tex-text;!
Missing character: There is no 有 (U+6709) in font [lmroman10-regular]:mapping=tex-text;!
Missing character: There is no 位 (U+4F4D) in font [lmroman10-regular]:mapping=tex-text;!
Missing character: There is no 置 (U+7F6E) in font [lmroman10-regular]:mapping=tex-text;!
Missing character: There is no 速 (U+901F) in font [lmroman10-regular]:mapping=tex-text;!
Missing character: There is no 度 (U+5EA6) in font [lmroman10-regular]:mapping=tex-text;!
Missing character: There is no 动 (U+52A8) in font [lmroman10-regular]:mapping=tex-text;!
Missing character: There is no 作 (U+4F5C) in font [lmroman10-regular]:mapping=tex-text;!
Missing character: There is no 。 (U+3002) in font [lmroman10-regular]:mapping=tex-text;!
Missing character: There is no 事 (U+4E8B) in font [lmroman10-bold]:mapping=tex-text;!
Missing character: There is no 实 (U+5B9E) in font [lmroman10-bold]:mapping=tex-text;!
Missing character: There is no 上 (U+4E0A) in font [lmroman10-bold]:mapping=tex-text;!
Missing character: There is no 有 (U+6709) in font [lmroman10-bold]:mapping=tex-text;!
Missing character: There is no 了 (U+4E86) in font [lmroman10-bold]:mapping=tex-text;!
Missing character: There is no 就 (U+5C31) in font [lmroman10-bold]:mapping=tex-text;!
Missing character: There is no 直 (U+76F4) in font [lmroman10-bold]:mapping=tex-text;!
Missing character: There is no 接 (U+63A5) in font [lmroman10-bold]:mapping=tex-text;!
Missing character: There is no 有 (U+6709) in font [lmroman10-bold]:mapping=tex-text;!
Missing character: There is no 了 (U+4E86) in font [lmroman10-bold]:mapping=tex-text;!
Missing character: There is no 所 (U+6240) in font [lmroman10-bold]:mapping=tex-text;!
Missing character: There is no 有 (U+6709) in font [lmroman10-bold]:mapping=tex-text;!
Missing character: There is no ？ (U+FF1F) in font [lmroman10-bold]:mapping=tex-text;!
Missing character: There is no 为 (U+4E3A) in font [lmroman10-bold]:mapping=tex-text;!
Missing character: There is no 什 (U+4EC0) in font [lmroman10-bold]:mapping=tex-text;!
Missing character: There is no 么 (U+4E48) in font [lmroman10-bold]:mapping=tex-text;!
Missing character: There is no 不 (U+4E0D) in font [lmroman10-bold]:mapping=tex-text;!
Missing character: There is no 成 (U+6210) in font [lmroman10-bold]:mapping=tex-text;!
Missing character: There is no 立 (U+7ACB) in font [lmroman10-bold]:mapping=tex-text;!
Missing character: There is no 是 (U+662F) in font [lmroman10-bold]:mapping=tex-text;!
Missing character: There is no 信 (U+4FE1) in font [lmroman10-bold]:mapping=tex-text;!
Missing character: There is no 道 (U+9053) in font [lmroman10-bold]:mapping=tex-text;!
Missing character: There is no 响 (U+54CD) in font [lmroman10-bold]:mapping=tex-text;!
Missing character: There is no 应 (U+5E94) in font [lmroman10-bold]:mapping=tex-text;!
Missing character: There is no ， (U+FF0C) in font [lmroman10-bold]:mapping=tex-text;!
Missing character: There is no 不 (U+4E0D) in font [lmroman10-bold]:mapping=tex-text;!
Missing character: There is no 是 (U+662F) in font [lmroman10-bold]:mapping=tex-text;!
Missing character: There is no 物 (U+7269) in font [lmroman10-bold]:mapping=tex-text;!
Missing character: There is no 体 (U+4F53) in font [lmroman10-bold]:mapping=tex-text;!
Missing character: There is no 状 (U+72B6) in font [lmroman10-bold]:mapping=tex-text;!
Missing character: There is no 态 (U+6001) in font [lmroman10-bold]:mapping=tex-text;!
Missing character: There is no 想 (U+60F3) in font [lmroman10-regular]:mapping=tex-text;!
Missing character: There is no 要 (U+8981) in font [lmroman10-regular]:mapping=tex-text;!
Missing character: There is no 的 (U+7684) in font [lmroman10-regular]:mapping=tex-text;!
Missing character: There is no 是 (U+662F) in font [lmroman10-regular]:mapping=tex-text;!
Missing character: There is no 人 (U+4EBA) in font [lmroman10-regular]:mapping=tex-text;!
Missing character: There is no 的 (U+7684) in font [lmroman10-regular]:mapping=tex-text;!
Missing character: There is no 位 (U+4F4D) in font [lmroman10-regular]:mapping=tex-text;!
Missing character: There is no 置 (U+7F6E) in font [lmroman10-regular]:mapping=tex-text;!
Missing character: There is no 速 (U+901F) in font [lmroman10-regular]:mapping=tex-text;!
Missing character: There is no 度 (U+5EA6) in font [lmroman10-regular]:mapping=tex-text;!
Missing character: There is no 姿 (U+59FF) in font [lmroman10-regular]:mapping=tex-text;!
Missing character: There is no 态 (U+6001) in font [lmroman10-regular]:mapping=tex-text;!
Missing character: There is no 轨 (U+8F68) in font [lmroman10-regular]:mapping=tex-text;!
Missing character: There is no 迹 (U+8FF9) in font [lmroman10-regular]:mapping=tex-text;!
Missing character: There is no （ (U+FF08) in font [lmroman10-regular]:mapping=tex-text;!
Missing character: There is no 状 (U+72B6) in font [lmroman10-regular]:mapping=tex-text;!
Missing character: There is no 态 (U+6001) in font [lmroman10-regular]:mapping=tex-text;!
Missing character: There is no ） (U+FF09) in font [lmroman10-regular]:mapping=tex-text;!
Missing character: There is no ， (U+FF0C) in font [lmroman10-regular]:mapping=tex-text;!
Missing character: There is no 是 (U+662F) in font [lmroman10-regular]:mapping=tex-text;!
Missing character: There is no 无 (U+65E0) in font [lmroman10-regular]:mapping=tex-text;!
Missing character: There is no 线 (U+7EBF) in font [lmroman10-regular]:mapping=tex-text;!
Missing character: There is no 传 (U+4F20) in font [lmroman10-regular]:mapping=tex-text;!
Missing character: There is no 播 (U+64AD) in font [lmroman10-regular]:mapping=tex-text;!
Missing character: There is no 的 (U+7684) in font [lmroman10-regular]:mapping=tex-text;!
Missing character: There is no 结 (U+7ED3) in font [lmroman10-regular]:mapping=tex-text;!
Missing character: There is no 果 (U+679C) in font [lmroman10-regular]:mapping=tex-text;!
Missing character: There is no （ (U+FF08) in font [lmroman10-regular]:mapping=tex-text;!
Missing character: There is no 观 (U+89C2) in font [lmroman10-regular]:mapping=tex-text;!
Missing character: There is no 测 (U+6D4B) in font [lmroman10-regular]:mapping=tex-text;!
Missing character: There is no ） (U+FF09) in font [lmroman10-regular]:mapping=tex-text;!
Missing character: There is no 。 (U+3002) in font [lmroman10-regular]:mapping=tex-text;!
Missing character: There is no 同 (U+540C) in font [lmroman10-regular]:mapping=tex-text;!
Missing character: There is no 一 (U+4E00) in font [lmroman10-regular]:mapping=tex-text;!
Missing character: There is no 个 (U+4E2A) in font [lmroman10-regular]:mapping=tex-text;!
Missing character: There is no 状 (U+72B6) in font [lmroman10-regular]:mapping=tex-text;!
Missing character: There is no 态 (U+6001) in font [lmroman10-regular]:mapping=tex-text;!
Missing character: There is no 在 (U+5728) in font [lmroman10-regular]:mapping=tex-text;!
Missing character: There is no 不 (U+4E0D) in font [lmroman10-regular]:mapping=tex-text;!
Missing character: There is no 同 (U+540C) in font [lmroman10-regular]:mapping=tex-text;!
Missing character: There is no 房 (U+623F) in font [lmroman10-regular]:mapping=tex-text;!
Missing character: There is no 间 (U+95F4) in font [lmroman10-regular]:mapping=tex-text;!
Missing character: There is no 产 (U+4EA7) in font [lmroman10-regular]:mapping=tex-text;!
Missing character: There is no 生 (U+751F) in font [lmroman10-regular]:mapping=tex-text;!
Missing character: There is no 的 (U+7684) in font [lmroman10-regular]:mapping=tex-text;!
Missing character: There is no 可 (U+53EF) in font [lmroman10-regular]:mapping=tex-text;!
Missing character: There is no 以 (U+4EE5) in font [lmroman10-regular]:mapping=tex-text;!
Missing character: There is no 差 (U+5DEE) in font [lmroman10-regular]:mapping=tex-text;!
Missing character: There is no 异 (U+5F02) in font [lmroman10-regular]:mapping=tex-text;!
Missing character: There is no 巨 (U+5DE8) in font [lmroman10-regular]:mapping=tex-text;!
Missing character: There is no 大 (U+5927) in font [lmroman10-regular]:mapping=tex-text;!
Missing character: There is no （ (U+FF08) in font [lmroman10-regular]:mapping=tex-text;!
Missing character: There is no 域 (U+57DF) in font [lmroman10-regular]:mapping=tex-text;!
Missing character: There is no 变 (U+53D8) in font [lmroman10-regular]:mapping=tex-text;!
Missing character: There is no 化 (U+5316) in font [lmroman10-regular]:mapping=tex-text;!
Missing character: There is no ） (U+FF09) in font [lmroman10-regular]:mapping=tex-text;!
Missing character: There is no ， (U+FF0C) in font [lmroman10-regular]:mapping=tex-text;!
Missing character: There is no 反 (U+53CD) in font [lmroman10-regular]:mapping=tex-text;!
Missing character: There is no 过 (U+8FC7) in font [lmroman10-regular]:mapping=tex-text;!
Missing character: There is no 来 (U+6765) in font [lmroman10-regular]:mapping=tex-text;!
Missing character: There is no 不 (U+4E0D) in font [lmroman10-regular]:mapping=tex-text;!
Missing character: There is no 同 (U+540C) in font [lmroman10-regular]:mapping=tex-text;!
Missing character: There is no 状 (U+72B6) in font [lmroman10-regular]:mapping=tex-text;!
Missing character: There is no 态 (U+6001) in font [lmroman10-regular]:mapping=tex-text;!
Missing character: There is no 也 (U+4E5F) in font [lmroman10-regular]:mapping=tex-text;!
Missing character: There is no 可 (U+53EF) in font [lmroman10-regular]:mapping=tex-text;!
Missing character: There is no 能 (U+80FD) in font [lmroman10-regular]:mapping=tex-text;!
Missing character: There is no 产 (U+4EA7) in font [lmroman10-regular]:mapping=tex-text;!
Missing character: There is no 生 (U+751F) in font [lmroman10-regular]:mapping=tex-text;!
Missing character: There is no 相 (U+76F8) in font [lmroman10-regular]:mapping=tex-text;!
Missing character: There is no 似 (U+4F3C) in font [lmroman10-regular]:mapping=tex-text;!
Missing character: There is no （ (U+FF08) in font [lmroman10-regular]:mapping=tex-text;!
Missing character: There is no 不 (U+4E0D) in font [lmroman10-regular]:mapping=tex-text;!
Missing character: There is no 可 (U+53EF) in font [lmroman10-regular]:mapping=tex-text;!
Missing character: There is no 辨 (U+8FA8) in font [lmroman10-regular]:mapping=tex-text;!
Missing character: There is no 识 (U+8BC6) in font [lmroman10-regular]:mapping=tex-text;!
Missing character: There is no 混 (U+6DF7) in font [lmroman10-regular]:mapping=tex-text;!
Missing character: There is no 叠 (U+53E0) in font [lmroman10-regular]:mapping=tex-text;!
Missing character: There is no ） (U+FF09) in font [lmroman10-regular]:mapping=tex-text;!
Missing character: There is no 。 (U+3002) in font [lmroman10-regular]:mapping=tex-text;!
Missing character: There is no 的 (U+7684) in font [lmroman10-bold]:mapping=tex-text;!
Missing character: There is no 关 (U+5173) in font [lmroman10-bold]:mapping=tex-text;!
Missing character: There is no 键 (U+952E) in font [lmroman10-bold]:mapping=tex-text;!
Missing character: There is no 可 (U+53EF) in font [lmroman10-bold]:mapping=tex-text;!
Missing character: There is no 用 (U+7528) in font [lmroman10-bold]:mapping=tex-text;!
Missing character: There is no 部 (U+90E8) in font [lmroman10-bold]:mapping=tex-text;!
Missing character: There is no 分 (U+5206) in font [lmroman10-bold]:mapping=tex-text;!
Missing character: There is no 常 (U+5E38) in font [lmroman10-bold]:mapping=tex-text;!
Missing character: There is no 常 (U+5E38) in font [lmroman10-bold]:mapping=tex-text;!
Missing character: There is no 拿 (U+62FF) in font [lmroman10-bold]:mapping=tex-text;!
Missing character: There is no 不 (U+4E0D) in font [lmroman10-bold]:mapping=tex-text;!
Missing character: There is no 到 (U+5230) in font [lmroman10-bold]:mapping=tex-text;!
Missing character: There is no 或 (U+6216) in font [lmroman10-bold]:mapping=tex-text;!
Missing character: There is no 不 (U+4E0D) in font [lmroman10-bold]:mapping=tex-text;!
Missing character: There is no 稳 (U+7A33) in font [lmroman10-bold]:mapping=tex-text;!
Missing character: There is no 定 (U+5B9A) in font [lmroman10-bold]:mapping=tex-text;!
Missing character: There is no 相 (U+76F8) in font [lmroman10-regular]:mapping=tex-text;!
Missing character: There is no 位 (U+4F4D) in font [lmroman10-regular]:mapping=tex-text;!
Missing character: There is no 相 (U+76F8) in font [lmroman10-regular]:mapping=tex-text;!
Missing character: There is no 位 (U+4F4D) in font [lmroman10-regular]:mapping=tex-text;!
Missing character: There is no 相 (U+76F8) in font [lmroman10-regular]:mapping=tex-text;!
Missing character: There is no 位 (U+4F4D) in font [lmroman10-regular]:mapping=tex-text;!
Missing character: There is no 往 (U+5F80) in font [lmroman10-regular]:mapping=tex-text;!
Missing character: There is no 往 (U+5F80) in font [lmroman10-regular]:mapping=tex-text;!
Missing character: There is no 有 (U+6709) in font [lmroman10-regular]:mapping=tex-text;!
Missing character: There is no 硬 (U+786C) in font [lmroman10-regular]:mapping=tex-text;!
Missing character: There is no 件 (U+4EF6) in font [lmroman10-regular]:mapping=tex-text;!
Missing character: There is no 引 (U+5F15) in font [lmroman10-regular]:mapping=tex-text;!
Missing character: There is no 入 (U+5165) in font [lmroman10-regular]:mapping=tex-text;!
Missing character: There is no 的 (U+7684) in font [lmroman10-regular]:mapping=tex-text;!
Missing character: There is no 相 (U+76F8) in font [lmroman10-regular]:mapping=tex-text;!
Missing character: There is no 位 (U+4F4D) in font [lmroman10-regular]:mapping=tex-text;!
Missing character: There is no 噪 (U+566A) in font [lmroman10-regular]:mapping=tex-text;!
Missing character: There is no 声 (U+58F0) in font [lmroman10-regular]:mapping=tex-text;!
Missing character: There is no ， (U+FF0C) in font [lmroman10-regular]:mapping=tex-text;!
Missing character: There is no 需 (U+9700) in font [lmroman10-regular]:mapping=tex-text;!
Missing character: There is no 要 (U+8981) in font [lmroman10-regular]:mapping=tex-text;!
Missing character: There is no 处 (U+5904) in font [lmroman10-regular]:mapping=tex-text;!
Missing character: There is no 理 (U+7406) in font [lmroman10-regular]:mapping=tex-text;!
Missing character: There is no ； (U+FF1B) in font [lmroman10-regular]:mapping=tex-text;!
Missing character: There is no 采 (U+91C7) in font [lmroman10-regular]:mapping=tex-text;!
Missing character: There is no 样 (U+6837) in font [lmroman10-regular]:mapping=tex-text;!
Missing character: There is no 采 (U+91C7) in font [lmroman10-regular]:mapping=tex-text;!
Missing character: There is no 样 (U+6837) in font [lmroman10-regular]:mapping=tex-text;!
Missing character: There is no 采 (U+91C7) in font [lmroman10-regular]:mapping=tex-text;!
Missing character: There is no 样 (U+6837) in font [lmroman10-regular]:mapping=tex-text;!
Missing character: There is no 不 (U+4E0D) in font [lmroman10-regular]:mapping=tex-text;!
Missing character: There is no 规 (U+89C4) in font [lmroman10-regular]:mapping=tex-text;!
Missing character: There is no 则 (U+5219) in font [lmroman10-regular]:mapping=tex-text;!
Missing character: There is no （ (U+FF08) in font [lmroman10-regular]:mapping=tex-text;!
Missing character: There is no 发 (U+53D1) in font [lmroman10-regular]:mapping=tex-text;!
Missing character: There is no 包 (U+5305) in font [lmroman10-regular]:mapping=tex-text;!
Missing character: There is no 间 (U+95F4) in font [lmroman10-regular]:mapping=tex-text;!
Missing character: There is no 隔 (U+9694) in font [lmroman10-regular]:mapping=tex-text;!
Missing character: There is no 抖 (U+6296) in font [lmroman10-regular]:mapping=tex-text;!
Missing character: There is no 动 (U+52A8) in font [lmroman10-regular]:mapping=tex-text;!
Missing character: There is no ） (U+FF09) in font [lmroman10-regular]:mapping=tex-text;!
Missing character: There is no 会 (U+4F1A) in font [lmroman10-regular]:mapping=tex-text;!
Missing character: There is no 破 (U+7834) in font [lmroman10-regular]:mapping=tex-text;!
Missing character: There is no 坏 (U+574F) in font [lmroman10-regular]:mapping=tex-text;!
Missing character: There is no 多 (U+591A) in font [lmroman10-regular]:mapping=tex-text;!
Missing character: There is no 普 (U+666E) in font [lmroman10-regular]:mapping=tex-text;!
Missing character: There is no 勒 (U+52D2) in font [lmroman10-regular]:mapping=tex-text;!
Missing character: There is no 相 (U+76F8) in font [lmroman10-regular]:mapping=tex-text;!
Missing character: There is no 位 (U+4F4D) in font [lmroman10-regular]:mapping=tex-text;!
Missing character: There is no 跟 (U+8DDF) in font [lmroman10-regular]:mapping=tex-text;!
Missing character: There is no 踪 (U+8E2A) in font [lmroman10-regular]:mapping=tex-text;!
Missing character: There is no ； (U+FF1B) in font [lmroman10-regular]:mapping=tex-text;!
Missing character: There is no 带 (U+5E26) in font [lmroman10-regular]:mapping=tex-text;!
Missing character: There is no 宽 (U+5BBD) in font [lmroman10-regular]:mapping=tex-text;!
Missing character: There is no 带 (U+5E26) in font [lmroman10-regular]:mapping=tex-text;!
Missing character: There is no 宽 (U+5BBD) in font [lmroman10-regular]:mapping=tex-text;!
Missing character: There is no 带 (U+5E26) in font [lmroman10-regular]:mapping=tex-text;!
Missing character: There is no 宽 (U+5BBD) in font [lmroman10-regular]:mapping=tex-text;!
Missing character: There is no 限 (U+9650) in font [lmroman10-regular]:mapping=tex-text;!
Missing character: There is no 制 (U+5236) in font [lmroman10-regular]:mapping=tex-text;!
Missing character: There is no 决 (U+51B3) in font [lmroman10-regular]:mapping=tex-text;!
Missing character: There is no 定 (U+5B9A) in font [lmroman10-regular]:mapping=tex-text;!
Missing character: There is no 分 (U+5206) in font [lmroman10-regular]:mapping=tex-text;!
Missing character: There is no 辨 (U+8FA8) in font [lmroman10-regular]:mapping=tex-text;!
Missing character: There is no 率 (U+7387) in font [lmroman10-regular]:mapping=tex-text;!
Missing character: There is no ， (U+FF0C) in font [lmroman10-regular]:mapping=tex-text;!
Missing character: There is no 天 (U+5929) in font [lmroman10-regular]:mapping=tex-text;!
Missing character: There is no 线 (U+7EBF) in font [lmroman10-regular]:mapping=tex-text;!
Missing character: There is no 数 (U+6570) in font [lmroman10-regular]:mapping=tex-text;!
Missing character: There is no 量 (U+91CF) in font [lmroman10-regular]:mapping=tex-text;!
Missing character: There is no 限 (U+9650) in font [lmroman10-regular]:mapping=tex-text;!
Missing character: There is no 制 (U+5236) in font [lmroman10-regular]:mapping=tex-text;!
Missing character: There is no 分 (U+5206) in font [lmroman10-regular]:mapping=tex-text;!
Missing character: There is no 辨 (U+8FA8) in font [lmroman10-regular]:mapping=tex-text;!
Missing character: There is no 率 (U+7387) in font [lmroman10-regular]:mapping=tex-text;!
Missing character: There is no ； (U+FF1B) in font [lmroman10-regular]:mapping=tex-text;!
Missing character: There is no 多 (U+591A) in font [lmroman10-regular]:mapping=tex-text;!
Missing character: There is no 径 (U+5F84) in font [lmroman10-regular]:mapping=tex-text;!
Missing character: There is no 多 (U+591A) in font [lmroman10-regular]:mapping=tex-text;!
Missing character: There is no 径 (U+5F84) in font [lmroman10-regular]:mapping=tex-text;!
Missing character: There is no 多 (U+591A) in font [lmroman10-regular]:mapping=tex-text;!
Missing character: There is no 径 (U+5F84) in font [lmroman10-regular]:mapping=tex-text;!
Missing character: There is no 混 (U+6DF7) in font [lmroman10-regular]:mapping=tex-text;!
Missing character: There is no 叠 (U+53E0) in font [lmroman10-regular]:mapping=tex-text;!
Missing character: There is no 会 (U+4F1A) in font [lmroman10-regular]:mapping=tex-text;!
Missing character: There is no 看 (U+770B) in font [lmroman10-regular]:mapping=tex-text;!
Missing character: There is no 到 (U+5230) in font [lmroman10-regular]:mapping=tex-text;!
Missing character: There is no 的 (U+7684) in font [lmroman10-regular]:mapping=tex-text;!
Missing character: There is no 是 (U+662F) in font [lmroman10-regular]:mapping=tex-text;!
Missing character: There is no 环 (U+73AF) in font [lmroman10-regular]:mapping=tex-text;!
Missing character: There is no 境 (U+5883) in font [lmroman10-regular]:mapping=tex-text;!
Missing character: There is no 主 (U+4E3B) in font [lmroman10-regular]:mapping=tex-text;!
Missing character: There is no 反 (U+53CD) in font [lmroman10-regular]:mapping=tex-text;!
Missing character: There is no 射 (U+5C04) in font [lmroman10-regular]:mapping=tex-text;!
Missing character: There is no 路 (U+8DEF) in font [lmroman10-regular]:mapping=tex-text;!
Missing character: There is no 径 (U+5F84) in font [lmroman10-regular]:mapping=tex-text;!
Missing character: There is no 的 (U+7684) in font [lmroman10-regular]:mapping=tex-text;!
Missing character: There is no 变 (U+53D8) in font [lmroman10-regular]:mapping=tex-text;!
Missing character: There is no 化 (U+5316) in font [lmroman10-regular]:mapping=tex-text;!
Missing character: There is no 。 (U+3002) in font [lmroman10-regular]:mapping=tex-text;!
Missing character: There is no 有 (U+6709) in font [lmroman10-bold]:mapping=tex-text;!
Missing character: There is no 也 (U+4E5F) in font [lmroman10-bold]:mapping=tex-text;!
Missing character: There is no 不 (U+4E0D) in font [lmroman10-bold]:mapping=tex-text;!
Missing character: There is no 等 (U+7B49) in font [lmroman10-bold]:mapping=tex-text;!
Missing character: There is no 于 (U+4E8E) in font [lmroman10-bold]:mapping=tex-text;!
Missing character: There is no 能 (U+80FD) in font [lmroman10-bold]:mapping=tex-text;!
Missing character: There is no 做 (U+505A) in font [lmroman10-bold]:mapping=tex-text;!
Missing character: There is no 任 (U+4EFB) in font [lmroman10-bold]:mapping=tex-text;!
Missing character: There is no 何 (U+4F55) in font [lmroman10-bold]:mapping=tex-text;!
Missing character: There is no 任 (U+4EFB) in font [lmroman10-bold]:mapping=tex-text;!
Missing character: There is no 务 (U+52A1) in font [lmroman10-bold]:mapping=tex-text;!
Missing character: There is no 不 (U+4E0D) in font [lmroman10-regular]:mapping=tex-text;!
Missing character: There is no 同 (U+540C) in font [lmroman10-regular]:mapping=tex-text;!
Missing character: There is no 任 (U+4EFB) in font [lmroman10-regular]:mapping=tex-text;!
Missing character: There is no 务 (U+52A1) in font [lmroman10-regular]:mapping=tex-text;!
Missing character: There is no 对 (U+5BF9) in font [lmroman10-regular]:mapping=tex-text;!
Missing character: There is no 信 (U+4FE1) in font [lmroman10-regular]:mapping=tex-text;!
Missing character: There is no 息 (U+606F) in font [lmroman10-regular]:mapping=tex-text;!
Missing character: There is no 粒 (U+7C92) in font [lmroman10-regular]:mapping=tex-text;!
Missing character: There is no 度 (U+5EA6) in font [lmroman10-regular]:mapping=tex-text;!
Missing character: There is no 的 (U+7684) in font [lmroman10-regular]:mapping=tex-text;!
Missing character: There is no 敏 (U+654F) in font [lmroman10-regular]:mapping=tex-text;!
Missing character: There is no 感 (U+611F) in font [lmroman10-regular]:mapping=tex-text;!
Missing character: There is no 性 (U+6027) in font [lmroman10-regular]:mapping=tex-text;!
Missing character: There is no 不 (U+4E0D) in font [lmroman10-regular]:mapping=tex-text;!
Missing character: There is no 同 (U+540C) in font [lmroman10-regular]:mapping=tex-text;!
Missing character: There is no ： (U+FF1A) in font [lmroman10-regular]:mapping=tex-text;!
Missing character: There is no 呼 (U+547C) in font [lmroman10-regular]:mapping=tex-text;!
Missing character: There is no 吸 (U+5438) in font [lmroman10-regular]:mapping=tex-text;!
Missing character: There is no 呼 (U+547C) in font [lmroman10-regular]:mapping=tex-text;!
Missing character: There is no 吸 (U+5438) in font [lmroman10-regular]:mapping=tex-text;!
Missing character: There is no 呼 (U+547C) in font [lmroman10-regular]:mapping=tex-text;!
Missing character: There is no 吸 (U+5438) in font [lmroman10-regular]:mapping=tex-text;!
Missing character: There is no 手 (U+624B) in font [lmroman10-regular]:mapping=tex-text;!
Missing character: There is no 势 (U+52BF) in font [lmroman10-regular]:mapping=tex-text;!
Missing character: There is no （ (U+FF08) in font [lmroman10-regular]:mapping=tex-text;!
Missing character: There is no 某 (U+67D0) in font [lmroman10-regular]:mapping=tex-text;!
Missing character: There is no 些 (U+4E9B) in font [lmroman10-regular]:mapping=tex-text;!
Missing character: There is no 情 (U+60C5) in font [lmroman10-regular]:mapping=tex-text;!
Missing character: There is no 况 (U+51B5) in font [lmroman10-regular]:mapping=tex-text;!
Missing character: There is no 下 (U+4E0B) in font [lmroman10-regular]:mapping=tex-text;!
Missing character: There is no ） (U+FF09) in font [lmroman10-regular]:mapping=tex-text;!
Missing character: There is no 对 (U+5BF9) in font [lmroman10-regular]:mapping=tex-text;!
Missing character: There is no 粗 (U+7C97) in font [lmroman10-regular]:mapping=tex-text;!
Missing character: There is no 粒 (U+7C92) in font [lmroman10-regular]:mapping=tex-text;!
Missing character: There is no 度 (U+5EA6) in font [lmroman10-regular]:mapping=tex-text;!
Missing character: There is no 变 (U+53D8) in font [lmroman10-regular]:mapping=tex-text;!
Missing character: There is no 化 (U+5316) in font [lmroman10-regular]:mapping=tex-text;!
Missing character: There is no 就 (U+5C31) in font [lmroman10-regular]:mapping=tex-text;!
Missing character: There is no 够 (U+591F) in font [lmroman10-regular]:mapping=tex-text;!
Missing character: There is no 连 (U+8FDE) in font [lmroman10-regular]:mapping=tex-text;!
Missing character: There is no 续 (U+7EED) in font [lmroman10-regular]:mapping=tex-text;!
Missing character: There is no 连 (U+8FDE) in font [lmroman10-regular]:mapping=tex-text;!
Missing character: There is no 续 (U+7EED) in font [lmroman10-regular]:mapping=tex-text;!
Missing character: There is no 连 (U+8FDE) in font [lmroman10-regular]:mapping=tex-text;!
Missing character: There is no 续 (U+7EED) in font [lmroman10-regular]:mapping=tex-text;!
Missing character: There is no 轨 (U+8F68) in font [lmroman10-regular]:mapping=tex-text;!
Missing character: There is no 迹 (U+8FF9) in font [lmroman10-regular]:mapping=tex-text;!
Missing character: There is no 跟 (U+8DDF) in font [lmroman10-regular]:mapping=tex-text;!
Missing character: There is no 踪 (U+8E2A) in font [lmroman10-regular]:mapping=tex-text;!
Missing character: There is no 对 (U+5BF9) in font [lmroman10-regular]:mapping=tex-text;!
Missing character: There is no 细 (U+7EC6) in font [lmroman10-regular]:mapping=tex-text;!
Missing character: There is no 粒 (U+7C92) in font [lmroman10-regular]:mapping=tex-text;!
Missing character: There is no 度 (U+5EA6) in font [lmroman10-regular]:mapping=tex-text;!
Missing character: There is no 相 (U+76F8) in font [lmroman10-regular]:mapping=tex-text;!
Missing character: There is no 位 (U+4F4D) in font [lmroman10-regular]:mapping=tex-text;!
Missing character: There is no 时 (U+65F6) in font [lmroman10-regular]:mapping=tex-text;!
Missing character: There is no 间 (U+95F4) in font [lmroman10-regular]:mapping=tex-text;!
Missing character: There is no 一 (U+4E00) in font [lmroman10-regular]:mapping=tex-text;!
Missing character: There is no 致 (U+81F4) in font [lmroman10-regular]:mapping=tex-text;!
Missing character: There is no 性 (U+6027) in font [lmroman10-regular]:mapping=tex-text;!
Missing character: There is no 极 (U+6781) in font [lmroman10-regular]:mapping=tex-text;!
Missing character: There is no 敏 (U+654F) in font [lmroman10-regular]:mapping=tex-text;!
Missing character: There is no 感 (U+611F) in font [lmroman10-regular]:mapping=tex-text;!
Missing character: There is no ， (U+FF0C) in font [lmroman10-regular]:mapping=tex-text;!
Missing character: There is no 小 (U+5C0F) in font [lmroman10-regular]:mapping=tex-text;!
Missing character: There is no 误 (U+8BEF) in font [lmroman10-regular]:mapping=tex-text;!
Missing character: There is no 差 (U+5DEE) in font [lmroman10-regular]:mapping=tex-text;!
Missing character: There is no 会 (U+4F1A) in font [lmroman10-regular]:mapping=tex-text;!
Missing character: There is no 累 (U+7D2F) in font [lmroman10-regular]:mapping=tex-text;!
Missing character: There is no 积 (U+79EF) in font [lmroman10-regular]:mapping=tex-text;!
Missing character: There is no 崩 (U+5D29) in font [lmroman10-regular]:mapping=tex-text;!
Missing character: There is no 盘 (U+76D8) in font [lmroman10-regular]:mapping=tex-text;!
Missing character: There is no 这 (U+8FD9) in font [lmroman10-regular]:mapping=tex-text;!
Missing character: There is no 也 (U+4E5F) in font [lmroman10-regular]:mapping=tex-text;!
Missing character: There is no 是 (U+662F) in font [lmroman10-regular]:mapping=tex-text;!
Missing character: There is no 为 (U+4E3A) in font [lmroman10-regular]:mapping=tex-text;!
Missing character: There is no 什 (U+4EC0) in font [lmroman10-regular]:mapping=tex-text;!
Missing character: There is no 么 (U+4E48) in font [lmroman10-regular]:mapping=tex-text;!
Missing character: There is no 一 (U+4E00) in font [lmroman10-regular]:mapping=tex-text;!
Missing character: There is no 些 (U+4E9B) in font [lmroman10-regular]:mapping=tex-text;!
Missing character: There is no 安 (U+5B89) in font [lmroman10-regular]:mapping=tex-text;!
Missing character: There is no 全 (U+5168) in font [lmroman10-regular]:mapping=tex-text;!
Missing character: There is no 扰 (U+6270) in font [lmroman10-regular]:mapping=tex-text;!
Missing character: There is no 动 (U+52A8) in font [lmroman10-regular]:mapping=tex-text;!
Missing character: There is no 机 (U+673A) in font [lmroman10-regular]:mapping=tex-text;!
Missing character: There is no 制 (U+5236) in font [lmroman10-regular]:mapping=tex-text;!
Missing character: There is no 对 (U+5BF9) in font [lmroman10-regular]:mapping=tex-text;!
Missing character: There is no 分 (U+5206) in font [lmroman10-regular]:mapping=tex-text;!
Missing character: There is no 类 (U+7C7B) in font [lmroman10-regular]:mapping=tex-text;!
Missing character: There is no 影 (U+5F71) in font [lmroman10-regular]:mapping=tex-text;!
Missing character: There is no 响 (U+54CD) in font [lmroman10-regular]:mapping=tex-text;!
Missing character: There is no 小 (U+5C0F) in font [lmroman10-regular]:mapping=tex-text;!
Missing character: There is no ， (U+FF0C) in font [lmroman10-regular]:mapping=tex-text;!
Missing character: There is no 对 (U+5BF9) in font [lmroman10-regular]:mapping=tex-text;!
Missing character: There is no 跟 (U+8DDF) in font [lmroman10-regular]:mapping=tex-text;!
Missing character: There is no 踪 (U+8E2A) in font [lmroman10-regular]:mapping=tex-text;!
Missing character: There is no 影 (U+5F71) in font [lmroman10-regular]:mapping=tex-text;!
Missing character: There is no 响 (U+54CD) in font [lmroman10-regular]:mapping=tex-text;!
Missing character: There is no 巨 (U+5DE8) in font [lmroman10-regular]:mapping=tex-text;!
Missing character: There is no 大 (U+5927) in font [lmroman10-regular]:mapping=tex-text;!
Missing character: There is no 。 (U+3002) in font [lmroman10-regular]:mapping=tex-text;!

Underfull \hbox (badness 10000) in paragraph at lines 209--210

 []

Missing character: There is no 那 (U+90A3) in font [lmroman10-bold]:mapping=tex-text;!
Missing character: There is no 么 (U+4E48) in font [lmroman10-bold]:mapping=tex-text;!
Missing character: There is no 可 (U+53EF) in font [lmroman10-bold]:mapping=tex-text;!
Missing character: There is no 否 (U+5426) in font [lmroman10-bold]:mapping=tex-text;!
Missing character: There is no 认 (U+8BA4) in font [lmroman10-bold]:mapping=tex-text;!
Missing character: There is no 为 (U+4E3A) in font [lmroman10-bold]:mapping=tex-text;!
Missing character: There is no ： (U+FF1A) in font [lmroman10-bold]:mapping=tex-text;!
Missing character: There is no 能 (U+80FD) in font [lmroman10-bold]:mapping=tex-text;!
Missing character: There is no 不 (U+4E0D) in font [lmroman10-bold]:mapping=tex-text;!
Missing character: There is no 在 (U+5728) in font [lmroman10-bold]:mapping=tex-text;!
Missing character: There is no 原 (U+539F) in font [lmroman10-bold]:mapping=tex-text;!
Missing character: There is no 始 (U+59CB) in font [lmroman10-bold]:mapping=tex-text;!
Missing character: There is no 空 (U+7A7A) in font [lmroman10-bold]:mapping=tex-text;!
Missing character: There is no 间 (U+95F4) in font [lmroman10-bold]:mapping=tex-text;!
Missing character: There is no 学 (U+5B66) in font [lmroman10-bold]:mapping=tex-text;!
Missing character: There is no 习 (U+4E60) in font [lmroman10-bold]:mapping=tex-text;!
Missing character: There is no ， (U+FF0C) in font [lmroman10-bold]:mapping=tex-text;!
Missing character: There is no 就 (U+5C31) in font [lmroman10-bold]:mapping=tex-text;!
Missing character: There is no 不 (U+4E0D) in font [lmroman10-bold]:mapping=tex-text;!
Missing character: There is no 要 (U+8981) in font [lmroman10-bold]:mapping=tex-text;!
Missing character: There is no 在 (U+5728) in font [lmroman10-bold]:mapping=tex-text;!
Missing character: There is no 原 (U+539F) in font [lmroman10-bold]:mapping=tex-text;!
Missing character: There is no 始 (U+59CB) in font [lmroman10-bold]:mapping=tex-text;!
Missing character: There is no 空 (U+7A7A) in font [lmroman10-bold]:mapping=tex-text;!
Missing character: There is no 间 (U+95F4) in font [lmroman10-bold]:mapping=tex-text;!
Missing character: There is no 学 (U+5B66) in font [lmroman10-bold]:mapping=tex-text;!
Missing character: There is no 习 (U+4E60) in font [lmroman10-bold]:mapping=tex-text;!
Missing character: There is no 这 (U+8FD9) in font [lmroman10-bold]:mapping=tex-text;!
Missing character: There is no 么 (U+4E48) in font [lmroman10-bold]:mapping=tex-text;!
Missing character: There is no 理 (U+7406) in font [lmroman10-bold]:mapping=tex-text;!
Missing character: There is no 解 (U+89E3) in font [lmroman10-bold]:mapping=tex-text;!
Missing character: There is no 对 (U+5BF9) in font [lmroman10-bold]:mapping=tex-text;!
Missing character: There is no 吗 (U+5417) in font [lmroman10-bold]:mapping=tex-text;!
Missing character: There is no 总 (U+603B) in font [lmroman10-bold]:mapping=tex-text;!
Missing character: There is no 结 (U+7ED3) in font [lmroman10-bold]:mapping=tex-text;!
Missing character: There is no ： (U+FF1A) in font [lmroman10-bold]:mapping=tex-text;!


[2]
Missing character: There is no 是 (U+662F) in font [lmroman10-bold]:mapping=tex-text;!
Missing character: There is no 通 (U+901A) in font [lmroman10-bold]:mapping=tex-text;!
Missing character: There is no 信 (U+4FE1) in font [lmroman10-bold]:mapping=tex-text;!
Missing character: There is no 可 (U+53EF) in font [lmroman10-bold]:mapping=tex-text;!
Missing character: There is no 用 (U+7528) in font [lmroman10-bold]:mapping=tex-text;!
Missing character: There is no 的 (U+7684) in font [lmroman10-bold]:mapping=tex-text;!
Missing character: There is no 观 (U+89C2) in font [lmroman10-bold]:mapping=tex-text;!
Missing character: There is no 测 (U+6D4B) in font [lmroman10-bold]:mapping=tex-text;!
Missing character: There is no ， (U+FF0C) in font [lmroman10-bold]:mapping=tex-text;!
Missing character: There is no 但 (U+4F46) in font [lmroman10-bold]:mapping=tex-text;!
Missing character: There is no 对 (U+5BF9) in font [lmroman10-bold]:mapping=tex-text;!
Missing character: There is no 感 (U+611F) in font [lmroman10-bold]:mapping=tex-text;!
Missing character: There is no 知 (U+77E5) in font [lmroman10-bold]:mapping=tex-text;!
Missing character: There is no 任 (U+4EFB) in font [lmroman10-bold]:mapping=tex-text;!
Missing character: There is no 务 (U+52A1) in font [lmroman10-bold]:mapping=tex-text;!
Missing character: There is no 可 (U+53EF) in font [lmroman10-bold]:mapping=tex-text;!
Missing character: There is no 解 (U+89E3) in font [lmroman10-bold]:mapping=tex-text;!
Missing character: There is no 的 (U+7684) in font [lmroman10-bold]:mapping=tex-text;!
Missing character: There is no 参 (U+53C2) in font [lmroman10-bold]:mapping=tex-text;!
Missing character: There is no 数 (U+6570) in font [lmroman10-bold]:mapping=tex-text;!
Missing character: There is no 往 (U+5F80) in font [lmroman10-bold]:mapping=tex-text;!
Missing character: There is no 往 (U+5F80) in font [lmroman10-bold]:mapping=tex-text;!
Missing character: There is no 是 (U+662F) in font [lmroman10-bold]:mapping=tex-text;!
Missing character: There is no 病 (U+75C5) in font [lmroman10-bold]:mapping=tex-text;!
Missing character: There is no 态 (U+6001) in font [lmroman10-bold]:mapping=tex-text;!
Missing character: There is no 不 (U+4E0D) in font [lmroman10-bold]:mapping=tex-text;!
Missing character: There is no 可 (U+53EF) in font [lmroman10-bold]:mapping=tex-text;!
Missing character: There is no 识 (U+8BC6) in font [lmroman10-bold]:mapping=tex-text;!
Missing character: There is no 别 (U+522B) in font [lmroman10-bold]:mapping=tex-text;!
Missing character: There is no 不 (U+4E0D) in font [lmroman10-bold]:mapping=tex-text;!
Missing character: There is no 稳 (U+7A33) in font [lmroman10-bold]:mapping=tex-text;!
Missing character: There is no 健 (U+5065) in font [lmroman10-bold]:mapping=tex-text;!
Missing character: There is no 的 (U+7684) in font [lmroman10-bold]:mapping=tex-text;!
Missing character: There is no ； (U+FF1B) in font [lmroman10-bold]:mapping=tex-text;!
Missing character: There is no 中 (U+4E2D) in font [lmroman10-bold]:mapping=tex-text;!
Missing character: There is no 间 (U+95F4) in font [lmroman10-bold]:mapping=tex-text;!
Missing character: There is no 表 (U+8868) in font [lmroman10-bold]:mapping=tex-text;!
Missing character: There is no 征 (U+5F81) in font [lmroman10-bold]:mapping=tex-text;!
Missing character: There is no 是 (U+662F) in font [lmroman10-bold]:mapping=tex-text;!
Missing character: There is no 把 (U+628A) in font [lmroman10-bold]:mapping=tex-text;!
Missing character: There is no 基 (U+57FA) in font [lmroman10-bold]:mapping=tex-text;!
Missing character: There is no 带 (U+5E26) in font [lmroman10-bold]:mapping=tex-text;!
Missing character: There is no 信 (U+4FE1) in font [lmroman10-bold]:mapping=tex-text;!
Missing character: There is no 号 (U+53F7) in font [lmroman10-bold]:mapping=tex-text;!
Missing character: There is no 投 (U+6295) in font [lmroman10-bold]:mapping=tex-text;!
Missing character: There is no 影 (U+5F71) in font [lmroman10-bold]:mapping=tex-text;!
Missing character: There is no 成 (U+6210) in font [lmroman10-bold]:mapping=tex-text;!
Missing character: There is no 与 (U+4E0E) in font [lmroman10-bold]:mapping=tex-text;!
Missing character: There is no 目 (U+76EE) in font [lmroman10-bold]:mapping=tex-text;!
Missing character: There is no 标 (U+6807) in font [lmroman10-bold]:mapping=tex-text;!
Missing character: There is no 强 (U+5F3A) in font [lmroman10-bold]:mapping=tex-text;!
Missing character: There is no 相 (U+76F8) in font [lmroman10-bold]:mapping=tex-text;!
Missing character: There is no 关 (U+5173) in font [lmroman10-bold]:mapping=tex-text;!
Missing character: There is no 、 (U+3001) in font [lmroman10-bold]:mapping=tex-text;!
Missing character: There is no 与 (U+4E0E) in font [lmroman10-bold]:mapping=tex-text;!
Missing character: There is no 环 (U+73AF) in font [lmroman10-bold]:mapping=tex-text;!
Missing character: There is no 境 (U+5883) in font [lmroman10-bold]:mapping=tex-text;!
Missing character: There is no 弱 (U+5F31) in font [lmroman10-bold]:mapping=tex-text;!
Missing character: There is no 相 (U+76F8) in font [lmroman10-bold]:mapping=tex-text;!
Missing character: There is no 关 (U+5173) in font [lmroman10-bold]:mapping=tex-text;!
Missing character: There is no 、 (U+3001) in font [lmroman10-bold]:mapping=tex-text;!
Missing character: There is no 可 (U+53EF) in font [lmroman10-bold]:mapping=tex-text;!
Missing character: There is no 稳 (U+7A33) in font [lmroman10-bold]:mapping=tex-text;!
Missing character: There is no 定 (U+5B9A) in font [lmroman10-bold]:mapping=tex-text;!
Missing character: There is no 估 (U+4F30) in font [lmroman10-bold]:mapping=tex-text;!
Missing character: There is no 计 (U+8BA1) in font [lmroman10-bold]:mapping=tex-text;!
Missing character: There is no 的 (U+7684) in font [lmroman10-bold]:mapping=tex-text;!
Missing character: There is no 量 (U+91CF) in font [lmroman10-bold]:mapping=tex-text;!
Missing character: There is no 。 (U+3002) in font [lmroman10-bold]:mapping=tex-text;!
Missing character: There is no 为 (U+4E3A) in font [lmroman10-bold]:mapping=tex-text;!
Missing character: There is no 什 (U+4EC0) in font [lmroman10-bold]:mapping=tex-text;!
Missing character: There is no 么 (U+4E48) in font [lmroman10-bold]:mapping=tex-text;!
Missing character: There is no 要 (U+8981) in font [lmroman10-bold]:mapping=tex-text;!
Missing character: There is no 中 (U+4E2D) in font [lmroman10-bold]:mapping=tex-text;!
Missing character: There is no 间 (U+95F4) in font [lmroman10-bold]:mapping=tex-text;!
Missing character: There is no 表 (U+8868) in font [lmroman10-bold]:mapping=tex-text;!
Missing character: There is no 征 (U+5F81) in font [lmroman10-bold]:mapping=tex-text;!
Missing character: There is no ？ (U+FF1F) in font [lmroman10-bold]:mapping=tex-text;!
Missing character: There is no 直 (U+76F4) in font [lmroman10-bold]:mapping=tex-text;!
Missing character: There is no 接 (U+63A5) in font [lmroman10-bold]:mapping=tex-text;!
Missing character: There is no 不 (U+4E0D) in font [lmroman10-bold]:mapping=tex-text;!
Missing character: There is no 可 (U+53EF) in font [lmroman10-bold]:mapping=tex-text;!
Missing character: There is no 不 (U+4E0D) in font [lmroman10-bold]:mapping=tex-text;!
Missing character: There is no 可 (U+53EF) in font [lmroman10-bold]:mapping=tex-text;!
Missing character: There is no 不 (U+4E0D) in font [lmroman10-bold]:mapping=tex-text;!
Missing character: There is no 可 (U+53EF) in font [lmroman10-bold]:mapping=tex-text;!
Missing character: There is no 观 (U+89C2) in font [lmroman10-bold]:mapping=tex-text;!
Missing character: There is no 测 (U+6D4B) in font [lmroman10-bold]:mapping=tex-text;!
Missing character: There is no 不 (U+4E0D) in font [lmroman10-bold]:mapping=tex-text;!
Missing character: There is no 可 (U+53EF) in font [lmroman10-bold]:mapping=tex-text;!
Missing character: There is no 获 (U+83B7) in font [lmroman10-bold]:mapping=tex-text;!
Missing character: There is no 得 (U+5F97) in font [lmroman10-bold]:mapping=tex-text;!
Missing character: There is no ： (U+FF1A) in font [lmroman10-regular]:mapping=tex-text;!
Missing character: There is no 在 (U+5728) in font [lmroman10-regular]:mapping=tex-text;!
Missing character: There is no 被 (U+88AB) in font [lmroman10-regular]:mapping=tex-text;!
Missing character: There is no 动 (U+52A8) in font [lmroman10-regular]:mapping=tex-text;!
Missing character: There is no 、 (U+3001) in font [lmroman10-regular]:mapping=tex-text;!
Missing character: There is no 旁 (U+65C1) in font [lmroman10-regular]:mapping=tex-text;!
Missing character: There is no 路 (U+8DEF) in font [lmroman10-regular]:mapping=tex-text;!
Missing character: There is no 、 (U+3001) in font [lmroman10-regular]:mapping=tex-text;!
Missing character: There is no 监 (U+76D1) in font [lmroman10-regular]:mapping=tex-text;!
Missing character: There is no 听 (U+542C) in font [lmroman10-regular]:mapping=tex-text;!
Missing character: There is no 式 (U+5F0F) in font [lmroman10-regular]:mapping=tex-text;!
Missing character: There is no 场 (U+573A) in font [lmroman10-regular]:mapping=tex-text;!
Missing character: There is no 景 (U+666F) in font [lmroman10-regular]:mapping=tex-text;!
Missing character: There is no ， (U+FF0C) in font [lmroman10-regular]:mapping=tex-text;!
Missing character: There is no 根 (U+6839) in font [lmroman10-regular]:mapping=tex-text;!
Missing character: There is no 本 (U+672C) in font [lmroman10-regular]:mapping=tex-text;!
Missing character: There is no 拿 (U+62FF) in font [lmroman10-regular]:mapping=tex-text;!
Missing character: There is no 不 (U+4E0D) in font [lmroman10-regular]:mapping=tex-text;!
Missing character: There is no 到 (U+5230) in font [lmroman10-regular]:mapping=tex-text;!
Missing character: There is no 可 (U+53EF) in font [lmroman10-regular]:mapping=tex-text;!
Missing character: There is no 用 (U+7528) in font [lmroman10-regular]:mapping=tex-text;!
Missing character: There is no 。 (U+3002) in font [lmroman10-regular]:mapping=tex-text;!
Missing character: There is no 作 (U+4F5C) in font [lmroman10-regular]:mapping=tex-text;!
Missing character: There is no 为 (U+4E3A) in font [lmroman10-regular]:mapping=tex-text;!
Missing character: There is no 窃 (U+7A83) in font [lmroman10-regular]:mapping=tex-text;!
Missing character: There is no 听 (U+542C) in font [lmroman10-regular]:mapping=tex-text;!
Missing character: There is no 者 (U+8005) in font [lmroman10-regular]:mapping=tex-text;!
Missing character: There is no 没 (U+6CA1) in font [lmroman10-regular]:mapping=tex-text;!
Missing character: There is no 有 (U+6709) in font [lmroman10-regular]:mapping=tex-text;!
Missing character: There is no ， (U+FF0C) in font [lmroman10-regular]:mapping=tex-text;!
Missing character: There is no 而 (U+800C) in font [lmroman10-regular]:mapping=tex-text;!
Missing character: There is no 且 (U+4E14) in font [lmroman10-regular]:mapping=tex-text;!
Missing character: There is no 还 (U+8FD8) in font [lmroman10-regular]:mapping=tex-text;!
Missing character: There is no 需 (U+9700) in font [lmroman10-regular]:mapping=tex-text;!
Missing character: There is no 要 (U+8981) in font [lmroman10-regular]:mapping=tex-text;!
Missing character: There is no 同 (U+540C) in font [lmroman10-regular]:mapping=tex-text;!
Missing character: There is no 步 (U+6B65) in font [lmroman10-regular]:mapping=tex-text;!
Missing character: There is no 、 (U+3001) in font [lmroman10-regular]:mapping=tex-text;!
Missing character: There is no 已 (U+5DF2) in font [lmroman10-regular]:mapping=tex-text;!
Missing character: There is no 知 (U+77E5) in font [lmroman10-regular]:mapping=tex-text;!
Missing character: There is no 参 (U+53C2) in font [lmroman10-regular]:mapping=tex-text;!
Missing character: There is no 考 (U+8003) in font [lmroman10-regular]:mapping=tex-text;!
Missing character: There is no 信 (U+4FE1) in font [lmroman10-regular]:mapping=tex-text;!
Missing character: There is no 号 (U+53F7) in font [lmroman10-regular]:mapping=tex-text;!
Missing character: There is no 导 (U+5BFC) in font [lmroman10-regular]:mapping=tex-text;!
Missing character: There is no 频 (U+9891) in font [lmroman10-regular]:mapping=tex-text;!
Missing character: There is no 等 (U+7B49) in font [lmroman10-regular]:mapping=tex-text;!
Missing character: There is no 条 (U+6761) in font [lmroman10-regular]:mapping=tex-text;!
Missing character: There is no 件 (U+4EF6) in font [lmroman10-regular]:mapping=tex-text;!
Missing character: There is no ， (U+FF0C) in font [lmroman10-regular]:mapping=tex-text;!
Missing character: There is no 代 (U+4EE3) in font [lmroman10-regular]:mapping=tex-text;!
Missing character: There is no 价 (U+4EF7) in font [lmroman10-regular]:mapping=tex-text;!
Missing character: There is no 大 (U+5927) in font [lmroman10-regular]:mapping=tex-text;!
Missing character: There is no 。 (U+3002) in font [lmroman10-regular]:mapping=tex-text;!
Missing character: There is no 于 (U+4E8E) in font [lmroman10-regular]:mapping=tex-text;!
Missing character: There is no 是 (U+662F) in font [lmroman10-regular]:mapping=tex-text;!
Missing character: There is no 它 (U+5B83) in font [lmroman10-regular]:mapping=tex-text;!
Missing character: There is no 直 (U+76F4) in font [lmroman10-regular]:mapping=tex-text;!
Missing character: There is no 接 (U+63A5) in font [lmroman10-regular]:mapping=tex-text;!
Missing character: There is no 用 (U+7528) in font [lmroman10-regular]:mapping=tex-text;!
Missing character: There is no 多 (U+591A) in font [lmroman10-bold]:mapping=tex-text;!
Missing character: There is no 天 (U+5929) in font [lmroman10-bold]:mapping=tex-text;!
Missing character: There is no 线 (U+7EBF) in font [lmroman10-bold]:mapping=tex-text;!
Missing character: There is no 的 (U+7684) in font [lmroman10-bold]:mapping=tex-text;!
Missing character: There is no 相 (U+76F8) in font [lmroman10-bold]:mapping=tex-text;!
Missing character: There is no 位 (U+4F4D) in font [lmroman10-bold]:mapping=tex-text;!
Missing character: There is no 差 (U+5DEE) in font [lmroman10-bold]:mapping=tex-text;!
Missing character: There is no 从 (U+4ECE) in font [lmroman10-regular]:mapping=tex-text;!
Missing character: There is no 原 (U+539F) in font [lmroman10-regular]:mapping=tex-text;!
Missing character: There is no 始 (U+59CB) in font [lmroman10-regular]:mapping=tex-text;!
Missing character: There is no 基 (U+57FA) in font [lmroman10-regular]:mapping=tex-text;!
Missing character: There is no 带 (U+5E26) in font [lmroman10-regular]:mapping=tex-text;!
Missing character: There is no 中 (U+4E2D) in font [lmroman10-regular]:mapping=tex-text;!
Missing character: There is no 提 (U+63D0) in font [lmroman10-regular]:mapping=tex-text;!
Missing character: There is no 取 (U+53D6) in font [lmroman10-regular]:mapping=tex-text;!
Missing character: There is no 定 (U+5B9A) in font [lmroman10-regular]:mapping=tex-text;!
Missing character: There is no 位 (U+4F4D) in font [lmroman10-regular]:mapping=tex-text;!
Missing character: There is no 信 (U+4FE1) in font [lmroman10-regular]:mapping=tex-text;!
Missing character: There is no 息 (U+606F) in font [lmroman10-regular]:mapping=tex-text;!
Missing character: There is no ， (U+FF0C) in font [lmroman10-regular]:mapping=tex-text;!
Missing character: There is no 避 (U+907F) in font [lmroman10-bold]:mapping=tex-text;!
Missing character: There is no 开 (U+5F00) in font [lmroman10-bold]:mapping=tex-text;!
Missing character: There is no 估 (U+4F30) in font [lmroman10-bold]:mapping=tex-text;!
Missing character: There is no 计 (U+8BA1) in font [lmroman10-bold]:mapping=tex-text;!
Missing character: There is no ： (U+FF1A) in font [lmroman10-regular]:mapping=tex-text;!
Missing character: There is no 以 (U+4EE5) in font [lmroman10-regular]:mapping=tex-text;!
Missing character: There is no 及 (U+53CA) in font [lmroman10-regular]:mapping=tex-text;!
Missing character: There is no 以 (U+4EE5) in font [lmroman10-regular]:mapping=tex-text;!
Missing character: There is no 及 (U+53CA) in font [lmroman10-regular]:mapping=tex-text;!
Missing character: There is no 以 (U+4EE5) in font [lmroman10-regular]:mapping=tex-text;!
Missing character: There is no 及 (U+53CA) in font [lmroman10-regular]:mapping=tex-text;!
Missing character: There is no 它 (U+5B83) in font [lmroman10-regular]:mapping=tex-text;!
Missing character: There is no 连 (U+8FDE) in font [lmroman10-regular]:mapping=tex-text;!
Missing character: There is no 典 (U+5178) in font [lmroman10-regular]:mapping=tex-text;!
Missing character: There is no 型 (U+578B) in font [lmroman10-regular]:mapping=tex-text;!
Missing character: There is no 接 (U+63A5) in font [lmroman10-regular]:mapping=tex-text;!
Missing character: There is no 收 (U+6536) in font [lmroman10-regular]:mapping=tex-text;!
Missing character: There is no 机 (U+673A) in font [lmroman10-regular]:mapping=tex-text;!
Missing character: There is no 的 (U+7684) in font [lmroman10-regular]:mapping=tex-text;!
Missing character: There is no 帧 (U+5E27) in font [lmroman10-regular]:mapping=tex-text;!
Missing character: There is no 检 (U+68C0) in font [lmroman10-regular]:mapping=tex-text;!
Missing character: There is no 测 (U+6D4B) in font [lmroman10-regular]:mapping=tex-text;!
Missing character: There is no 同 (U+540C) in font [lmroman10-regular]:mapping=tex-text;!
Missing character: There is no 步 (U+6B65) in font [lmroman10-regular]:mapping=tex-text;!
Missing character: There is no 信 (U+4FE1) in font [lmroman10-regular]:mapping=tex-text;!
Missing character: There is no 道 (U+9053) in font [lmroman10-regular]:mapping=tex-text;!
Missing character: There is no 估 (U+4F30) in font [lmroman10-regular]:mapping=tex-text;!
Missing character: There is no 计 (U+8BA1) in font [lmroman10-regular]:mapping=tex-text;!
Missing character: There is no 模 (U+6A21) in font [lmroman10-regular]:mapping=tex-text;!
Missing character: There is no 块 (U+5757) in font [lmroman10-regular]:mapping=tex-text;!
Missing character: There is no 都 (U+90FD) in font [lmroman10-regular]:mapping=tex-text;!
Missing character: There is no 去 (U+53BB) in font [lmroman10-regular]:mapping=tex-text;!
Missing character: There is no 掉 (U+6389) in font [lmroman10-regular]:mapping=tex-text;!
Missing character: There is no ， (U+FF0C) in font [lmroman10-regular]:mapping=tex-text;!
Missing character: There is no 用 (U+7528) in font [lmroman10-regular]:mapping=tex-text;!
Missing character: There is no 相 (U+76F8) in font [lmroman10-regular]:mapping=tex-text;!
Missing character: There is no 位 (U+4F4D) in font [lmroman10-regular]:mapping=tex-text;!
Missing character: There is no 差 (U+5DEE) in font [lmroman10-regular]:mapping=tex-text;!
Missing character: There is no 近 (U+8FD1) in font [lmroman10-regular]:mapping=tex-text;!
Missing character: There is no 似 (U+4F3C) in font [lmroman10-regular]:mapping=tex-text;!
Missing character: There is no 通 (U+901A) in font [lmroman10-regular]:mapping=tex-text;!
Missing character: There is no 道 (U+9053) in font [lmroman10-regular]:mapping=tex-text;!
Missing character: There is no 相 (U+76F8) in font [lmroman10-regular]:mapping=tex-text;!
Missing character: There is no 位 (U+4F4D) in font [lmroman10-regular]:mapping=tex-text;!
Missing character: There is no 差 (U+5DEE) in font [lmroman10-regular]:mapping=tex-text;!
Missing character: There is no 来 (U+6765) in font [lmroman10-regular]:mapping=tex-text;!
Missing character: There is no 做 (U+505A) in font [lmroman10-regular]:mapping=tex-text;!
Missing character: There is no 优 (U+4F18) in font [lmroman10-regular]:mapping=tex-text;!
Missing character: There is no 化 (U+5316) in font [lmroman10-regular]:mapping=tex-text;!
Missing character: There is no 多 (U+591A) in font [lmroman10-bold]:mapping=tex-text;!
Missing character: There is no 径 (U+5F84) in font [lmroman10-bold]:mapping=tex-text;!
Missing character: There is no 多 (U+591A) in font [lmroman10-bold]:mapping=tex-text;!
Missing character: There is no 径 (U+5F84) in font [lmroman10-bold]:mapping=tex-text;!
Missing character: There is no 多 (U+591A) in font [lmroman10-bold]:mapping=tex-text;!
Missing character: There is no 径 (U+5F84) in font [lmroman10-bold]:mapping=tex-text;!
Missing character: There is no 与 (U+4E0E) in font [lmroman10-bold]:mapping=tex-text;!
Missing character: There is no 静 (U+9759) in font [lmroman10-bold]:mapping=tex-text;!
Missing character: There is no 态 (U+6001) in font [lmroman10-bold]:mapping=tex-text;!
Missing character: There is no 分 (U+5206) in font [lmroman10-bold]:mapping=tex-text;!
Missing character: There is no 量 (U+91CF) in font [lmroman10-bold]:mapping=tex-text;!
Missing character: There is no 主 (U+4E3B) in font [lmroman10-bold]:mapping=tex-text;!
Missing character: There is no 导 (U+5BFC) in font [lmroman10-bold]:mapping=tex-text;!
Missing character: There is no ， (U+FF0C) in font [lmroman10-bold]:mapping=tex-text;!
Missing character: There is no 目 (U+76EE) in font [lmroman10-bold]:mapping=tex-text;!
Missing character: There is no 标 (U+6807) in font [lmroman10-bold]:mapping=tex-text;!
Missing character: There is no 信 (U+4FE1) in font [lmroman10-bold]:mapping=tex-text;!
Missing character: There is no 号 (U+53F7) in font [lmroman10-bold]:mapping=tex-text;!
Missing character: There is no 很 (U+5F88) in font [lmroman10-bold]:mapping=tex-text;!
Missing character: There is no 弱 (U+5F31) in font [lmroman10-bold]:mapping=tex-text;!
Missing character: There is no ： (U+FF1A) in font [lmroman10-regular]:mapping=tex-text;!
Missing character: There is no 环 (U+73AF) in font [lmroman10-regular]:mapping=tex-text;!
Missing character: There is no 境 (U+5883) in font [lmroman10-regular]:mapping=tex-text;!
Missing character: There is no 里 (U+91CC) in font [lmroman10-regular]:mapping=tex-text;!
Missing character: There is no 静 (U+9759) in font [lmroman10-regular]:mapping=tex-text;!
Missing character: There is no 态 (U+6001) in font [lmroman10-regular]:mapping=tex-text;!
Missing character: There is no 散 (U+6563) in font [lmroman10-regular]:mapping=tex-text;!
Missing character: There is no 射 (U+5C04) in font [lmroman10-regular]:mapping=tex-text;!
Missing character: There is no 体 (U+4F53) in font [lmroman10-regular]:mapping=tex-text;!
Missing character: There is no 带 (U+5E26) in font [lmroman10-regular]:mapping=tex-text;!
Missing character: There is no 来 (U+6765) in font [lmroman10-regular]:mapping=tex-text;!
Missing character: There is no 强 (U+5F3A) in font [lmroman10-regular]:mapping=tex-text;!
Missing character: There is no 但 (U+4F46) in font [lmroman10-regular]:mapping=tex-text;!
Missing character: There is no 无 (U+65E0) in font [lmroman10-regular]:mapping=tex-text;!
Missing character: There is no 信 (U+4FE1) in font [lmroman10-regular]:mapping=tex-text;!
Missing character: There is no 息 (U+606F) in font [lmroman10-regular]:mapping=tex-text;!
Missing character: There is no 的 (U+7684) in font [lmroman10-regular]:mapping=tex-text;!
Missing character: There is no 稳 (U+7A33) in font [lmroman10-regular]:mapping=tex-text;!
Missing character: There is no 定 (U+5B9A) in font [lmroman10-regular]:mapping=tex-text;!
Missing character: There is no 分 (U+5206) in font [lmroman10-regular]:mapping=tex-text;!
Missing character: There is no 量 (U+91CF) in font [lmroman10-regular]:mapping=tex-text;!
Missing character: There is no ， (U+FF0C) in font [lmroman10-regular]:mapping=tex-text;!
Missing character: There is no 但 (U+4F46) in font [lmroman10-regular]:mapping=tex-text;!
Missing character: There is no 是 (U+662F) in font [lmroman10-regular]:mapping=tex-text;!
Missing character: There is no 我 (U+6211) in font [lmroman10-regular]:mapping=tex-text;!
Missing character: There is no 们 (U+4EEC) in font [lmroman10-regular]:mapping=tex-text;!
Missing character: There is no 需 (U+9700) in font [lmroman10-regular]:mapping=tex-text;!
Missing character: There is no 要 (U+8981) in font [lmroman10-regular]:mapping=tex-text;!
Missing character: There is no 关 (U+5173) in font [lmroman10-regular]:mapping=tex-text;!
Missing character: There is no 注 (U+6CE8) in font [lmroman10-regular]:mapping=tex-text;!
Missing character: There is no 动 (U+52A8) in font [lmroman10-regular]:mapping=tex-text;!
Missing character: There is no 态 (U+6001) in font [lmroman10-regular]:mapping=tex-text;!
Missing character: There is no 散 (U+6563) in font [lmroman10-regular]:mapping=tex-text;!
Missing character: There is no 射 (U+5C04) in font [lmroman10-regular]:mapping=tex-text;!
Missing character: There is no 体 (U+4F53) in font [lmroman10-regular]:mapping=tex-text;!
Missing character: There is no 人 (U+4EBA) in font [lmroman10-regular]:mapping=tex-text;!
Missing character: There is no 体 (U+4F53) in font [lmroman10-regular]:mapping=tex-text;!
Missing character: There is no 动 (U+52A8) in font [lmroman10-regular]:mapping=tex-text;!
Missing character: There is no 作 (U+4F5C) in font [lmroman10-regular]:mapping=tex-text;!
Missing character: There is no 引 (U+5F15) in font [lmroman10-regular]:mapping=tex-text;!
Missing character: There is no 起 (U+8D77) in font [lmroman10-regular]:mapping=tex-text;!
Missing character: There is no 的 (U+7684) in font [lmroman10-regular]:mapping=tex-text;!
Missing character: There is no 微 (U+5FAE) in font [lmroman10-regular]:mapping=tex-text;!
Missing character: There is no 小 (U+5C0F) in font [lmroman10-regular]:mapping=tex-text;!
Missing character: There is no 变 (U+53D8) in font [lmroman10-regular]:mapping=tex-text;!
Missing character: There is no 化 (U+5316) in font [lmroman10-regular]:mapping=tex-text;!
Missing character: There is no 。 (U+3002) in font [lmroman10-regular]:mapping=tex-text;!
Missing character: There is no 直 (U+76F4) in font [lmroman10-regular]:mapping=tex-text;!
Missing character: There is no 接 (U+63A5) in font [lmroman10-regular]:mapping=tex-text;!
Missing character: There is no 在 (U+5728) in font [lmroman10-regular]:mapping=tex-text;!
Missing character: There is no 上 (U+4E0A) in font [lmroman10-regular]:mapping=tex-text;!
Missing character: There is no 做 (U+505A) in font [lmroman10-regular]:mapping=tex-text;!
Missing character: There is no 任 (U+4EFB) in font [lmroman10-regular]:mapping=tex-text;!
Missing character: There is no 务 (U+52A1) in font [lmroman10-regular]:mapping=tex-text;!
Missing character: There is no 映 (U+6620) in font [lmroman10-regular]:mapping=tex-text;!
Missing character: There is no 射 (U+5C04) in font [lmroman10-regular]:mapping=tex-text;!
Missing character: There is no ， (U+FF0C) in font [lmroman10-regular]:mapping=tex-text;!
Missing character: There is no 会 (U+4F1A) in font [lmroman10-regular]:mapping=tex-text;!
Missing character: There is no 被 (U+88AB) in font [lmroman10-regular]:mapping=tex-text;!
Missing character: There is no 场 (U+573A) in font [lmroman10-regular]:mapping=tex-text;!
Missing character: There is no 景 (U+666F) in font [lmroman10-regular]:mapping=tex-text;!
Missing character: There is no 变 (U+53D8) in font [lmroman10-regular]:mapping=tex-text;!
Missing character: There is no 化 (U+5316) in font [lmroman10-regular]:mapping=tex-text;!
Missing character: There is no 、 (U+3001) in font [lmroman10-regular]:mapping=tex-text;!
Missing character: There is no 硬 (U+786C) in font [lmroman10-regular]:mapping=tex-text;!
Missing character: There is no 件 (U+4EF6) in font [lmroman10-regular]:mapping=tex-text;!
Missing character: There is no 漂 (U+6F02) in font [lmroman10-regular]:mapping=tex-text;!
Missing character: There is no 移 (U+79FB) in font [lmroman10-regular]:mapping=tex-text;!
Missing character: There is no 、 (U+3001) in font [lmroman10-regular]:mapping=tex-text;!
Missing character: There is no 静 (U+9759) in font [lmroman10-regular]:mapping=tex-text;!
Missing character: There is no 态 (U+6001) in font [lmroman10-regular]:mapping=tex-text;!
Missing character: There is no 分 (U+5206) in font [lmroman10-regular]:mapping=tex-text;!
Missing character: There is no 量 (U+91CF) in font [lmroman10-regular]:mapping=tex-text;!
Missing character: There is no 压 (U+538B) in font [lmroman10-regular]:mapping=tex-text;!
Missing character: There is no 住 (U+4F4F) in font [lmroman10-regular]:mapping=tex-text;!
Missing character: There is no 。 (U+3002) in font [lmroman10-regular]:mapping=tex-text;!
Missing character: There is no 任 (U+4EFB) in font [lmroman10-bold]:mapping=tex-text;!
Missing character: There is no 务 (U+52A1) in font [lmroman10-bold]:mapping=tex-text;!
Missing character: There is no 任 (U+4EFB) in font [lmroman10-bold]:mapping=tex-text;!
Missing character: There is no 务 (U+52A1) in font [lmroman10-bold]:mapping=tex-text;!
Missing character: There is no 任 (U+4EFB) in font [lmroman10-bold]:mapping=tex-text;!
Missing character: There is no 务 (U+52A1) in font [lmroman10-bold]:mapping=tex-text;!
Missing character: There is no 真 (U+771F) in font [lmroman10-bold]:mapping=tex-text;!
Missing character: There is no 正 (U+6B63) in font [lmroman10-bold]:mapping=tex-text;!
Missing character: There is no 想 (U+60F3) in font [lmroman10-bold]:mapping=tex-text;!
Missing character: There is no 要 (U+8981) in font [lmroman10-bold]:mapping=tex-text;!
Missing character: There is no 的 (U+7684) in font [lmroman10-bold]:mapping=tex-text;!
Missing character: There is no 不 (U+4E0D) in font [lmroman10-bold]:mapping=tex-text;!
Missing character: There is no 是 (U+662F) in font [lmroman10-bold]:mapping=tex-text;!
Missing character: There is no 本 (U+672C) in font [lmroman10-bold]:mapping=tex-text;!
Missing character: There is no 身 (U+8EAB) in font [lmroman10-bold]:mapping=tex-text;!
Missing character: There is no ： (U+FF1A) in font [lmroman10-regular]:mapping=tex-text;!
Missing character: There is no 比 (U+6BD4) in font [lmroman10-regular]:mapping=tex-text;!
Missing character: There is no 如 (U+5982) in font [lmroman10-regular]:mapping=tex-text;!
Missing character: There is no 跌 (U+8DCC) in font [lmroman10-regular]:mapping=tex-text;!
Missing character: There is no 倒 (U+5012) in font [lmroman10-regular]:mapping=tex-text;!
Missing character: There is no 识 (U+8BC6) in font [lmroman10-regular]:mapping=tex-text;!
Missing character: There is no 别 (U+522B) in font [lmroman10-regular]:mapping=tex-text;!
Missing character: There is no 、 (U+3001) in font [lmroman10-regular]:mapping=tex-text;!
Missing character: There is no 速 (U+901F) in font [lmroman10-regular]:mapping=tex-text;!
Missing character: There is no 度 (U+5EA6) in font [lmroman10-regular]:mapping=tex-text;!
Missing character: There is no 场 (U+573A) in font [lmroman10-regular]:mapping=tex-text;!
Missing character: There is no 分 (U+5206) in font [lmroman10-regular]:mapping=tex-text;!
Missing character: There is no 布 (U+5E03) in font [lmroman10-regular]:mapping=tex-text;!
Missing character: There is no 、 (U+3001) in font [lmroman10-regular]:mapping=tex-text;!
Missing character: There is no 微 (U+5FAE) in font [lmroman10-regular]:mapping=tex-text;!
Missing character: There is no 位 (U+4F4D) in font [lmroman10-regular]:mapping=tex-text;!
Missing character: There is no 移 (U+79FB) in font [lmroman10-regular]:mapping=tex-text;!
Missing character: There is no 测 (U+6D4B) in font [lmroman10-regular]:mapping=tex-text;!
Missing character: There is no 距 (U+8DDD) in font [lmroman10-regular]:mapping=tex-text;!
Missing character: There is no 、 (U+3001) in font [lmroman10-regular]:mapping=tex-text;!
Missing character: There is no 轨 (U+8F68) in font [lmroman10-regular]:mapping=tex-text;!
Missing character: There is no 迹 (U+8FF9) in font [lmroman10-regular]:mapping=tex-text;!
Missing character: There is no 约 (U+7EA6) in font [lmroman10-regular]:mapping=tex-text;!
Missing character: There is no 束 (U+675F) in font [lmroman10-regular]:mapping=tex-text;!
Missing character: There is no 这 (U+8FD9) in font [lmroman10-regular]:mapping=tex-text;!
Missing character: There is no 些 (U+4E9B) in font [lmroman10-regular]:mapping=tex-text;!
Missing character: There is no 是 (U+662F) in font [lmroman10-regular]:mapping=tex-text;!
Missing character: There is no 低 (U+4F4E) in font [lmroman10-bold]:mapping=tex-text;!
Missing character: There is no 维 (U+7EF4) in font [lmroman10-bold]:mapping=tex-text;!
Missing character: There is no 结 (U+7ED3) in font [lmroman10-bold]:mapping=tex-text;!
Missing character: There is no 构 (U+6784) in font [lmroman10-bold]:mapping=tex-text;!
Missing character: There is no 化 (U+5316) in font [lmroman10-bold]:mapping=tex-text;!
Missing character: There is no 变 (U+53D8) in font [lmroman10-bold]:mapping=tex-text;!
Missing character: There is no 量 (U+91CF) in font [lmroman10-bold]:mapping=tex-text;!
Missing character: There is no 。 (U+3002) in font [lmroman10-regular]:mapping=tex-text;!
Missing character: There is no 要 (U+8981) in font [lmroman10-regular]:mapping=tex-text;!
Missing character: There is no 的 (U+7684) in font [lmroman10-regular]:mapping=tex-text;!
Missing character: There is no 是 (U+662F) in font [lmroman10-regular]:mapping=tex-text;!
Missing character: There is no 速 (U+901F) in font [lmroman10-regular]:mapping=tex-text;!
Missing character: There is no 度 (U+5EA6) in font [lmroman10-regular]:mapping=tex-text;!
Missing character: There is no 分 (U+5206) in font [lmroman10-regular]:mapping=tex-text;!
Missing character: There is no 布 (U+5E03) in font [lmroman10-regular]:mapping=tex-text;!
Missing character: There is no 相 (U+76F8) in font [lmroman10-regular]:mapping=tex-text;!
Missing character: There is no 位 (U+4F4D) in font [lmroman10-regular]:mapping=tex-text;!
Missing character: There is no 增 (U+589E) in font [lmroman10-regular]:mapping=tex-text;!
Missing character: There is no 量 (U+91CF) in font [lmroman10-regular]:mapping=tex-text;!
Missing character: There is no 距 (U+8DDD) in font [lmroman10-regular]:mapping=tex-text;!
Missing character: There is no 离 (U+79BB) in font [lmroman10-regular]:mapping=tex-text;!
Missing character: There is no 增 (U+589E) in font [lmroman10-regular]:mapping=tex-text;!
Missing character: There is no 量 (U+91CF) in font [lmroman10-regular]:mapping=tex-text;!
Missing character: There is no 图 (U+56FE) in font [lmroman10-regular]:mapping=tex-text;!
Missing character: There is no 结 (U+7ED3) in font [lmroman10-regular]:mapping=tex-text;!
Missing character: There is no 构 (U+6784) in font [lmroman10-regular]:mapping=tex-text;!
Missing character: There is no 约 (U+7EA6) in font [lmroman10-regular]:mapping=tex-text;!
Missing character: There is no 束 (U+675F) in font [lmroman10-regular]:mapping=tex-text;!
Missing character: There is no 不 (U+4E0D) in font [lmroman10-regular]:mapping=tex-text;!
Missing character: There is no 是 (U+662F) in font [lmroman10-regular]:mapping=tex-text;!
Missing character: There is no 的 (U+7684) in font [lmroman10-regular]:mapping=tex-text;!
Missing character: There is no 张 (U+5F20) in font [lmroman10-regular]:mapping=tex-text;!
Missing character: There is no 量 (U+91CF) in font [lmroman10-regular]:mapping=tex-text;!
Missing character: There is no 。 (U+3002) in font [lmroman10-regular]:mapping=tex-text;!

Underfull \hbox (badness 6141) in paragraph at lines 251--253
[]\TU/lmr/bx/n/10 任务真正想要的不是 CSI 本身\TU/lmr/m/n/10 ：比如跌倒识别、速度场分布、微位移/测距、轨迹约束——这些是\TU/lmr/bx/n/10 低维结构化变量\TU/lmr/m/n/10 。要的是“速度分布”“相位增量”“距离增量”“图结构约束”——不是
 []

Missing character: There is no 中 (U+4E2D) in font [lmroman10-bold]:mapping=tex-text;!
Missing character: There is no 间 (U+95F4) in font [lmroman10-bold]:mapping=tex-text;!
Missing character: There is no 表 (U+8868) in font [lmroman10-bold]:mapping=tex-text;!
Missing character: There is no 征 (U+5F81) in font [lmroman10-bold]:mapping=tex-text;!
Missing character: There is no 把 (U+628A) in font [lmroman10-bold]:mapping=tex-text;!
Missing character: There is no 把 (U+628A) in font [lmroman10-bold]:mapping=tex-text;!
Missing character: There is no 把 (U+628A) in font [lmroman10-bold]:mapping=tex-text;!
Missing character: There is no 电 (U+7535) in font [lmroman10-bold]:mapping=tex-text;!
Missing character: There is no 磁 (U+78C1) in font [lmroman10-bold]:mapping=tex-text;!
Missing character: There is no 传 (U+4F20) in font [lmroman10-bold]:mapping=tex-text;!
Missing character: There is no 播 (U+64AD) in font [lmroman10-bold]:mapping=tex-text;!
Missing character: There is no 过 (U+8FC7) in font [lmroman10-bold]:mapping=tex-text;!
Missing character: There is no 程 (U+7A0B) in font [lmroman10-bold]:mapping=tex-text;!
Missing character: There is no 显 (U+663E) in font [lmroman10-bold]:mapping=tex-text;!
Missing character: There is no 式 (U+5F0F) in font [lmroman10-bold]:mapping=tex-text;!
Missing character: There is no 建 (U+5EFA) in font [lmroman10-bold]:mapping=tex-text;!
Missing character: There is no 模 (U+6A21) in font [lmroman10-bold]:mapping=tex-text;!
Missing character: There is no 成 (U+6210) in font [lmroman10-bold]:mapping=tex-text;!
Missing character: There is no 可 (U+53EF) in font [lmroman10-bold]:mapping=tex-text;!
Missing character: There is no 识 (U+8BC6) in font [lmroman10-bold]:mapping=tex-text;!
Missing character: There is no 别 (U+522B) in font [lmroman10-bold]:mapping=tex-text;!
Missing character: There is no 量 (U+91CF) in font [lmroman10-bold]:mapping=tex-text;!
Missing character: There is no ： (U+FF1A) in font [lmroman10-regular]:mapping=tex-text;!
Missing character: There is no 直 (U+76F4) in font [lmroman10-regular]:mapping=tex-text;!
Missing character: There is no 接 (U+63A5) in font [lmroman10-regular]:mapping=tex-text;!
Missing character: There is no 把 (U+628A) in font [lmroman10-regular]:mapping=tex-text;!
Missing character: There is no （ (U+FF08) in font [lmroman10-regular]:mapping=tex-text;!
Missing character: There is no 更 (U+66F4) in font [lmroman10-regular]:mapping=tex-text;!
Missing character: There is no 准 (U+51C6) in font [lmroman10-regular]:mapping=tex-text;!
Missing character: There is no 确 (U+786E) in font [lmroman10-regular]:mapping=tex-text;!
Missing character: There is no 说 (U+8BF4) in font [lmroman10-regular]:mapping=tex-text;!
Missing character: There is no 幅 (U+5E45) in font [lmroman10-regular]:mapping=tex-text;!
Missing character: There is no 度 (U+5EA6) in font [lmroman10-regular]:mapping=tex-text;!
Missing character: There is no 电 (U+7535) in font [lmroman10-regular]:mapping=tex-text;!
Missing character: There is no 场 (U+573A) in font [lmroman10-regular]:mapping=tex-text;!
Missing character: There is no 相 (U+76F8) in font [lmroman10-regular]:mapping=tex-text;!
Missing character: There is no 关 (U+5173) in font [lmroman10-regular]:mapping=tex-text;!
Missing character: There is no 量 (U+91CF) in font [lmroman10-regular]:mapping=tex-text;!
Missing character: There is no ） (U+FF09) in font [lmroman10-regular]:mapping=tex-text;!
Missing character: There is no 映 (U+6620) in font [lmroman10-regular]:mapping=tex-text;!
Missing character: There is no 射 (U+5C04) in font [lmroman10-regular]:mapping=tex-text;!
Missing character: There is no 到 (U+5230) in font [lmroman10-regular]:mapping=tex-text;!
Missing character: There is no 散 (U+6563) in font [lmroman10-regular]:mapping=tex-text;!
Missing character: There is no 射 (U+5C04) in font [lmroman10-regular]:mapping=tex-text;!
Missing character: There is no 体 (U+4F53) in font [lmroman10-regular]:mapping=tex-text;!
Missing character: There is no 速 (U+901F) in font [lmroman10-regular]:mapping=tex-text;!
Missing character: There is no 度 (U+5EA6) in font [lmroman10-regular]:mapping=tex-text;!
Missing character: There is no 分 (U+5206) in font [lmroman10-regular]:mapping=tex-text;!
Missing character: There is no 布 (U+5E03) in font [lmroman10-regular]:mapping=tex-text;!
Missing character: There is no 。 (U+3002) in font [lmroman10-regular]:mapping=tex-text;!
Missing character: There is no 它 (U+5B83) in font [lmroman10-regular]:mapping=tex-text;!
Missing character: There is no 先 (U+5148) in font [lmroman10-regular]:mapping=tex-text;!
Missing character: There is no 建 (U+5EFA) in font [lmroman10-regular]:mapping=tex-text;!
Missing character: There is no 立 (U+7ACB) in font [lmroman10-regular]:mapping=tex-text;!
Missing character: There is no 电 (U+7535) in font [lmroman10-regular]:mapping=tex-text;!
Missing character: There is no 场 (U+573A) in font [lmroman10-regular]:mapping=tex-text;!
Missing character: There is no 自 (U+81EA) in font [lmroman10-regular]:mapping=tex-text;!
Missing character: There is no 相 (U+76F8) in font [lmroman10-regular]:mapping=tex-text;!
Missing character: There is no 关 (U+5173) in font [lmroman10-regular]:mapping=tex-text;!
Missing character: There is no 函 (U+51FD) in font [lmroman10-regular]:mapping=tex-text;!
Missing character: There is no 数 (U+6570) in font [lmroman10-regular]:mapping=tex-text;!
Missing character: There is no ↔ (U+2194) in font [lmroman10-regular]:mapping=tex-text;!
Missing character: There is no 环 (U+73AF) in font [lmroman10-regular]:mapping=tex-text;!
Missing character: There is no 境 (U+5883) in font [lmroman10-regular]:mapping=tex-text;!
Missing character: There is no 动 (U+52A8) in font [lmroman10-regular]:mapping=tex-text;!
Missing character: There is no 态 (U+6001) in font [lmroman10-regular]:mapping=tex-text;!
Missing character: There is no （ (U+FF08) in font [lmroman10-regular]:mapping=tex-text;!
Missing character: There is no 散 (U+6563) in font [lmroman10-regular]:mapping=tex-text;!
Missing character: There is no 射 (U+5C04) in font [lmroman10-regular]:mapping=tex-text;!
Missing character: There is no 体 (U+4F53) in font [lmroman10-regular]:mapping=tex-text;!
Missing character: There is no 速 (U+901F) in font [lmroman10-regular]:mapping=tex-text;!
Missing character: There is no 度 (U+5EA6) in font [lmroman10-regular]:mapping=tex-text;!
Missing character: There is no ） (U+FF09) in font [lmroman10-regular]:mapping=tex-text;!
Missing character: There is no 的 (U+7684) in font [lmroman10-regular]:mapping=tex-text;!
Missing character: There is no 统 (U+7EDF) in font [lmroman10-regular]:mapping=tex-text;!
Missing character: There is no 计 (U+8BA1) in font [lmroman10-regular]:mapping=tex-text;!
Missing character: There is no 关 (U+5173) in font [lmroman10-regular]:mapping=tex-text;!
Missing character: There is no 系 (U+7CFB) in font [lmroman10-regular]:mapping=tex-text;!
Missing character: There is no ， (U+FF0C) in font [lmroman10-regular]:mapping=tex-text;!
Missing character: There is no 然 (U+7136) in font [lmroman10-regular]:mapping=tex-text;!
Missing character: There is no 后 (U+540E) in font [lmroman10-regular]:mapping=tex-text;!
Missing character: There is no 说 (U+8BF4) in font [lmroman10-regular]:mapping=tex-text;!
Missing character: There is no 明 (U+660E) in font [lmroman10-regular]:mapping=tex-text;!
Missing character: There is no 幅 (U+5E45) in font [lmroman10-regular]:mapping=tex-text;!
Missing character: There is no 度 (U+5EA6) in font [lmroman10-regular]:mapping=tex-text;!
Missing character: There is no 与 (U+4E0E) in font [lmroman10-regular]:mapping=tex-text;!
Missing character: There is no 接 (U+63A5) in font [lmroman10-regular]:mapping=tex-text;!
Missing character: There is no 收 (U+6536) in font [lmroman10-regular]:mapping=tex-text;!
Missing character: There is no 电 (U+7535) in font [lmroman10-regular]:mapping=tex-text;!
Missing character: There is no 场 (U+573A) in font [lmroman10-regular]:mapping=tex-text;!
Missing character: There is no 范 (U+8303) in font [lmroman10-regular]:mapping=tex-text;!
Missing character: There is no 数 (U+6570) in font [lmroman10-regular]:mapping=tex-text;!
Missing character: There is no 成 (U+6210) in font [lmroman10-regular]:mapping=tex-text;!
Missing character: There is no 比 (U+6BD4) in font [lmroman10-regular]:mapping=tex-text;!
Missing character: There is no 例 (U+4F8B) in font [lmroman10-regular]:mapping=tex-text;!
Missing character: There is no ， (U+FF0C) in font [lmroman10-regular]:mapping=tex-text;!
Missing character: There is no 进 (U+8FDB) in font [lmroman10-regular]:mapping=tex-text;!
Missing character: There is no 而 (U+800C) in font [lmroman10-regular]:mapping=tex-text;!
Missing character: There is no 把 (U+628A) in font [lmroman10-regular]:mapping=tex-text;!
Missing character: There is no 变 (U+53D8) in font [lmroman10-regular]:mapping=tex-text;!
Missing character: There is no 成 (U+6210) in font [lmroman10-regular]:mapping=tex-text;!
Missing character: There is no 速 (U+901F) in font [lmroman10-regular]:mapping=tex-text;!
Missing character: There is no 度 (U+5EA6) in font [lmroman10-regular]:mapping=tex-text;!
Missing character: There is no 分 (U+5206) in font [lmroman10-regular]:mapping=tex-text;!
Missing character: There is no 布 (U+5E03) in font [lmroman10-regular]:mapping=tex-text;!
Missing character: There is no 画 (U+753B) in font [lmroman10-regular]:mapping=tex-text;!
Missing character: There is no 像 (U+50CF) in font [lmroman10-regular]:mapping=tex-text;!
Missing character: There is no ： (U+FF1A) in font [lmroman10-regular]:mapping=tex-text;!

Underfull \hbox (badness 2990) in paragraph at lines 261--265
[]\TU/lmr/m/n/10 XFall 直接把 CSI（更准确说幅度/电场相关量）映射到“散射体速度分布”。它先建立“电场自相关函数 ACF ↔ 环境动态（散射体速度）”的统计关系，然后说明 CSI
 []


Overfull \hbox (71.82999pt too wide) in paragraph at lines 268--271
[]\TU/lmr/m/n/10 “by analyzing the ACF… infer the speed distribution…” XFall_Domain_Adaptive_Wi-
 []

Missing character: There is no 把 (U+628A) in font [lmroman10-bold]:mapping=tex-text;!
Missing character: There is no 问 (U+95EE) in font [lmroman10-bold]:mapping=tex-text;!
Missing character: There is no 把 (U+628A) in font [lmroman10-bold]:mapping=tex-text;!
Missing character: There is no 问 (U+95EE) in font [lmroman10-bold]:mapping=tex-text;!
Missing character: There is no 把 (U+628A) in font [lmroman10-bold]:mapping=tex-text;!
Missing character: There is no 问 (U+95EE) in font [lmroman10-bold]:mapping=tex-text;!
Missing character: There is no 题 (U+9898) in font [lmroman10-bold]:mapping=tex-text;!
Missing character: There is no 从 (U+4ECE) in font [lmroman10-bold]:mapping=tex-text;!
Missing character: There is no 高 (U+9AD8) in font [lmroman10-bold]:mapping=tex-text;!
Missing character: There is no 维 (U+7EF4) in font [lmroman10-bold]:mapping=tex-text;!
Missing character: There is no 黑 (U+9ED1) in font [lmroman10-bold]:mapping=tex-text;!
Missing character: There is no 箱 (U+7BB1) in font [lmroman10-bold]:mapping=tex-text;!
Missing character: There is no 拟 (U+62DF) in font [lmroman10-bold]:mapping=tex-text;!
Missing character: There is no 合 (U+5408) in font [lmroman10-bold]:mapping=tex-text;!
Missing character: There is no 变 (U+53D8) in font [lmroman10-bold]:mapping=tex-text;!
Missing character: There is no 成 (U+6210) in font [lmroman10-bold]:mapping=tex-text;!
Missing character: There is no 物 (U+7269) in font [lmroman10-bold]:mapping=tex-text;!
Missing character: There is no 理 (U+7406) in font [lmroman10-bold]:mapping=tex-text;!
Missing character: There is no 可 (U+53EF) in font [lmroman10-bold]:mapping=tex-text;!
Missing character: There is no 解 (U+89E3) in font [lmroman10-bold]:mapping=tex-text;!
Missing character: There is no 释 (U+91CA) in font [lmroman10-bold]:mapping=tex-text;!
Missing character: There is no 可 (U+53EF) in font [lmroman10-bold]:mapping=tex-text;!
Missing character: There is no 优 (U+4F18) in font [lmroman10-bold]:mapping=tex-text;!
Missing character: There is no 化 (U+5316) in font [lmroman10-bold]:mapping=tex-text;!
Missing character: There is no 的 (U+7684) in font [lmroman10-bold]:mapping=tex-text;!
Missing character: There is no 结 (U+7ED3) in font [lmroman10-bold]:mapping=tex-text;!
Missing character: There is no 构 (U+6784) in font [lmroman10-bold]:mapping=tex-text;!
Missing character: There is no 化 (U+5316) in font [lmroman10-bold]:mapping=tex-text;!
Missing character: There is no 推 (U+63A8) in font [lmroman10-bold]:mapping=tex-text;!
Missing character: There is no 断 (U+65AD) in font [lmroman10-bold]:mapping=tex-text;!
Missing character: There is no ： (U+FF1A) in font [lmroman10-regular]:mapping=tex-text;!
Missing character: There is no 把 (U+628A) in font [lmroman10-regular]:mapping=tex-text;!
Missing character: There is no 定 (U+5B9A) in font [lmroman10-regular]:mapping=tex-text;!
Missing character: There is no 位 (U+4F4D) in font [lmroman10-regular]:mapping=tex-text;!
Missing character: There is no 写 (U+5199) in font [lmroman10-regular]:mapping=tex-text;!
Missing character: There is no 成 (U+6210) in font [lmroman10-regular]:mapping=tex-text;!
Missing character: There is no 最 (U+6700) in font [lmroman10-regular]:mapping=tex-text;!
Missing character: There is no 大 (U+5927) in font [lmroman10-regular]:mapping=tex-text;!
Missing character: There is no 化 (U+5316) in font [lmroman10-regular]:mapping=tex-text;!
Missing character: There is no 测 (U+6D4B) in font [lmroman10-regular]:mapping=tex-text;!
Missing character: There is no 量 (U+91CF) in font [lmroman10-regular]:mapping=tex-text;!
Missing character: There is no 信 (U+4FE1) in font [lmroman10-regular]:mapping=tex-text;!
Missing character: There is no 号 (U+53F7) in font [lmroman10-regular]:mapping=tex-text;!
Missing character: There is no 与 (U+4E0E) in font [lmroman10-regular]:mapping=tex-text;!
Missing character: There is no 投 (U+6295) in font [lmroman10-regular]:mapping=tex-text;!
Missing character: There is no 影 (U+5F71) in font [lmroman10-regular]:mapping=tex-text;!
Missing character: There is no 分 (U+5206) in font [lmroman10-regular]:mapping=tex-text;!
Missing character: There is no 量 (U+91CF) in font [lmroman10-regular]:mapping=tex-text;!
Missing character: There is no 的 (U+7684) in font [lmroman10-regular]:mapping=tex-text;!
Missing character: There is no 互 (U+4E92) in font [lmroman10-regular]:mapping=tex-text;!
Missing character: There is no 相 (U+76F8) in font [lmroman10-regular]:mapping=tex-text;!
Missing character: There is no 关 (U+5173) in font [lmroman10-regular]:mapping=tex-text;!
Missing character: There is no 的 (U+7684) in font [lmroman10-regular]:mapping=tex-text;!
Missing character: There is no 优 (U+4F18) in font [lmroman10-regular]:mapping=tex-text;!
Missing character: There is no 化 (U+5316) in font [lmroman10-regular]:mapping=tex-text;!
Missing character: There is no 问 (U+95EE) in font [lmroman10-regular]:mapping=tex-text;!
Missing character: There is no 题 (U+9898) in font [lmroman10-regular]:mapping=tex-text;!
Missing character: There is no ， (U+FF0C) in font [lmroman10-regular]:mapping=tex-text;!
Missing character: There is no 而 (U+800C) in font [lmroman10-regular]:mapping=tex-text;!
Missing character: There is no 不 (U+4E0D) in font [lmroman10-regular]:mapping=tex-text;!
Missing character: There is no 是 (U+662F) in font [lmroman10-regular]:mapping=tex-text;!
Missing character: There is no 先 (U+5148) in font [lmroman10-regular]:mapping=tex-text;!
Missing character: There is no 估 (U+4F30) in font [lmroman10-regular]:mapping=tex-text;!
Missing character: There is no 再 (U+518D) in font [lmroman10-regular]:mapping=tex-text;!
Missing character: There is no 。 (U+3002) in font [lmroman10-regular]:mapping=tex-text;!
Missing character: There is no 我 (U+6211) in font [lmroman10-bold]:mapping=tex-text;!
Missing character: There is no 认 (U+8BA4) in font [lmroman10-bold]:mapping=tex-text;!
Missing character: There is no 为 (U+4E3A) in font [lmroman10-bold]:mapping=tex-text;!
Missing character: There is no 这 (U+8FD9) in font [lmroman10-bold]:mapping=tex-text;!
Missing character: There is no 些 (U+4E9B) in font [lmroman10-bold]:mapping=tex-text;!
Missing character: There is no 文 (U+6587) in font [lmroman10-bold]:mapping=tex-text;!
Missing character: There is no 章 (U+7AE0) in font [lmroman10-bold]:mapping=tex-text;!
Missing character: There is no 比 (U+6BD4) in font [lmroman10-bold]:mapping=tex-text;!
Missing character: There is no 较 (U+8F83) in font [lmroman10-bold]:mapping=tex-text;!
Missing character: There is no 重 (U+91CD) in font [lmroman10-bold]:mapping=tex-text;!
Missing character: There is no 要 (U+8981) in font [lmroman10-bold]:mapping=tex-text;!
Missing character: There is no 的 (U+7684) in font [lmroman10-bold]:mapping=tex-text;!
Missing character: There is no 聚 (U+805A) in font [lmroman10-bold]:mapping=tex-text;!
Missing character: There is no 焦 (U+7126) in font [lmroman10-bold]:mapping=tex-text;!
Missing character: There is no 在 (U+5728) in font [lmroman10-bold]:mapping=tex-text;!
Missing character: There is no 于 (U+4E8E) in font [lmroman10-bold]:mapping=tex-text;!
Missing character: There is no 在 (U+5728) in font [lmroman10-bold]:mapping=tex-text;!
Missing character: There is no 如 (U+5982) in font [lmroman10-bold]:mapping=tex-text;!
Missing character: There is no 何 (U+4F55) in font [lmroman10-bold]:mapping=tex-text;!
Missing character: There is no 选 (U+9009) in font [lmroman10-bold]:mapping=tex-text;!
Missing character: There is no 取 (U+53D6) in font [lmroman10-bold]:mapping=tex-text;!
Missing character: There is no 中 (U+4E2D) in font [lmroman10-bold]:mapping=tex-text;!
Missing character: There is no 间 (U+95F4) in font [lmroman10-bold]:mapping=tex-text;!
Missing character: There is no 量 (U+91CF) in font [lmroman10-bold]:mapping=tex-text;!
Missing character: There is no ， (U+FF0C) in font [lmroman10-bold]:mapping=tex-text;!
Missing character: There is no 怎 (U+600E) in font [lmroman10-bold]:mapping=tex-text;!
Missing character: There is no 么 (U+4E48) in font [lmroman10-bold]:mapping=tex-text;!
Missing character: There is no 获 (U+83B7) in font [lmroman10-bold]:mapping=tex-text;!
Missing character: There is no 取 (U+53D6) in font [lmroman10-bold]:mapping=tex-text;!
Missing character: There is no 中 (U+4E2D) in font [lmroman10-bold]:mapping=tex-text;!
Missing character: There is no 间 (U+95F4) in font [lmroman10-bold]:mapping=tex-text;!
Missing character: There is no 并 (U+5E76) in font [lmroman10-bold]:mapping=tex-text;!
Missing character: There is no 处 (U+5904) in font [lmroman10-bold]:mapping=tex-text;!
Missing character: There is no 理 (U+7406) in font [lmroman10-bold]:mapping=tex-text;!
Missing character: There is no 处 (U+5904) in font [lmroman10-bold]:mapping=tex-text;!
Missing character: There is no 理 (U+7406) in font [lmroman10-bold]:mapping=tex-text;!
Missing character: There is no 到 (U+5230) in font [lmroman10-bold]:mapping=tex-text;!
Missing character: There is no 中 (U+4E2D) in font [lmroman10-bold]:mapping=tex-text;!
Missing character: There is no 间 (U+95F4) in font [lmroman10-bold]:mapping=tex-text;!
Missing character: There is no 量 (U+91CF) in font [lmroman10-bold]:mapping=tex-text;!
Missing character: There is no 的 (U+7684) in font [lmroman10-bold]:mapping=tex-text;!
Missing character: There is no 关 (U+5173) in font [lmroman10-bold]:mapping=tex-text;!
Missing character: There is no 系 (U+7CFB) in font [lmroman10-bold]:mapping=tex-text;!
Missing character: There is no ， (U+FF0C) in font [lmroman10-bold]:mapping=tex-text;!
Missing character: There is no 怎 (U+600E) in font [lmroman10-bold]:mapping=tex-text;!
Missing character: There is no 么 (U+4E48) in font [lmroman10-bold]:mapping=tex-text;!
Missing character: There is no 降 (U+964D) in font [lmroman10-bold]:mapping=tex-text;!
Missing character: There is no 低 (U+4F4E) in font [lmroman10-bold]:mapping=tex-text;!
Missing character: There is no 噪 (U+566A) in font [lmroman10-bold]:mapping=tex-text;!
Missing character: There is no 声 (U+58F0) in font [lmroman10-bold]:mapping=tex-text;!
Missing character: There is no 实 (U+5B9E) in font [lmroman10-bold]:mapping=tex-text;!
Missing character: There is no 现 (U+73B0) in font [lmroman10-bold]:mapping=tex-text;!
Missing character: There is no 精 (U+7CBE) in font [lmroman10-bold]:mapping=tex-text;!
Missing character: There is no 确 (U+786E) in font [lmroman10-bold]:mapping=tex-text;!
Missing character: There is no 感 (U+611F) in font [lmroman10-bold]:mapping=tex-text;!
Missing character: There is no 知 (U+77E5) in font [lmroman10-bold]:mapping=tex-text;!
Missing character: There is no 上 (U+4E0A) in font [lmroman10-bold]:mapping=tex-text;!
Missing character: There is no 做 (U+505A) in font [lmroman10-bold]:mapping=tex-text;!
Missing character: There is no 文 (U+6587) in font [lmroman10-bold]:mapping=tex-text;!
Missing character: There is no 章 (U+7AE0) in font [lmroman10-bold]:mapping=tex-text;!
Missing character: There is no 而 (U+800C) in font [lmroman10-bold]:mapping=tex-text;!
Missing character: There is no 其 (U+5176) in font [lmroman10-bold]:mapping=tex-text;!
Missing character: There is no 中 (U+4E2D) in font [lmroman10-bold]:mapping=tex-text;!
Missing character: There is no 处 (U+5904) in font [lmroman10-bold]:mapping=tex-text;!
Missing character: There is no 理 (U+7406) in font [lmroman10-bold]:mapping=tex-text;!
Missing character: There is no 的 (U+7684) in font [lmroman10-bold]:mapping=tex-text;!
Missing character: There is no 共 (U+5171) in font [lmroman10-bold]:mapping=tex-text;!
Missing character: There is no 性 (U+6027) in font [lmroman10-bold]:mapping=tex-text;!
Missing character: There is no 是 (U+662F) in font [lmroman10-bold]:mapping=tex-text;!
Missing character: There is no 域 (U+57DF) in font [lmroman10-bold]:mapping=tex-text;!
Missing character: There is no 无 (U+65E0) in font [lmroman10-bold]:mapping=tex-text;!
Missing character: There is no 关 (U+5173) in font [lmroman10-bold]:mapping=tex-text;!
Missing character: There is no 性 (U+6027) in font [lmroman10-bold]:mapping=tex-text;!
Missing character: There is no 和 (U+548C) in font [lmroman10-bold]:mapping=tex-text;!
Missing character: There is no 鲁 (U+9C81) in font [lmroman10-bold]:mapping=tex-text;!
Missing character: There is no 棒 (U+68D2) in font [lmroman10-bold]:mapping=tex-text;!
Missing character: There is no 性 (U+6027) in font [lmroman10-bold]:mapping=tex-text;!
Missing character: There is no 的 (U+7684) in font [lmroman10-bold]:mapping=tex-text;!
Missing character: There is no 思 (U+601D) in font [lmroman10-bold]:mapping=tex-text;!
Missing character: There is no 考 (U+8003) in font [lmroman10-bold]:mapping=tex-text;!

Underfull \hbox (badness 10000) in paragraph at lines 289--290

 []

Missing character: There is no 为 (U+4E3A) in font [lmroman10-bold]:mapping=tex-text;!
Missing character: There is no 什 (U+4EC0) in font [lmroman10-bold]:mapping=tex-text;!
Missing character: There is no 么 (U+4E48) in font [lmroman10-bold]:mapping=tex-text;!
Missing character: There is no 不 (U+4E0D) in font [lmroman10-bold]:mapping=tex-text;!
Missing character: There is no 可 (U+53EF) in font [lmroman10-bold]:mapping=tex-text;!
Missing character: There is no 以 (U+4EE5) in font [lmroman10-bold]:mapping=tex-text;!
Missing character: There is no 直 (U+76F4) in font [lmroman10-bold]:mapping=tex-text;!
Missing character: There is no 接 (U+63A5) in font [lmroman10-bold]:mapping=tex-text;!
Missing character: There is no 对 (U+5BF9) in font [lmroman10-bold]:mapping=tex-text;!
Missing character: There is no 做 (U+505A) in font [lmroman10-bold]:mapping=tex-text;!
Missing character: There is no 黑 (U+9ED1) in font [lmroman10-bold]:mapping=tex-text;!
Missing character: There is no 盒 (U+76D2) in font [lmroman10-bold]:mapping=tex-text;!
Missing character: There is no 分 (U+5206) in font [lmroman10-bold]:mapping=tex-text;!
Missing character: There is no 类 (U+7C7B) in font [lmroman10-bold]:mapping=tex-text;!
Missing character: There is no 实 (U+5B9E) in font [lmroman10-bold]:mapping=tex-text;!
Missing character: There is no 现 (U+73B0) in font [lmroman10-bold]:mapping=tex-text;!
Missing character: There is no 行 (U+884C) in font [lmroman10-bold]:mapping=tex-text;!
Missing character: There is no 为 (U+4E3A) in font [lmroman10-bold]:mapping=tex-text;!
Missing character: There is no 检 (U+68C0) in font [lmroman10-bold]:mapping=tex-text;!
Missing character: There is no 测 (U+6D4B) in font [lmroman10-bold]:mapping=tex-text;!
Missing character: There is no ？ (U+FF1F) in font [lmroman10-bold]:mapping=tex-text;!
Missing character: There is no 用 (U+7528) in font [lmroman10-bold]:mapping=tex-text;!
Missing character: There is no 机 (U+673A) in font [lmroman10-bold]:mapping=tex-text;!
Missing character: There is no 器 (U+5668) in font [lmroman10-bold]:mapping=tex-text;!
Missing character: There is no 学 (U+5B66) in font [lmroman10-bold]:mapping=tex-text;!
Missing character: There is no 习 (U+4E60) in font [lmroman10-bold]:mapping=tex-text;!
Missing character: There is no 的 (U+7684) in font [lmroman10-bold]:mapping=tex-text;!
Missing character: There is no 方 (U+65B9) in font [lmroman10-bold]:mapping=tex-text;!
Missing character: There is no 式 (U+5F0F) in font [lmroman10-bold]:mapping=tex-text;!
Missing character: There is no 直 (U+76F4) in font [lmroman10-bold]:mapping=tex-text;!
Missing character: There is no 接 (U+63A5) in font [lmroman10-bold]:mapping=tex-text;!
Missing character: There is no 判 (U+5224) in font [lmroman10-bold]:mapping=tex-text;!
Missing character: There is no 断 (U+65AD) in font [lmroman10-bold]:mapping=tex-text;!
Missing character: There is no 与 (U+4E0E) in font [lmroman10-bold]:mapping=tex-text;!
Missing character: There is no 识 (U+8BC6) in font [lmroman10-bold]:mapping=tex-text;!
Missing character: There is no 别 (U+522B) in font [lmroman10-bold]:mapping=tex-text;!
Missing character: There is no 活 (U+6D3B) in font [lmroman10-bold]:mapping=tex-text;!
Missing character: There is no 动 (U+52A8) in font [lmroman10-bold]:mapping=tex-text;!
Missing character: There is no ？ (U+FF1F) in font [lmroman10-bold]:mapping=tex-text;!
Missing character: There is no 用 (U+7528) in font [lmroman10-regular]:mapping=tex-text;!
Missing character: There is no 什 (U+4EC0) in font [lmroman10-regular]:mapping=tex-text;!
Missing character: There is no 么 (U+4E48) in font [lmroman10-regular]:mapping=tex-text;!
Missing character: There is no 量 (U+91CF) in font [lmroman10-regular]:mapping=tex-text;!
Missing character: There is no 来 (U+6765) in font [lmroman10-regular]:mapping=tex-text;!
Missing character: There is no 量 (U+91CF) in font [lmroman10-regular]:mapping=tex-text;!
Missing character: There is no 化 (U+5316) in font [lmroman10-regular]:mapping=tex-text;!
Missing character: There is no 感 (U+611F) in font [lmroman10-regular]:mapping=tex-text;!
Missing character: There is no 知 (U+77E5) in font [lmroman10-regular]:mapping=tex-text;!
Missing character: There is no ？ (U+FF1F) in font [lmroman10-regular]:mapping=tex-text;!
Missing character: There is no 选 (U+9009) in font [lmroman10-regular]:mapping=tex-text;!
Missing character: There is no 择 (U+62E9) in font [lmroman10-regular]:mapping=tex-text;!
Missing character: There is no 的 (U+7684) in font [lmroman10-regular]:mapping=tex-text;!
Missing character: There is no 标 (U+6807) in font [lmroman10-regular]:mapping=tex-text;!
Missing character: There is no 准 (U+51C6) in font [lmroman10-regular]:mapping=tex-text;!
Missing character: There is no ？ (U+FF1F) in font [lmroman10-regular]:mapping=tex-text;!


[3]
Missing character: There is no 共 (U+5171) in font [lmroman10-bold]:mapping=tex-text;!
Missing character: There is no 同 (U+540C) in font [lmroman10-bold]:mapping=tex-text;!
Missing character: There is no 的 (U+7684) in font [lmroman10-bold]:mapping=tex-text;!
Missing character: There is no 研 (U+7814) in font [lmroman10-bold]:mapping=tex-text;!
Missing character: There is no 究 (U+7A76) in font [lmroman10-bold]:mapping=tex-text;!
Missing character: There is no 路 (U+8DEF) in font [lmroman10-bold]:mapping=tex-text;!
Missing character: There is no 线 (U+7EBF) in font [lmroman10-bold]:mapping=tex-text;!
Missing character: There is no ： (U+FF1A) in font [lmroman10-bold]:mapping=tex-text;!
Missing character: There is no 从 (U+4ECE) in font [lmroman10-bold]:mapping=tex-text;!
Missing character: There is no 任 (U+4EFB) in font [lmroman10-bold]:mapping=tex-text;!
Missing character: There is no 务 (U+52A1) in font [lmroman10-bold]:mapping=tex-text;!
Missing character: There is no 反 (U+53CD) in font [lmroman10-bold]:mapping=tex-text;!
Missing character: There is no 推 (U+63A8) in font [lmroman10-bold]:mapping=tex-text;!
Missing character: There is no 可 (U+53EF) in font [lmroman10-bold]:mapping=tex-text;!
Missing character: There is no 观 (U+89C2) in font [lmroman10-bold]:mapping=tex-text;!
Missing character: There is no 测 (U+6D4B) in font [lmroman10-bold]:mapping=tex-text;!
Missing character: There is no 量 (U+91CF) in font [lmroman10-bold]:mapping=tex-text;!
Missing character: There is no ， (U+FF0C) in font [lmroman10-bold]:mapping=tex-text;!
Missing character: There is no 再 (U+518D) in font [lmroman10-bold]:mapping=tex-text;!
Missing character: There is no 构 (U+6784) in font [lmroman10-bold]:mapping=tex-text;!
Missing character: There is no 造 (U+9020) in font [lmroman10-bold]:mapping=tex-text;!
Missing character: There is no 中 (U+4E2D) in font [lmroman10-bold]:mapping=tex-text;!
Missing character: There is no 间 (U+95F4) in font [lmroman10-bold]:mapping=tex-text;!
Missing character: There is no 状 (U+72B6) in font [lmroman10-bold]:mapping=tex-text;!
Missing character: There is no 态 (U+6001) in font [lmroman10-bold]:mapping=tex-text;!
Missing character: There is no 任 (U+4EFB) in font [lmroman10-bold]:mapping=tex-text;!
Missing character: There is no 务 (U+52A1) in font [lmroman10-bold]:mapping=tex-text;!
Missing character: There is no 定 (U+5B9A) in font [lmroman10-bold]:mapping=tex-text;!
Missing character: There is no 义 (U+4E49) in font [lmroman10-bold]:mapping=tex-text;!
Missing character: There is no （ (U+FF08) in font [lmroman10-bold]:mapping=tex-text;!
Missing character: There is no 要 (U+8981) in font [lmroman10-bold]:mapping=tex-text;!
Missing character: There is no 输 (U+8F93) in font [lmroman10-bold]:mapping=tex-text;!
Missing character: There is no 出 (U+51FA) in font [lmroman10-bold]:mapping=tex-text;!
Missing character: There is no 什 (U+4EC0) in font [lmroman10-bold]:mapping=tex-text;!
Missing character: There is no 么 (U+4E48) in font [lmroman10-bold]:mapping=tex-text;!
Missing character: There is no ） (U+FF09) in font [lmroman10-bold]:mapping=tex-text;!
Missing character: There is no 信 (U+4FE1) in font [lmroman10-bold]:mapping=tex-text;!
Missing character: There is no 号 (U+53F7) in font [lmroman10-bold]:mapping=tex-text;!
Missing character: There is no 可 (U+53EF) in font [lmroman10-bold]:mapping=tex-text;!
Missing character: There is no 观 (U+89C2) in font [lmroman10-bold]:mapping=tex-text;!
Missing character: There is no 测 (U+6D4B) in font [lmroman10-bold]:mapping=tex-text;!
Missing character: There is no 量 (U+91CF) in font [lmroman10-bold]:mapping=tex-text;!
Missing character: There is no （ (U+FF08) in font [lmroman10-bold]:mapping=tex-text;!
Missing character: There is no 能 (U+80FD) in font [lmroman10-bold]:mapping=tex-text;!
Missing character: There is no 测 (U+6D4B) in font [lmroman10-bold]:mapping=tex-text;!
Missing character: There is no 到 (U+5230) in font [lmroman10-bold]:mapping=tex-text;!
Missing character: There is no 什 (U+4EC0) in font [lmroman10-bold]:mapping=tex-text;!
Missing character: There is no 么 (U+4E48) in font [lmroman10-bold]:mapping=tex-text;!
Missing character: There is no ） (U+FF09) in font [lmroman10-bold]:mapping=tex-text;!
Missing character: There is no 中 (U+4E2D) in font [lmroman10-bold]:mapping=tex-text;!
Missing character: There is no 间 (U+95F4) in font [lmroman10-bold]:mapping=tex-text;!
Missing character: There is no 物 (U+7269) in font [lmroman10-bold]:mapping=tex-text;!
Missing character: There is no 理 (U+7406) in font [lmroman10-bold]:mapping=tex-text;!
Missing character: There is no 结 (U+7ED3) in font [lmroman10-bold]:mapping=tex-text;!
Missing character: There is no 构 (U+6784) in font [lmroman10-bold]:mapping=tex-text;!
Missing character: There is no 状 (U+72B6) in font [lmroman10-bold]:mapping=tex-text;!
Missing character: There is no 态 (U+6001) in font [lmroman10-bold]:mapping=tex-text;!
Missing character: There is no （ (U+FF08) in font [lmroman10-bold]:mapping=tex-text;!
Missing character: There is no 把 (U+628A) in font [lmroman10-bold]:mapping=tex-text;!
Missing character: There is no 复 (U+590D) in font [lmroman10-bold]:mapping=tex-text;!
Missing character: There is no 杂 (U+6742) in font [lmroman10-bold]:mapping=tex-text;!
Missing character: There is no 信 (U+4FE1) in font [lmroman10-bold]:mapping=tex-text;!
Missing character: There is no 号 (U+53F7) in font [lmroman10-bold]:mapping=tex-text;!
Missing character: There is no 变 (U+53D8) in font [lmroman10-bold]:mapping=tex-text;!
Missing character: There is no 得 (U+5F97) in font [lmroman10-bold]:mapping=tex-text;!
Missing character: There is no 可 (U+53EF) in font [lmroman10-bold]:mapping=tex-text;!
Missing character: There is no 解 (U+89E3) in font [lmroman10-bold]:mapping=tex-text;!
Missing character: There is no 释 (U+91CA) in font [lmroman10-bold]:mapping=tex-text;!
Missing character: There is no 可 (U+53EF) in font [lmroman10-bold]:mapping=tex-text;!
Missing character: There is no 约 (U+7EA6) in font [lmroman10-bold]:mapping=tex-text;!
Missing character: There is no 束 (U+675F) in font [lmroman10-bold]:mapping=tex-text;!
Missing character: There is no ） (U+FF09) in font [lmroman10-bold]:mapping=tex-text;!
Missing character: There is no 算 (U+7B97) in font [lmroman10-bold]:mapping=tex-text;!
Missing character: There is no 法 (U+6CD5) in font [lmroman10-bold]:mapping=tex-text;!
Missing character: There is no 推 (U+63A8) in font [lmroman10-bold]:mapping=tex-text;!
Missing character: There is no 断 (U+65AD) in font [lmroman10-bold]:mapping=tex-text;!
Missing character: There is no 系 (U+7CFB) in font [lmroman10-bold]:mapping=tex-text;!
Missing character: There is no 统 (U+7EDF) in font [lmroman10-bold]:mapping=tex-text;!
Missing character: There is no 实 (U+5B9E) in font [lmroman10-bold]:mapping=tex-text;!
Missing character: There is no 现 (U+73B0) in font [lmroman10-bold]:mapping=tex-text;!
Missing character: There is no 与 (U+4E0E) in font [lmroman10-bold]:mapping=tex-text;!
Missing character: There is no 评 (U+8BC4) in font [lmroman10-bold]:mapping=tex-text;!
Missing character: There is no 测 (U+6D4B) in font [lmroman10-bold]:mapping=tex-text;!
Missing character: There is no 如 (U+5982) in font [lmroman10-regular]:mapping=tex-text;!
Missing character: There is no 果 (U+679C) in font [lmroman10-regular]:mapping=tex-text;!
Missing character: There is no 如 (U+5982) in font [lmroman10-regular]:mapping=tex-text;!
Missing character: There is no 果 (U+679C) in font [lmroman10-regular]:mapping=tex-text;!
Missing character: There is no 如 (U+5982) in font [lmroman10-regular]:mapping=tex-text;!
Missing character: There is no 果 (U+679C) in font [lmroman10-regular]:mapping=tex-text;!
Missing character: There is no 直 (U+76F4) in font [lmroman10-regular]:mapping=tex-text;!
Missing character: There is no 接 (U+63A5) in font [lmroman10-regular]:mapping=tex-text;!
Missing character: There is no 拿 (U+62FF) in font [lmroman10-regular]:mapping=tex-text;!
Missing character: There is no 做 (U+505A) in font [lmroman10-regular]:mapping=tex-text;!
Missing character: There is no 黑 (U+9ED1) in font [lmroman10-regular]:mapping=tex-text;!
Missing character: There is no 盒 (U+76D2) in font [lmroman10-regular]:mapping=tex-text;!
Missing character: There is no 分 (U+5206) in font [lmroman10-regular]:mapping=tex-text;!
Missing character: There is no 类 (U+7C7B) in font [lmroman10-regular]:mapping=tex-text;!
Missing character: There is no ， (U+FF0C) in font [lmroman10-regular]:mapping=tex-text;!
Missing character: There is no 泛 (U+6CDB) in font [lmroman10-regular]:mapping=tex-text;!
Missing character: There is no 化 (U+5316) in font [lmroman10-regular]:mapping=tex-text;!
Missing character: There is no 鲁 (U+9C81) in font [lmroman10-regular]:mapping=tex-text;!
Missing character: There is no 棒 (U+68D2) in font [lmroman10-regular]:mapping=tex-text;!
Missing character: There is no 性 (U+6027) in font [lmroman10-regular]:mapping=tex-text;!
Missing character: There is no 会 (U+4F1A) in font [lmroman10-regular]:mapping=tex-text;!
Missing character: There is no 成 (U+6210) in font [lmroman10-regular]:mapping=tex-text;!
Missing character: There is no 为 (U+4E3A) in font [lmroman10-regular]:mapping=tex-text;!
Missing character: There is no 硬 (U+786C) in font [lmroman10-regular]:mapping=tex-text;!
Missing character: There is no 伤 (U+4F24) in font [lmroman10-regular]:mapping=tex-text;!
Missing character: There is no ； (U+FF1B) in font [lmroman10-regular]:mapping=tex-text;!
Missing character: There is no 人 (U+4EBA) in font [lmroman10-bold]:mapping=tex-text;!
Missing character: There is no 为 (U+4E3A) in font [lmroman10-bold]:mapping=tex-text;!
Missing character: There is no 人 (U+4EBA) in font [lmroman10-bold]:mapping=tex-text;!
Missing character: There is no 为 (U+4E3A) in font [lmroman10-bold]:mapping=tex-text;!
Missing character: There is no 人 (U+4EBA) in font [lmroman10-bold]:mapping=tex-text;!
Missing character: There is no 为 (U+4E3A) in font [lmroman10-bold]:mapping=tex-text;!
Missing character: There is no 地 (U+5730) in font [lmroman10-bold]:mapping=tex-text;!
Missing character: There is no 插 (U+63D2) in font [lmroman10-bold]:mapping=tex-text;!
Missing character: There is no 入 (U+5165) in font [lmroman10-bold]:mapping=tex-text;!
Missing character: There is no 一 (U+4E00) in font [lmroman10-bold]:mapping=tex-text;!
Missing character: There is no 个 (U+4E2A) in font [lmroman10-bold]:mapping=tex-text;!
Missing character: There is no 中 (U+4E2D) in font [lmroman10-bold]:mapping=tex-text;!
Missing character: There is no 间 (U+95F4) in font [lmroman10-bold]:mapping=tex-text;!
Missing character: There is no 状 (U+72B6) in font [lmroman10-bold]:mapping=tex-text;!
Missing character: There is no 态 (U+6001) in font [lmroman10-bold]:mapping=tex-text;!
Missing character: There is no 层 (U+5C42) in font [lmroman10-bold]:mapping=tex-text;!
Missing character: There is no （ (U+FF08) in font [lmroman10-regular]:mapping=tex-text;!
Missing character: There is no 比 (U+6BD4) in font [lmroman10-regular]:mapping=tex-text;!
Missing character: There is no 如 (U+5982) in font [lmroman10-regular]:mapping=tex-text;!
Missing character: There is no 速 (U+901F) in font [lmroman10-regular]:mapping=tex-text;!
Missing character: There is no 度 (U+5EA6) in font [lmroman10-regular]:mapping=tex-text;!
Missing character: There is no 、 (U+3001) in font [lmroman10-regular]:mapping=tex-text;!
Missing character: There is no 加 (U+52A0) in font [lmroman10-regular]:mapping=tex-text;!
Missing character: There is no 速 (U+901F) in font [lmroman10-regular]:mapping=tex-text;!
Missing character: There is no 度 (U+5EA6) in font [lmroman10-regular]:mapping=tex-text;!
Missing character: There is no 、 (U+3001) in font [lmroman10-regular]:mapping=tex-text;!
Missing character: There is no 差 (U+5DEE) in font [lmroman10-regular]:mapping=tex-text;!
Missing character: There is no 分 (U+5206) in font [lmroman10-regular]:mapping=tex-text;!
Missing character: There is no 距 (U+8DDD) in font [lmroman10-regular]:mapping=tex-text;!
Missing character: There is no 离 (U+79BB) in font [lmroman10-regular]:mapping=tex-text;!
Missing character: There is no 、 (U+3001) in font [lmroman10-regular]:mapping=tex-text;!
Missing character: There is no 轨 (U+8F68) in font [lmroman10-regular]:mapping=tex-text;!
Missing character: There is no 迹 (U+8FF9) in font [lmroman10-regular]:mapping=tex-text;!
Missing character: There is no 图 (U+56FE) in font [lmroman10-regular]:mapping=tex-text;!
Missing character: There is no 一 (U+4E00) in font [lmroman10-regular]:mapping=tex-text;!
Missing character: There is no 致 (U+81F4) in font [lmroman10-regular]:mapping=tex-text;!
Missing character: There is no 性 (U+6027) in font [lmroman10-regular]:mapping=tex-text;!
Missing character: There is no 变 (U+53D8) in font [lmroman10-regular]:mapping=tex-text;!
Missing character: There is no 量 (U+91CF) in font [lmroman10-regular]:mapping=tex-text;!
Missing character: There is no 、 (U+3001) in font [lmroman10-regular]:mapping=tex-text;!
Missing character: There is no 通 (U+901A) in font [lmroman10-regular]:mapping=tex-text;!
Missing character: There is no 用 (U+7528) in font [lmroman10-regular]:mapping=tex-text;!
Missing character: There is no 表 (U+8868) in font [lmroman10-regular]:mapping=tex-text;!
Missing character: There is no 征 (U+5F81) in font [lmroman10-regular]:mapping=tex-text;!
Missing character: There is no 等 (U+7B49) in font [lmroman10-regular]:mapping=tex-text;!
Missing character: There is no ） (U+FF09) in font [lmroman10-regular]:mapping=tex-text;!
Missing character: There is no ， (U+FF0C) in font [lmroman10-regular]:mapping=tex-text;!
Missing character: There is no 来 (U+6765) in font [lmroman10-regular]:mapping=tex-text;!
Missing character: There is no 降 (U+964D) in font [lmroman10-regular]:mapping=tex-text;!
Missing character: There is no 低 (U+4F4E) in font [lmroman10-regular]:mapping=tex-text;!
Missing character: There is no 问 (U+95EE) in font [lmroman10-regular]:mapping=tex-text;!
Missing character: There is no 题 (U+9898) in font [lmroman10-regular]:mapping=tex-text;!
Missing character: There is no 复 (U+590D) in font [lmroman10-regular]:mapping=tex-text;!
Missing character: There is no 杂 (U+6742) in font [lmroman10-regular]:mapping=tex-text;!
Missing character: There is no 度 (U+5EA6) in font [lmroman10-regular]:mapping=tex-text;!
Missing character: There is no 、 (U+3001) in font [lmroman10-regular]:mapping=tex-text;!
Missing character: There is no 增 (U+589E) in font [lmroman10-regular]:mapping=tex-text;!
Missing character: There is no 强 (U+5F3A) in font [lmroman10-regular]:mapping=tex-text;!
Missing character: There is no 可 (U+53EF) in font [lmroman10-regular]:mapping=tex-text;!
Missing character: There is no 解 (U+89E3) in font [lmroman10-regular]:mapping=tex-text;!
Missing character: There is no 释 (U+91CA) in font [lmroman10-regular]:mapping=tex-text;!
Missing character: There is no 性 (U+6027) in font [lmroman10-regular]:mapping=tex-text;!
Missing character: There is no 、 (U+3001) in font [lmroman10-regular]:mapping=tex-text;!
Missing character: There is no 或 (U+6216) in font [lmroman10-regular]:mapping=tex-text;!
Missing character: There is no 引 (U+5F15) in font [lmroman10-regular]:mapping=tex-text;!
Missing character: There is no 入 (U+5165) in font [lmroman10-regular]:mapping=tex-text;!
Missing character: There is no 先 (U+5148) in font [lmroman10-regular]:mapping=tex-text;!
Missing character: There is no 验 (U+9A8C) in font [lmroman10-regular]:mapping=tex-text;!
Missing character: There is no 约 (U+7EA6) in font [lmroman10-regular]:mapping=tex-text;!
Missing character: There is no 束 (U+675F) in font [lmroman10-regular]:mapping=tex-text;!
Missing character: There is no 。 (U+3002) in font [lmroman10-regular]:mapping=tex-text;!
Missing character: There is no 无 (U+65E0) in font [lmroman10-bold]:mapping=tex-text;!
Missing character: There is no 线 (U+7EBF) in font [lmroman10-bold]:mapping=tex-text;!
Missing character: There is no 信 (U+4FE1) in font [lmroman10-bold]:mapping=tex-text;!
Missing character: There is no 号 (U+53F7) in font [lmroman10-bold]:mapping=tex-text;!
Missing character: There is no 可 (U+53EF) in font [lmroman10-bold]:mapping=tex-text;!
Missing character: There is no 解 (U+89E3) in font [lmroman10-bold]:mapping=tex-text;!
Missing character: There is no 释 (U+91CA) in font [lmroman10-bold]:mapping=tex-text;!
Missing character: There is no 可 (U+53EF) in font [lmroman10-bold]:mapping=tex-text;!
Missing character: There is no 约 (U+7EA6) in font [lmroman10-bold]:mapping=tex-text;!
Missing character: There is no 束 (U+675F) in font [lmroman10-bold]:mapping=tex-text;!
Missing character: There is no 的 (U+7684) in font [lmroman10-bold]:mapping=tex-text;!
Missing character: There is no 状 (U+72B6) in font [lmroman10-bold]:mapping=tex-text;!
Missing character: There is no 态 (U+6001) in font [lmroman10-bold]:mapping=tex-text;!
Missing character: There is no 变 (U+53D8) in font [lmroman10-bold]:mapping=tex-text;!
Missing character: There is no 量 (U+91CF) in font [lmroman10-bold]:mapping=tex-text;!
Missing character: There is no 任 (U+4EFB) in font [lmroman10-bold]:mapping=tex-text;!
Missing character: There is no 务 (U+52A1) in font [lmroman10-bold]:mapping=tex-text;!
Missing character: There is no 输 (U+8F93) in font [lmroman10-bold]:mapping=tex-text;!
Missing character: There is no 出 (U+51FA) in font [lmroman10-bold]:mapping=tex-text;!
Missing character: There is no ？ (U+FF1F) in font [lmroman10-regular]:mapping=tex-text;!

Underfull \hbox (badness 10000) in paragraph at lines 311--312

 []

Missing character: There is no 中 (U+4E2D) in font [lmroman10-bold]:mapping=tex-text;!
Missing character: There is no 间 (U+95F4) in font [lmroman10-bold]:mapping=tex-text;!
Missing character: There is no 状 (U+72B6) in font [lmroman10-bold]:mapping=tex-text;!
Missing character: There is no 态 (U+6001) in font [lmroman10-bold]:mapping=tex-text;!
Missing character: There is no 的 (U+7684) in font [lmroman10-bold]:mapping=tex-text;!
Missing character: There is no 抉 (U+6289) in font [lmroman10-bold]:mapping=tex-text;!
Missing character: There is no 择 (U+62E9) in font [lmroman10-bold]:mapping=tex-text;!
Missing character: There is no 速 (U+901F) in font [lmroman10-regular]:mapping=tex-text;!
Missing character: There is no 度 (U+5EA6) in font [lmroman10-regular]:mapping=tex-text;!
Missing character: There is no 速 (U+901F) in font [lmroman10-regular]:mapping=tex-text;!
Missing character: There is no 度 (U+5EA6) in font [lmroman10-regular]:mapping=tex-text;!
Missing character: There is no 速 (U+901F) in font [lmroman10-regular]:mapping=tex-text;!
Missing character: There is no 度 (U+5EA6) in font [lmroman10-regular]:mapping=tex-text;!
Missing character: There is no 加 (U+52A0) in font [lmroman10-regular]:mapping=tex-text;!
Missing character: There is no 速 (U+901F) in font [lmroman10-regular]:mapping=tex-text;!
Missing character: There is no 度 (U+5EA6) in font [lmroman10-regular]:mapping=tex-text;!
Missing character: There is no （ (U+FF08) in font [lmroman10-regular]:mapping=tex-text;!
Missing character: There is no ） (U+FF09) in font [lmroman10-regular]:mapping=tex-text;!
Missing character: There is no 移 (U+79FB) in font [lmroman10-regular]:mapping=tex-text;!
Missing character: There is no 动 (U+52A8) in font [lmroman10-regular]:mapping=tex-text;!
Missing character: There is no 移 (U+79FB) in font [lmroman10-regular]:mapping=tex-text;!
Missing character: There is no 动 (U+52A8) in font [lmroman10-regular]:mapping=tex-text;!
Missing character: There is no 移 (U+79FB) in font [lmroman10-regular]:mapping=tex-text;!
Missing character: There is no 动 (U+52A8) in font [lmroman10-regular]:mapping=tex-text;!
Missing character: There is no 距 (U+8DDD) in font [lmroman10-regular]:mapping=tex-text;!
Missing character: There is no 离 (U+79BB) in font [lmroman10-regular]:mapping=tex-text;!
Missing character: There is no （ (U+FF08) in font [lmroman10-regular]:mapping=tex-text;!
Missing character: There is no ） (U+FF09) in font [lmroman10-regular]:mapping=tex-text;!
Missing character: There is no 差 (U+5DEE) in font [lmroman10-regular]:mapping=tex-text;!
Missing character: There is no 分 (U+5206) in font [lmroman10-regular]:mapping=tex-text;!
Missing character: There is no 差 (U+5DEE) in font [lmroman10-regular]:mapping=tex-text;!
Missing character: There is no 分 (U+5206) in font [lmroman10-regular]:mapping=tex-text;!
Missing character: There is no 差 (U+5DEE) in font [lmroman10-regular]:mapping=tex-text;!
Missing character: There is no 分 (U+5206) in font [lmroman10-regular]:mapping=tex-text;!
Missing character: There is no 距 (U+8DDD) in font [lmroman10-regular]:mapping=tex-text;!
Missing character: There is no 离 (U+79BB) in font [lmroman10-regular]:mapping=tex-text;!
Missing character: There is no （ (U+FF08) in font [lmroman10-regular]:mapping=tex-text;!
Missing character: There is no ） (U+FF09) in font [lmroman10-regular]:mapping=tex-text;!
Missing character: There is no 图 (U+56FE) in font [lmroman10-regular]:mapping=tex-text;!
Missing character: There is no 上 (U+4E0A) in font [lmroman10-regular]:mapping=tex-text;!
Missing character: There is no 图 (U+56FE) in font [lmroman10-regular]:mapping=tex-text;!
Missing character: There is no 上 (U+4E0A) in font [lmroman10-regular]:mapping=tex-text;!
Missing character: There is no 图 (U+56FE) in font [lmroman10-regular]:mapping=tex-text;!
Missing character: There is no 上 (U+4E0A) in font [lmroman10-regular]:mapping=tex-text;!
Missing character: There is no 的 (U+7684) in font [lmroman10-regular]:mapping=tex-text;!
Missing character: There is no 一 (U+4E00) in font [lmroman10-regular]:mapping=tex-text;!
Missing character: There is no 致 (U+81F4) in font [lmroman10-regular]:mapping=tex-text;!
Missing character: There is no 性 (U+6027) in font [lmroman10-regular]:mapping=tex-text;!
Missing character: There is no 变 (U+53D8) in font [lmroman10-regular]:mapping=tex-text;!
Missing character: There is no 量 (U+91CF) in font [lmroman10-regular]:mapping=tex-text;!
Missing character: There is no γ (U+03B3) in font [lmroman10-regular]:mapping=tex-text;!
Missing character: There is no （ (U+FF08) in font [lmroman10-regular]:mapping=tex-text;!
Missing character: There is no ） (U+FF09) in font [lmroman10-regular]:mapping=tex-text;!
Missing character: There is no 通 (U+901A) in font [lmroman10-regular]:mapping=tex-text;!
Missing character: There is no 用 (U+7528) in font [lmroman10-regular]:mapping=tex-text;!
Missing character: There is no 通 (U+901A) in font [lmroman10-regular]:mapping=tex-text;!
Missing character: There is no 用 (U+7528) in font [lmroman10-regular]:mapping=tex-text;!
Missing character: There is no 通 (U+901A) in font [lmroman10-regular]:mapping=tex-text;!
Missing character: There is no 用 (U+7528) in font [lmroman10-regular]:mapping=tex-text;!
Missing character: There is no 跌 (U+8DCC) in font [lmroman10-regular]:mapping=tex-text;!
Missing character: There is no 倒 (U+5012) in font [lmroman10-regular]:mapping=tex-text;!
Missing character: There is no 表 (U+8868) in font [lmroman10-regular]:mapping=tex-text;!
Missing character: There is no 征 (U+5F81) in font [lmroman10-regular]:mapping=tex-text;!
Missing character: There is no （ (U+FF08) in font [lmroman10-regular]:mapping=tex-text;!
Missing character: There is no ） (U+FF09) in font [lmroman10-regular]:mapping=tex-text;!
Missing character: There is no 方 (U+65B9) in font [lmroman10-bold]:mapping=tex-text;!
Missing character: There is no 法 (U+6CD5) in font [lmroman10-bold]:mapping=tex-text;!
Missing character: There is no 论 (U+8BBA) in font [lmroman10-bold]:mapping=tex-text;!
Missing character: There is no 结 (U+7ED3) in font [lmroman10-bold]:mapping=tex-text;!
Missing character: There is no 论 (U+8BBA) in font [lmroman10-bold]:mapping=tex-text;!
Missing character: There is no ： (U+FF1A) in font [lmroman10-regular]:mapping=tex-text;!
Missing character: There is no 中 (U+4E2D) in font [lmroman10-regular]:mapping=tex-text;!
Missing character: There is no 间 (U+95F4) in font [lmroman10-regular]:mapping=tex-text;!
Missing character: There is no 状 (U+72B6) in font [lmroman10-regular]:mapping=tex-text;!
Missing character: There is no 态 (U+6001) in font [lmroman10-regular]:mapping=tex-text;!
Missing character: There is no 越 (U+8D8A) in font [lmroman10-regular]:mapping=tex-text;!
Missing character: There is no 结 (U+7ED3) in font [lmroman10-regular]:mapping=tex-text;!
Missing character: There is no 构 (U+6784) in font [lmroman10-regular]:mapping=tex-text;!
Missing character: There is no 化 (U+5316) in font [lmroman10-regular]:mapping=tex-text;!
Missing character: There is no 物 (U+7269) in font [lmroman10-regular]:mapping=tex-text;!
Missing character: There is no 理 (U+7406) in font [lmroman10-regular]:mapping=tex-text;!
Missing character: There is no 化 (U+5316) in font [lmroman10-regular]:mapping=tex-text;!
Missing character: There is no ， (U+FF0C) in font [lmroman10-regular]:mapping=tex-text;!
Missing character: There is no 越 (U+8D8A) in font [lmroman10-regular]:mapping=tex-text;!
Missing character: There is no 容 (U+5BB9) in font [lmroman10-regular]:mapping=tex-text;!
Missing character: There is no 易 (U+6613) in font [lmroman10-regular]:mapping=tex-text;!
Missing character: There is no 泛 (U+6CDB) in font [lmroman10-regular]:mapping=tex-text;!
Missing character: There is no 化 (U+5316) in font [lmroman10-regular]:mapping=tex-text;!
Missing character: There is no 、 (U+3001) in font [lmroman10-regular]:mapping=tex-text;!
Missing character: There is no 越 (U+8D8A) in font [lmroman10-regular]:mapping=tex-text;!
Missing character: There is no 少 (U+5C11) in font [lmroman10-regular]:mapping=tex-text;!
Missing character: There is no 数 (U+6570) in font [lmroman10-regular]:mapping=tex-text;!
Missing character: There is no 据 (U+636E) in font [lmroman10-regular]:mapping=tex-text;!
Missing character: There is no ； (U+FF1B) in font [lmroman10-regular]:mapping=tex-text;!
Missing character: There is no 越 (U+8D8A) in font [lmroman10-regular]:mapping=tex-text;!
Missing character: There is no 表 (U+8868) in font [lmroman10-regular]:mapping=tex-text;!
Missing character: There is no 征 (U+5F81) in font [lmroman10-regular]:mapping=tex-text;!
Missing character: There is no 化 (U+5316) in font [lmroman10-regular]:mapping=tex-text;!
Missing character: There is no ， (U+FF0C) in font [lmroman10-regular]:mapping=tex-text;!
Missing character: There is no 越 (U+8D8A) in font [lmroman10-regular]:mapping=tex-text;!
Missing character: There is no 可 (U+53EF) in font [lmroman10-regular]:mapping=tex-text;!
Missing character: There is no 能 (U+80FD) in font [lmroman10-regular]:mapping=tex-text;!
Missing character: There is no 拿 (U+62FF) in font [lmroman10-regular]:mapping=tex-text;!
Missing character: There is no 到 (U+5230) in font [lmroman10-regular]:mapping=tex-text;!
Missing character: There is no 上 (U+4E0A) in font [lmroman10-regular]:mapping=tex-text;!
Missing character: There is no 限 (U+9650) in font [lmroman10-regular]:mapping=tex-text;!
Missing character: There is no 但 (U+4F46) in font [lmroman10-regular]:mapping=tex-text;!
Missing character: There is no 更 (U+66F4) in font [lmroman10-regular]:mapping=tex-text;!
Missing character: There is no 依 (U+4F9D) in font [lmroman10-regular]:mapping=tex-text;!
Missing character: There is no 赖 (U+8D56) in font [lmroman10-regular]:mapping=tex-text;!
Missing character: There is no 训 (U+8BAD) in font [lmroman10-regular]:mapping=tex-text;!
Missing character: There is no 练 (U+7EC3) in font [lmroman10-regular]:mapping=tex-text;!
Missing character: There is no 策 (U+7B56) in font [lmroman10-regular]:mapping=tex-text;!
Missing character: There is no 略 (U+7565) in font [lmroman10-regular]:mapping=tex-text;!
Missing character: There is no 与 (U+4E0E) in font [lmroman10-regular]:mapping=tex-text;!
Missing character: There is no 数 (U+6570) in font [lmroman10-regular]:mapping=tex-text;!
Missing character: There is no 据 (U+636E) in font [lmroman10-regular]:mapping=tex-text;!
Missing character: There is no 。 (U+3002) in font [lmroman10-regular]:mapping=tex-text;!
Missing character: There is no ？ (U+FF1F) in font [lmroman10-regular]:mapping=tex-text;!
Missing character: There is no 即 (U+5373) in font [lmroman10-bold]:mapping=tex-text;!
Missing character: There is no 共 (U+5171) in font [lmroman10-bold]:mapping=tex-text;!
Missing character: There is no 同 (U+540C) in font [lmroman10-bold]:mapping=tex-text;!
Missing character: There is no 的 (U+7684) in font [lmroman10-bold]:mapping=tex-text;!
Missing character: There is no 上 (U+4E0A) in font [lmroman10-bold]:mapping=tex-text;!
Missing character: There is no 限 (U+9650) in font [lmroman10-bold]:mapping=tex-text;!
Missing character: There is no 泛 (U+6CDB) in font [lmroman10-bold]:mapping=tex-text;!
Missing character: There is no 化 (U+5316) in font [lmroman10-bold]:mapping=tex-text;!
Missing character: There is no 二 (U+4E8C) in font [lmroman10-bold]:mapping=tex-text;!
Missing character: There is no 元 (U+5143) in font [lmroman10-bold]:mapping=tex-text;!
Missing character: There is no 张 (U+5F20) in font [lmroman10-bold]:mapping=tex-text;!
Missing character: There is no 力 (U+529B) in font [lmroman10-bold]:mapping=tex-text;!
Missing character: There is no 意 (U+610F) in font [lmroman10-bold]:mapping=tex-text;!
Missing character: There is no 识 (U+8BC6) in font [lmroman10-bold]:mapping=tex-text;!
Missing character: There is no 他 (U+4ED6) in font [lmroman10-regular]:mapping=tex-text;!
Missing character: There is no 们 (U+4EEC) in font [lmroman10-regular]:mapping=tex-text;!
Missing character: There is no 都 (U+90FD) in font [lmroman10-regular]:mapping=tex-text;!
Missing character: There is no 在 (U+5728) in font [lmroman10-regular]:mapping=tex-text;!
Missing character: There is no 同 (U+540C) in font [lmroman10-regular]:mapping=tex-text;!
Missing character: There is no 一 (U+4E00) in font [lmroman10-regular]:mapping=tex-text;!
Missing character: There is no 条 (U+6761) in font [lmroman10-regular]:mapping=tex-text;!
Missing character: There is no 张 (U+5F20) in font [lmroman10-regular]:mapping=tex-text;!
Missing character: There is no 力 (U+529B) in font [lmroman10-regular]:mapping=tex-text;!
Missing character: There is no 线 (U+7EBF) in font [lmroman10-regular]:mapping=tex-text;!
Missing character: There is no 上 (U+4E0A) in font [lmroman10-regular]:mapping=tex-text;!
Missing character: There is no 做 (U+505A) in font [lmroman10-regular]:mapping=tex-text;!
Missing character: There is no 选 (U+9009) in font [lmroman10-regular]:mapping=tex-text;!
Missing character: There is no 择 (U+62E9) in font [lmroman10-regular]:mapping=tex-text;!
Missing character: There is no ： (U+FF1A) in font [lmroman10-regular]:mapping=tex-text;!
Missing character: There is no 更 (U+66F4) in font [lmroman10-regular]:mapping=tex-text;!
Missing character: There is no 物 (U+7269) in font [lmroman10-regular]:mapping=tex-text;!
Missing character: There is no 更 (U+66F4) in font [lmroman10-regular]:mapping=tex-text;!
Missing character: There is no 物 (U+7269) in font [lmroman10-regular]:mapping=tex-text;!
Missing character: There is no 更 (U+66F4) in font [lmroman10-regular]:mapping=tex-text;!
Missing character: There is no 物 (U+7269) in font [lmroman10-regular]:mapping=tex-text;!
Missing character: There is no 理 (U+7406) in font [lmroman10-regular]:mapping=tex-text;!
Missing character: There is no 、 (U+3001) in font [lmroman10-regular]:mapping=tex-text;!
Missing character: There is no 更 (U+66F4) in font [lmroman10-regular]:mapping=tex-text;!
Missing character: There is no 可 (U+53EF) in font [lmroman10-regular]:mapping=tex-text;!
Missing character: There is no 解 (U+89E3) in font [lmroman10-regular]:mapping=tex-text;!
Missing character: There is no 释 (U+91CA) in font [lmroman10-regular]:mapping=tex-text;!
Missing character: There is no 泛 (U+6CDB) in font [lmroman10-regular]:mapping=tex-text;!
Missing character: There is no 化 (U+5316) in font [lmroman10-regular]:mapping=tex-text;!
Missing character: There is no 部 (U+90E8) in font [lmroman10-regular]:mapping=tex-text;!
Missing character: There is no 署 (U+7F72) in font [lmroman10-regular]:mapping=tex-text;!
Missing character: There is no 更 (U+66F4) in font [lmroman10-regular]:mapping=tex-text;!
Missing character: There is no 好 (U+597D) in font [lmroman10-regular]:mapping=tex-text;!
Missing character: There is no ， (U+FF0C) in font [lmroman10-regular]:mapping=tex-text;!
Missing character: There is no 但 (U+4F46) in font [lmroman10-regular]:mapping=tex-text;!
Missing character: There is no 上 (U+4E0A) in font [lmroman10-regular]:mapping=tex-text;!
Missing character: There is no 限 (U+9650) in font [lmroman10-regular]:mapping=tex-text;!
Missing character: There is no 可 (U+53EF) in font [lmroman10-regular]:mapping=tex-text;!
Missing character: There is no 能 (U+80FD) in font [lmroman10-regular]:mapping=tex-text;!
Missing character: There is no 受 (U+53D7) in font [lmroman10-regular]:mapping=tex-text;!
Missing character: There is no 限 (U+9650) in font [lmroman10-regular]:mapping=tex-text;!
Missing character: There is no （ (U+FF08) in font [lmroman10-regular]:mapping=tex-text;!
Missing character: There is no 、 (U+3001) in font [lmroman10-regular]:mapping=tex-text;!
Missing character: There is no ） (U+FF09) in font [lmroman10-regular]:mapping=tex-text;!
Missing character: There is no 更 (U+66F4) in font [lmroman10-regular]:mapping=tex-text;!
Missing character: There is no 表 (U+8868) in font [lmroman10-regular]:mapping=tex-text;!
Missing character: There is no 更 (U+66F4) in font [lmroman10-regular]:mapping=tex-text;!
Missing character: There is no 表 (U+8868) in font [lmroman10-regular]:mapping=tex-text;!
Missing character: There is no 更 (U+66F4) in font [lmroman10-regular]:mapping=tex-text;!
Missing character: There is no 表 (U+8868) in font [lmroman10-regular]:mapping=tex-text;!
Missing character: There is no 征 (U+5F81) in font [lmroman10-regular]:mapping=tex-text;!
Missing character: There is no 、 (U+3001) in font [lmroman10-regular]:mapping=tex-text;!
Missing character: There is no 更 (U+66F4) in font [lmroman10-regular]:mapping=tex-text;!
Missing character: There is no 深 (U+6DF1) in font [lmroman10-regular]:mapping=tex-text;!
Missing character: There is no 度 (U+5EA6) in font [lmroman10-regular]:mapping=tex-text;!
Missing character: There is no 上 (U+4E0A) in font [lmroman10-regular]:mapping=tex-text;!
Missing character: There is no 限 (U+9650) in font [lmroman10-regular]:mapping=tex-text;!
Missing character: There is no 更 (U+66F4) in font [lmroman10-regular]:mapping=tex-text;!
Missing character: There is no 高 (U+9AD8) in font [lmroman10-regular]:mapping=tex-text;!
Missing character: There is no ， (U+FF0C) in font [lmroman10-regular]:mapping=tex-text;!
Missing character: There is no 但 (U+4F46) in font [lmroman10-regular]:mapping=tex-text;!
Missing character: There is no 数 (U+6570) in font [lmroman10-regular]:mapping=tex-text;!
Missing character: There is no 据 (U+636E) in font [lmroman10-regular]:mapping=tex-text;!
Missing character: There is no 与 (U+4E0E) in font [lmroman10-regular]:mapping=tex-text;!
Missing character: There is no 训 (U+8BAD) in font [lmroman10-regular]:mapping=tex-text;!
Missing character: There is no 练 (U+7EC3) in font [lmroman10-regular]:mapping=tex-text;!
Missing character: There is no 策 (U+7B56) in font [lmroman10-regular]:mapping=tex-text;!
Missing character: There is no 略 (U+7565) in font [lmroman10-regular]:mapping=tex-text;!
Missing character: There is no 决 (U+51B3) in font [lmroman10-regular]:mapping=tex-text;!
Missing character: There is no 定 (U+5B9A) in font [lmroman10-regular]:mapping=tex-text;!
Missing character: There is no 成 (U+6210) in font [lmroman10-regular]:mapping=tex-text;!
Missing character: There is no 败 (U+8D25) in font [lmroman10-regular]:mapping=tex-text;!
Missing character: There is no （ (U+FF08) in font [lmroman10-regular]:mapping=tex-text;!
Missing character: There is no ） (U+FF09) in font [lmroman10-regular]:mapping=tex-text;!
Missing character: There is no 用 (U+7528) in font [lmroman10-regular]:mapping=tex-text;!
Missing character: There is no 约 (U+7EA6) in font [lmroman10-regular]:mapping=tex-text;!
Missing character: There is no 用 (U+7528) in font [lmroman10-regular]:mapping=tex-text;!
Missing character: There is no 约 (U+7EA6) in font [lmroman10-regular]:mapping=tex-text;!
Missing character: There is no 用 (U+7528) in font [lmroman10-regular]:mapping=tex-text;!
Missing character: There is no 约 (U+7EA6) in font [lmroman10-regular]:mapping=tex-text;!
Missing character: There is no 束 (U+675F) in font [lmroman10-regular]:mapping=tex-text;!
Missing character: There is no 融 (U+878D) in font [lmroman10-regular]:mapping=tex-text;!
Missing character: There is no 合 (U+5408) in font [lmroman10-regular]:mapping=tex-text;!
Missing character: There is no 来 (U+6765) in font [lmroman10-regular]:mapping=tex-text;!
Missing character: There is no 兼 (U+517C) in font [lmroman10-regular]:mapping=tex-text;!
Missing character: There is no 得 (U+5F97) in font [lmroman10-regular]:mapping=tex-text;!
Missing character: There is no （ (U+FF08) in font [lmroman10-regular]:mapping=tex-text;!
Missing character: There is no 、 (U+3001) in font [lmroman10-regular]:mapping=tex-text;!
Missing character: There is no 、 (U+3001) in font [lmroman10-regular]:mapping=tex-text;!
Missing character: There is no 、 (U+3001) in font [lmroman10-regular]:mapping=tex-text;!
Missing character: There is no ） (U+FF09) in font [lmroman10-regular]:mapping=tex-text;!
Missing character: There is no 共 (U+5171) in font [lmroman10-regular]:mapping=tex-text;!
Missing character: There is no 同 (U+540C) in font [lmroman10-regular]:mapping=tex-text;!
Missing character: There is no 点 (U+70B9) in font [lmroman10-regular]:mapping=tex-text;!
Missing character: There is no ： (U+FF1A) in font [lmroman10-regular]:mapping=tex-text;!
Missing character: There is no 泛 (U+6CDB) in font [lmroman10-bold]:mapping=tex-text;!
Missing character: There is no 化 (U+5316) in font [lmroman10-bold]:mapping=tex-text;!
Missing character: There is no 是 (U+662F) in font [lmroman10-bold]:mapping=tex-text;!
Missing character: There is no 核 (U+6838) in font [lmroman10-bold]:mapping=tex-text;!
Missing character: There is no 心 (U+5FC3) in font [lmroman10-bold]:mapping=tex-text;!
Missing character: There is no 设 (U+8BBE) in font [lmroman10-bold]:mapping=tex-text;!
Missing character: There is no 计 (U+8BA1) in font [lmroman10-bold]:mapping=tex-text;!
Missing character: There is no 目 (U+76EE) in font [lmroman10-bold]:mapping=tex-text;!
Missing character: There is no 标 (U+6807) in font [lmroman10-bold]:mapping=tex-text;!
Missing character: There is no 之 (U+4E4B) in font [lmroman10-bold]:mapping=tex-text;!
Missing character: There is no 一 (U+4E00) in font [lmroman10-bold]:mapping=tex-text;!
Missing character: There is no 。 (U+3002) in font [lmroman10-bold]:mapping=tex-text;!
Missing character: There is no 因 (U+56E0) in font [lmroman10-bold]:mapping=tex-text;!
Missing character: There is no 此 (U+6B64) in font [lmroman10-bold]:mapping=tex-text;!
Missing character: There is no 需 (U+9700) in font [lmroman10-bold]:mapping=tex-text;!
Missing character: There is no 要 (U+8981) in font [lmroman10-bold]:mapping=tex-text;!
Missing character: There is no 权 (U+6743) in font [lmroman10-bold]:mapping=tex-text;!
Missing character: There is no 衡 (U+8861) in font [lmroman10-bold]:mapping=tex-text;!
Missing character: There is no 怎 (U+600E) in font [lmroman10-bold]:mapping=tex-text;!
Missing character: There is no 么 (U+4E48) in font [lmroman10-bold]:mapping=tex-text;!
Missing character: There is no 找 (U+627E) in font [lmroman10-bold]:mapping=tex-text;!
Missing character: There is no 合 (U+5408) in font [lmroman10-bold]:mapping=tex-text;!
Missing character: There is no 适 (U+9002) in font [lmroman10-bold]:mapping=tex-text;!
Missing character: There is no 的 (U+7684) in font [lmroman10-bold]:mapping=tex-text;!
Missing character: There is no 中 (U+4E2D) in font [lmroman10-bold]:mapping=tex-text;!
Missing character: There is no 间 (U+95F4) in font [lmroman10-bold]:mapping=tex-text;!
Missing character: There is no 状 (U+72B6) in font [lmroman10-bold]:mapping=tex-text;!
Missing character: There is no 态 (U+6001) in font [lmroman10-bold]:mapping=tex-text;!
Missing character: There is no 把 (U+628A) in font [lmroman10-bold]:mapping=tex-text;!
Missing character: There is no 通 (U+901A) in font [lmroman10-bold]:mapping=tex-text;!
Missing character: There is no 信 (U+4FE1) in font [lmroman10-bold]:mapping=tex-text;!
Missing character: There is no 信 (U+4FE1) in font [lmroman10-bold]:mapping=tex-text;!
Missing character: There is no 号 (U+53F7) in font [lmroman10-bold]:mapping=tex-text;!
Missing character: There is no 转 (U+8F6C) in font [lmroman10-bold]:mapping=tex-text;!
Missing character: There is no 写 (U+5199) in font [lmroman10-bold]:mapping=tex-text;!
Missing character: There is no 成 (U+6210) in font [lmroman10-bold]:mapping=tex-text;!
Missing character: There is no 物 (U+7269) in font [lmroman10-bold]:mapping=tex-text;!
Missing character: There is no 理 (U+7406) in font [lmroman10-bold]:mapping=tex-text;!
Missing character: There is no 可 (U+53EF) in font [lmroman10-bold]:mapping=tex-text;!
Missing character: There is no 解 (U+89E3) in font [lmroman10-bold]:mapping=tex-text;!
Missing character: There is no 释 (U+91CA) in font [lmroman10-bold]:mapping=tex-text;!
Missing character: There is no 量 (U+91CF) in font [lmroman10-bold]:mapping=tex-text;!
Missing character: There is no 结 (U+7ED3) in font [lmroman10-bold]:mapping=tex-text;!
Missing character: There is no 构 (U+6784) in font [lmroman10-bold]:mapping=tex-text;!
Missing character: There is no 化 (U+5316) in font [lmroman10-bold]:mapping=tex-text;!
Missing character: There is no 表 (U+8868) in font [lmroman10-bold]:mapping=tex-text;!
Missing character: There is no 征 (U+5F81) in font [lmroman10-bold]:mapping=tex-text;!
Missing character: There is no ： (U+FF1A) in font [lmroman10-regular]:mapping=tex-text;!
Missing character: There is no 强 (U+5F3A) in font [lmroman10-regular]:mapping=tex-text;!
Missing character: There is no 调 (U+8C03) in font [lmroman10-regular]:mapping=tex-text;!
Missing character: There is no 用 (U+7528) in font [lmroman10-regular]:mapping=tex-text;!
Missing character: There is no 速 (U+901F) in font [lmroman10-regular]:mapping=tex-text;!
Missing character: There is no 度 (U+5EA6) in font [lmroman10-regular]:mapping=tex-text;!
Missing character: There is no 加 (U+52A0) in font [lmroman10-regular]:mapping=tex-text;!
Missing character: There is no 速 (U+901F) in font [lmroman10-regular]:mapping=tex-text;!
Missing character: There is no 度 (U+5EA6) in font [lmroman10-regular]:mapping=tex-text;!
Missing character: There is no 的 (U+7684) in font [lmroman10-regular]:mapping=tex-text;!
Missing character: There is no 生 (U+751F) in font [lmroman10-regular]:mapping=tex-text;!
Missing character: There is no 理 (U+7406) in font [lmroman10-regular]:mapping=tex-text;!
Missing character: There is no 运 (U+8FD0) in font [lmroman10-regular]:mapping=tex-text;!
Missing character: There is no 动 (U+52A8) in font [lmroman10-regular]:mapping=tex-text;!
Missing character: There is no 规 (U+89C4) in font [lmroman10-regular]:mapping=tex-text;!
Missing character: There is no 律 (U+5F8B) in font [lmroman10-regular]:mapping=tex-text;!
Missing character: There is no ， (U+FF0C) in font [lmroman10-regular]:mapping=tex-text;!
Missing character: There is no 而 (U+800C) in font [lmroman10-regular]:mapping=tex-text;!
Missing character: There is no 不 (U+4E0D) in font [lmroman10-regular]:mapping=tex-text;!
Missing character: There is no 是 (U+662F) in font [lmroman10-regular]:mapping=tex-text;!
Missing character: There is no 黑 (U+9ED1) in font [lmroman10-regular]:mapping=tex-text;!
Missing character: There is no 盒 (U+76D2) in font [lmroman10-regular]:mapping=tex-text;!
Missing character: There is no 特 (U+7279) in font [lmroman10-regular]:mapping=tex-text;!
Missing character: There is no 征 (U+5F81) in font [lmroman10-regular]:mapping=tex-text;!
Missing character: There is no ， (U+FF0C) in font [lmroman10-regular]:mapping=tex-text;!
Missing character: There is no 利 (U+5229) in font [lmroman10-regular]:mapping=tex-text;!
Missing character: There is no 用 (U+7528) in font [lmroman10-regular]:mapping=tex-text;!
Missing character: There is no 速 (U+901F) in font [lmroman10-regular]:mapping=tex-text;!
Missing character: There is no 度 (U+5EA6) in font [lmroman10-regular]:mapping=tex-text;!
Missing character: There is no 与 (U+4E0E) in font [lmroman10-regular]:mapping=tex-text;!
Missing character: There is no 加 (U+52A0) in font [lmroman10-regular]:mapping=tex-text;!
Missing character: There is no 速 (U+901F) in font [lmroman10-regular]:mapping=tex-text;!
Missing character: There is no 度 (U+5EA6) in font [lmroman10-regular]:mapping=tex-text;!
Missing character: There is no 模 (U+6A21) in font [lmroman10-regular]:mapping=tex-text;!
Missing character: There is no 式 (U+5F0F) in font [lmroman10-regular]:mapping=tex-text;!
Missing character: There is no 实 (U+5B9E) in font [lmroman10-regular]:mapping=tex-text;!
Missing character: There is no 现 (U+73B0) in font [lmroman10-regular]:mapping=tex-text;!
Missing character: There is no 环 (U+73AF) in font [lmroman10-regular]:mapping=tex-text;!
Missing character: There is no 境 (U+5883) in font [lmroman10-regular]:mapping=tex-text;!
Missing character: There is no 无 (U+65E0) in font [lmroman10-regular]:mapping=tex-text;!
Missing character: There is no 关 (U+5173) in font [lmroman10-regular]:mapping=tex-text;!
Missing character: There is no （ (U+FF08) in font [lmroman10-regular]:mapping=tex-text;!
Missing character: There is no ） (U+FF09) in font [lmroman10-regular]:mapping=tex-text;!
Missing character: There is no 跌 (U+8DCC) in font [lmroman10-regular]:mapping=tex-text;!
Missing character: There is no 倒 (U+5012) in font [lmroman10-regular]:mapping=tex-text;!
Missing character: There is no 检 (U+68C0) in font [lmroman10-regular]:mapping=tex-text;!
Missing character: There is no 测 (U+6D4B) in font [lmroman10-regular]:mapping=tex-text;!
Missing character: There is no ： (U+FF1A) in font [lmroman10-regular]:mapping=tex-text;!
Missing character: There is no 论 (U+8BBA) in font [lmroman10-regular]:mapping=tex-text;!
Missing character: There is no 文 (U+6587) in font [lmroman10-regular]:mapping=tex-text;!
Missing character: There is no 明 (U+660E) in font [lmroman10-regular]:mapping=tex-text;!
Missing character: There is no 确 (U+786E) in font [lmroman10-regular]:mapping=tex-text;!
Missing character: There is no 说 (U+8BF4) in font [lmroman10-regular]:mapping=tex-text;!
Missing character: There is no 关 (U+5173) in font [lmroman10-regular]:mapping=tex-text;!
Missing character: There is no 键 (U+952E) in font [lmroman10-regular]:mapping=tex-text;!
Missing character: There is no 是 (U+662F) in font [lmroman10-regular]:mapping=tex-text;!
Missing character: There is no 利 (U+5229) in font [lmroman10-regular]:mapping=tex-text;!
Missing character: There is no 用 (U+7528) in font [lmroman10-regular]:mapping=tex-text;!
Missing character: There is no 人 (U+4EBA) in font [lmroman10-regular]:mapping=tex-text;!
Missing character: There is no 体 (U+4F53) in font [lmroman10-regular]:mapping=tex-text;!
Missing character: There is no 速 (U+901F) in font [lmroman10-regular]:mapping=tex-text;!
Missing character: There is no 度 (U+5EA6) in font [lmroman10-regular]:mapping=tex-text;!
Missing character: There is no 与 (U+4E0E) in font [lmroman10-regular]:mapping=tex-text;!
Missing character: There is no 加 (U+52A0) in font [lmroman10-regular]:mapping=tex-text;!
Missing character: There is no 速 (U+901F) in font [lmroman10-regular]:mapping=tex-text;!
Missing character: There is no 度 (U+5EA6) in font [lmroman10-regular]:mapping=tex-text;!
Missing character: There is no 的 (U+7684) in font [lmroman10-regular]:mapping=tex-text;!
Missing character: There is no 生 (U+751F) in font [lmroman10-regular]:mapping=tex-text;!
Missing character: There is no 理 (U+7406) in font [lmroman10-regular]:mapping=tex-text;!
Missing character: There is no 模 (U+6A21) in font [lmroman10-regular]:mapping=tex-text;!
Missing character: There is no 式 (U+5F0F) in font [lmroman10-regular]:mapping=tex-text;!
Missing character: There is no ， (U+FF0C) in font [lmroman10-regular]:mapping=tex-text;!
Missing character: There is no 而 (U+800C) in font [lmroman10-regular]:mapping=tex-text;!
Missing character: There is no 不 (U+4E0D) in font [lmroman10-regular]:mapping=tex-text;!
Missing character: There is no 是 (U+662F) in font [lmroman10-regular]:mapping=tex-text;!
Missing character: There is no 较 (U+8F83) in font [lmroman10-regular]:mapping=tex-text;!
Missing character: There is no 难 (U+96BE) in font [lmroman10-regular]:mapping=tex-text;!
Missing character: There is no 解 (U+89E3) in font [lmroman10-regular]:mapping=tex-text;!
Missing character: There is no 释 (U+91CA) in font [lmroman10-regular]:mapping=tex-text;!
Missing character: There is no 的 (U+7684) in font [lmroman10-regular]:mapping=tex-text;!
Missing character: There is no 数 (U+6570) in font [lmroman10-regular]:mapping=tex-text;!
Missing character: There is no 据 (U+636E) in font [lmroman10-regular]:mapping=tex-text;!
Missing character: There is no 驱 (U+9A71) in font [lmroman10-regular]:mapping=tex-text;!
Missing character: There is no 动 (U+52A8) in font [lmroman10-regular]:mapping=tex-text;!
Missing character: There is no 特 (U+7279) in font [lmroman10-regular]:mapping=tex-text;!
Missing character: There is no 征 (U+5F81) in font [lmroman10-regular]:mapping=tex-text;!

Overfull \hbox (43.37997pt too wide) in paragraph at lines 354--358
[]\TU/lmr/bx/n/10 DeFall\TU/lmr/m/n/10 ：强调用速度/加速度的生理运动规律，而不是“黑盒特征”，利用速度与加速度模式实现环境无关（environment-independent）跌倒检测：论文明确说“关键
 []

Missing character: There is no ： (U+FF1A) in font [lmroman10-regular]:mapping=tex-text;!
Missing character: There is no 把 (U+628A) in font [lmroman10-regular]:mapping=tex-text;!
Missing character: There is no 载 (U+8F7D) in font [lmroman10-regular]:mapping=tex-text;!
Missing character: There is no 波 (U+6CE2) in font [lmroman10-regular]:mapping=tex-text;!
Missing character: There is no 相 (U+76F8) in font [lmroman10-regular]:mapping=tex-text;!
Missing character: There is no 位 (U+4F4D) in font [lmroman10-regular]:mapping=tex-text;!
Missing character: There is no 构 (U+6784) in font [lmroman10-regular]:mapping=tex-text;!
Missing character: There is no 造 (U+9020) in font [lmroman10-regular]:mapping=tex-text;!
Missing character: There is no 成 (U+6210) in font [lmroman10-regular]:mapping=tex-text;!
Missing character: There is no 差 (U+5DEE) in font [lmroman10-regular]:mapping=tex-text;!
Missing character: There is no 分 (U+5206) in font [lmroman10-regular]:mapping=tex-text;!
Missing character: There is no 距 (U+8DDD) in font [lmroman10-regular]:mapping=tex-text;!
Missing character: There is no 离 (U+79BB) in font [lmroman10-regular]:mapping=tex-text;!
Missing character: There is no 估 (U+4F30) in font [lmroman10-regular]:mapping=tex-text;!
Missing character: There is no 计 (U+8BA1) in font [lmroman10-regular]:mapping=tex-text;!
Missing character: There is no 式 (U+5F0F) in font [lmroman10-regular]:mapping=tex-text;!
Missing character: There is no ， (U+FF0C) in font [lmroman10-regular]:mapping=tex-text;!
Missing character: There is no 给 (U+7ED9) in font [lmroman10-regular]:mapping=tex-text;!
Missing character: There is no 出 (U+51FA) in font [lmroman10-regular]:mapping=tex-text;!
Missing character: There is no 无 (U+65E0) in font [lmroman10-bold]:mapping=tex-text;!
Missing character: There is no 歧 (U+6B67) in font [lmroman10-bold]:mapping=tex-text;!
Missing character: There is no 义 (U+4E49) in font [lmroman10-bold]:mapping=tex-text;!
Missing character: There is no 条 (U+6761) in font [lmroman10-bold]:mapping=tex-text;!
Missing character: There is no 件 (U+4EF6) in font [lmroman10-bold]:mapping=tex-text;!
Missing character: There is no （ (U+FF08) in font [lmroman10-regular]:mapping=tex-text;!
Missing character: There is no 速 (U+901F) in font [lmroman10-regular]:mapping=tex-text;!
Missing character: There is no 度 (U+5EA6) in font [lmroman10-regular]:mapping=tex-text;!
Missing character: There is no 上 (U+4E0A) in font [lmroman10-regular]:mapping=tex-text;!
Missing character: There is no 限 (U+9650) in font [lmroman10-regular]:mapping=tex-text;!
Missing character: There is no ） (U+FF09) in font [lmroman10-regular]:mapping=tex-text;!
Missing character: There is no 与 (U+4E0E) in font [lmroman10-regular]:mapping=tex-text;!
Missing character: There is no 问 (U+95EE) in font [lmroman10-regular]:mapping=tex-text;!
Missing character: There is no 题 (U+9898) in font [lmroman10-regular]:mapping=tex-text;!
Missing character: There is no ： (U+FF1A) in font [lmroman10-regular]:mapping=tex-text;!
Missing character: There is no 把 (U+628A) in font [lmroman10-regular]:mapping=tex-text;!
Missing character: There is no 多 (U+591A) in font [lmroman10-regular]:mapping=tex-text;!
Missing character: There is no 径 (U+5F84) in font [lmroman10-regular]:mapping=tex-text;!
Missing character: There is no 当 (U+5F53) in font [lmroman10-regular]:mapping=tex-text;!
Missing character: There is no 成 (U+6210) in font [lmroman10-regular]:mapping=tex-text;!
Missing character: There is no 虚 (U+865A) in font [lmroman10-regular]:mapping=tex-text;!
Missing character: There is no 拟 (U+62DF) in font [lmroman10-regular]:mapping=tex-text;!
Missing character: There is no 天 (U+5929) in font [lmroman10-regular]:mapping=tex-text;!
Missing character: There is no 线 (U+7EBF) in font [lmroman10-regular]:mapping=tex-text;!
Missing character: There is no 阵 (U+9635) in font [lmroman10-regular]:mapping=tex-text;!
Missing character: There is no 列 (U+5217) in font [lmroman10-regular]:mapping=tex-text;!
Missing character: There is no ， (U+FF0C) in font [lmroman10-regular]:mapping=tex-text;!
Missing character: There is no 天 (U+5929) in font [lmroman10-regular]:mapping=tex-text;!
Missing character: There is no 线 (U+7EBF) in font [lmroman10-regular]:mapping=tex-text;!
Missing character: There is no 间 (U+95F4) in font [lmroman10-regular]:mapping=tex-text;!
Missing character: There is no 隔 (U+9694) in font [lmroman10-regular]:mapping=tex-text;!
Missing character: There is no 时 (U+65F6) in font [lmroman10-regular]:mapping=tex-text;!
Missing character: There is no 间 (U+95F4) in font [lmroman10-regular]:mapping=tex-text;!
Missing character: There is no 延 (U+5EF6) in font [lmroman10-regular]:mapping=tex-text;!
Missing character: There is no 迟 (U+8FDF) in font [lmroman10-regular]:mapping=tex-text;!
Missing character: There is no 推 (U+63A8) in font [lmroman10-regular]:mapping=tex-text;!
Missing character: There is no 出 (U+51FA) in font [lmroman10-regular]:mapping=tex-text;!
Missing character: There is no 速 (U+901F) in font [lmroman10-regular]:mapping=tex-text;!
Missing character: There is no 度 (U+5EA6) in font [lmroman10-regular]:mapping=tex-text;!
Missing character: There is no ， (U+FF0C) in font [lmroman10-regular]:mapping=tex-text;!
Missing character: There is no 积 (U+79EF) in font [lmroman10-regular]:mapping=tex-text;!
Missing character: There is no 分 (U+5206) in font [lmroman10-regular]:mapping=tex-text;!
Missing character: There is no 得 (U+5F97) in font [lmroman10-regular]:mapping=tex-text;!
Missing character: There is no 到 (U+5230) in font [lmroman10-regular]:mapping=tex-text;!
Missing character: There is no 移 (U+79FB) in font [lmroman10-regular]:mapping=tex-text;!
Missing character: There is no 动 (U+52A8) in font [lmroman10-regular]:mapping=tex-text;!
Missing character: There is no 距 (U+8DDD) in font [lmroman10-regular]:mapping=tex-text;!
Missing character: There is no 离 (U+79BB) in font [lmroman10-regular]:mapping=tex-text;!
Missing character: There is no ： (U+FF1A) in font [lmroman10-regular]:mapping=tex-text;!
Missing character: There is no 把 (U+628A) in font [lmroman10-regular]:mapping=tex-text;!
Missing character: There is no 转 (U+8F6C) in font [lmroman10-regular]:mapping=tex-text;!
Missing character: There is no 成 (U+6210) in font [lmroman10-regular]:mapping=tex-text;!
Missing character: There is no （ (U+FF08) in font [lmroman10-regular]:mapping=tex-text;!
Missing character: There is no ） (U+FF09) in font [lmroman10-regular]:mapping=tex-text;!
Missing character: There is no 并 (U+5E76) in font [lmroman10-regular]:mapping=tex-text;!
Missing character: There is no 用 (U+7528) in font [lmroman10-regular]:mapping=tex-text;!
Missing character: There is no 抓 (U+6293) in font [lmroman10-regular]:mapping=tex-text;!
Missing character: There is no 高 (U+9AD8) in font [lmroman10-regular]:mapping=tex-text;!
Missing character: There is no 速 (U+901F) in font [lmroman10-regular]:mapping=tex-text;!
Missing character: There is no 关 (U+5173) in font [lmroman10-regular]:mapping=tex-text;!
Missing character: There is no 键 (U+952E) in font [lmroman10-regular]:mapping=tex-text;!
Missing character: There is no 瞬 (U+77AC) in font [lmroman10-regular]:mapping=tex-text;!
Missing character: There is no 间 (U+95F4) in font [lmroman10-regular]:mapping=tex-text;!
Missing character: There is no ， (U+FF0C) in font [lmroman10-regular]:mapping=tex-text;!
Missing character: There is no 图 (U+56FE) in font [lmroman10-regular]:mapping=tex-text;!
Missing character: There is no 示 (U+793A) in font [lmroman10-regular]:mapping=tex-text;!
Missing character: There is no 说 (U+8BF4) in font [lmroman10-regular]:mapping=tex-text;!
Missing character: There is no 明 (U+660E) in font [lmroman10-regular]:mapping=tex-text;!
Missing character: There is no 不 (U+4E0D) in font [lmroman10-regular]:mapping=tex-text;!
Missing character: There is no 同 (U+540C) in font [lmroman10-regular]:mapping=tex-text;!
Missing character: There is no 跌 (U+8DCC) in font [lmroman10-regular]:mapping=tex-text;!
Missing character: There is no 倒 (U+5012) in font [lmroman10-regular]:mapping=tex-text;!
Missing character: There is no 类 (U+7C7B) in font [lmroman10-regular]:mapping=tex-text;!
Missing character: There is no 型 (U+578B) in font [lmroman10-regular]:mapping=tex-text;!
Missing character: There is no 差 (U+5DEE) in font [lmroman10-regular]:mapping=tex-text;!
Missing character: There is no 异 (U+5F02) in font [lmroman10-regular]:mapping=tex-text;!
Missing character: There is no 大 (U+5927) in font [lmroman10-regular]:mapping=tex-text;!
Missing character: There is no 且 (U+4E14) in font [lmroman10-regular]:mapping=tex-text;!
Missing character: There is no 注 (U+6CE8) in font [lmroman10-regular]:mapping=tex-text;!
Missing character: There is no 意 (U+610F) in font [lmroman10-regular]:mapping=tex-text;!
Missing character: There is no 力 (U+529B) in font [lmroman10-regular]:mapping=tex-text;!
Missing character: There is no 会 (U+4F1A) in font [lmroman10-regular]:mapping=tex-text;!
Missing character: There is no 聚 (U+805A) in font [lmroman10-regular]:mapping=tex-text;!
Missing character: There is no 焦 (U+7126) in font [lmroman10-regular]:mapping=tex-text;!
Missing character: There is no 更 (U+66F4) in font [lmroman10-regular]:mapping=tex-text;!
Missing character: There is no 高 (U+9AD8) in font [lmroman10-regular]:mapping=tex-text;!
Missing character: There is no 速 (U+901F) in font [lmroman10-regular]:mapping=tex-text;!
Missing character: There is no 度 (U+5EA6) in font [lmroman10-regular]:mapping=tex-text;!
Missing character: There is no 时 (U+65F6) in font [lmroman10-regular]:mapping=tex-text;!
Missing character: There is no 刻 (U+523B) in font [lmroman10-regular]:mapping=tex-text;!


[4]
Missing character: There is no ： (U+FF1A) in font [lmroman10-regular]:mapping=tex-text;!
Missing character: There is no 即 (U+5373) in font [lmroman10-regular]:mapping=tex-text;!
Missing character: There is no 使 (U+4F7F) in font [lmroman10-regular]:mapping=tex-text;!
Missing character: There is no 没 (U+6CA1) in font [lmroman10-regular]:mapping=tex-text;!
Missing character: There is no 有 (U+6709) in font [lmroman10-regular]:mapping=tex-text;!
Missing character: There is no 传 (U+4F20) in font [lmroman10-regular]:mapping=tex-text;!
Missing character: There is no 统 (U+7EDF) in font [lmroman10-regular]:mapping=tex-text;!
Missing character: There is no 通 (U+901A) in font [lmroman10-regular]:mapping=tex-text;!
Missing character: There is no 信 (U+4FE1) in font [lmroman10-regular]:mapping=tex-text;!
Missing character: There is no 接 (U+63A5) in font [lmroman10-regular]:mapping=tex-text;!
Missing character: There is no 收 (U+6536) in font [lmroman10-regular]:mapping=tex-text;!
Missing character: There is no 机 (U+673A) in font [lmroman10-regular]:mapping=tex-text;!
Missing character: There is no 的 (U+7684) in font [lmroman10-regular]:mapping=tex-text;!
Missing character: There is no 同 (U+540C) in font [lmroman10-regular]:mapping=tex-text;!
Missing character: There is no 步 (U+6B65) in font [lmroman10-regular]:mapping=tex-text;!
Missing character: There is no 信 (U+4FE1) in font [lmroman10-regular]:mapping=tex-text;!
Missing character: There is no 道 (U+9053) in font [lmroman10-regular]:mapping=tex-text;!
Missing character: There is no 估 (U+4F30) in font [lmroman10-regular]:mapping=tex-text;!
Missing character: There is no 计 (U+8BA1) in font [lmroman10-regular]:mapping=tex-text;!
Missing character: There is no 模 (U+6A21) in font [lmroman10-regular]:mapping=tex-text;!
Missing character: There is no 块 (U+5757) in font [lmroman10-regular]:mapping=tex-text;!
Missing character: There is no ， (U+FF0C) in font [lmroman10-regular]:mapping=tex-text;!
Missing character: There is no 也 (U+4E5F) in font [lmroman10-regular]:mapping=tex-text;!
Missing character: There is no 利 (U+5229) in font [lmroman10-regular]:mapping=tex-text;!
Missing character: There is no 用 (U+7528) in font [lmroman10-regular]:mapping=tex-text;!
Missing character: There is no 频 (U+9891) in font [lmroman10-regular]:mapping=tex-text;!
Missing character: There is no 域 (U+57DF) in font [lmroman10-regular]:mapping=tex-text;!
Missing character: There is no 信 (U+4FE1) in font [lmroman10-regular]:mapping=tex-text;!
Missing character: There is no 号 (U+53F7) in font [lmroman10-regular]:mapping=tex-text;!
Missing character: There is no 的 (U+7684) in font [lmroman10-regular]:mapping=tex-text;!
Missing character: There is no 相 (U+76F8) in font [lmroman10-regular]:mapping=tex-text;!
Missing character: There is no 位 (U+4F4D) in font [lmroman10-regular]:mapping=tex-text;!
Missing character: There is no 差 (U+5DEE) in font [lmroman10-regular]:mapping=tex-text;!
Missing character: There is no 近 (U+8FD1) in font [lmroman10-regular]:mapping=tex-text;!
Missing character: There is no 似 (U+4F3C) in font [lmroman10-regular]:mapping=tex-text;!
Missing character: There is no 信 (U+4FE1) in font [lmroman10-regular]:mapping=tex-text;!
Missing character: There is no 道 (U+9053) in font [lmroman10-regular]:mapping=tex-text;!
Missing character: There is no 相 (U+76F8) in font [lmroman10-regular]:mapping=tex-text;!
Missing character: There is no 位 (U+4F4D) in font [lmroman10-regular]:mapping=tex-text;!
Missing character: There is no 差 (U+5DEE) in font [lmroman10-regular]:mapping=tex-text;!
Missing character: There is no 来 (U+6765) in font [lmroman10-regular]:mapping=tex-text;!
Missing character: There is no 做 (U+505A) in font [lmroman10-regular]:mapping=tex-text;!
Missing character: There is no 定 (U+5B9A) in font [lmroman10-regular]:mapping=tex-text;!
Missing character: There is no 位 (U+4F4D) in font [lmroman10-regular]:mapping=tex-text;!
Missing character: There is no ， (U+FF0C) in font [lmroman10-regular]:mapping=tex-text;!
Missing character: There is no 并 (U+5E76) in font [lmroman10-regular]:mapping=tex-text;!
Missing character: There is no 强 (U+5F3A) in font [lmroman10-regular]:mapping=tex-text;!
Missing character: There is no 调 (U+8C03) in font [lmroman10-regular]:mapping=tex-text;!
Missing character: There is no 这 (U+8FD9) in font [lmroman10-regular]:mapping=tex-text;!
Missing character: There is no 与 (U+4E0E) in font [lmroman10-regular]:mapping=tex-text;!
Missing character: There is no 典 (U+5178) in font [lmroman10-regular]:mapping=tex-text;!
Missing character: There is no 型 (U+578B) in font [lmroman10-regular]:mapping=tex-text;!
Missing character: There is no 多 (U+591A) in font [lmroman10-regular]:mapping=tex-text;!
Missing character: There is no 天 (U+5929) in font [lmroman10-regular]:mapping=tex-text;!
Missing character: There is no 线 (U+7EBF) in font [lmroman10-regular]:mapping=tex-text;!
Missing character: There is no 接 (U+63A5) in font [lmroman10-regular]:mapping=tex-text;!
Missing character: There is no 收 (U+6536) in font [lmroman10-regular]:mapping=tex-text;!
Missing character: There is no 机 (U+673A) in font [lmroman10-regular]:mapping=tex-text;!
Missing character: There is no 不 (U+4E0D) in font [lmroman10-regular]:mapping=tex-text;!
Missing character: There is no 同 (U+540C) in font [lmroman10-regular]:mapping=tex-text;!
Missing character: There is no 做 (U+505A) in font [lmroman10-bold]:mapping=tex-text;!
Missing character: There is no 做 (U+505A) in font [lmroman10-bold]:mapping=tex-text;!
Missing character: There is no 做 (U+505A) in font [lmroman10-bold]:mapping=tex-text;!
Missing character: There is no 从 (U+4ECE) in font [lmroman10-bold]:mapping=tex-text;!
Missing character: There is no 信 (U+4FE1) in font [lmroman10-bold]:mapping=tex-text;!
Missing character: There is no 号 (U+53F7) in font [lmroman10-bold]:mapping=tex-text;!
Missing character: There is no 到 (U+5230) in font [lmroman10-bold]:mapping=tex-text;!
Missing character: There is no 物 (U+7269) in font [lmroman10-bold]:mapping=tex-text;!
Missing character: There is no 理 (U+7406) in font [lmroman10-bold]:mapping=tex-text;!
Missing character: There is no 的 (U+7684) in font [lmroman10-bold]:mapping=tex-text;!
Missing character: There is no 表 (U+8868) in font [lmroman10-bold]:mapping=tex-text;!
Missing character: There is no 征 (U+5F81) in font [lmroman10-bold]:mapping=tex-text;!
Missing character: There is no 工 (U+5DE5) in font [lmroman10-bold]:mapping=tex-text;!
Missing character: There is no 程 (U+7A0B) in font [lmroman10-bold]:mapping=tex-text;!
Missing character: There is no ， (U+FF0C) in font [lmroman10-regular]:mapping=tex-text;!
Missing character: There is no 区 (U+533A) in font [lmroman10-regular]:mapping=tex-text;!
Missing character: There is no 别 (U+522B) in font [lmroman10-regular]:mapping=tex-text;!
Missing character: There is no 只 (U+53EA) in font [lmroman10-regular]:mapping=tex-text;!
Missing character: There is no 在 (U+5728) in font [lmroman10-regular]:mapping=tex-text;!
Missing character: There is no 物 (U+7269) in font [lmroman10-regular]:mapping=tex-text;!
Missing character: There is no 理 (U+7406) in font [lmroman10-regular]:mapping=tex-text;!
Missing character: There is no 量 (U+91CF) in font [lmroman10-regular]:mapping=tex-text;!
Missing character: There is no 是 (U+662F) in font [lmroman10-regular]:mapping=tex-text;!
Missing character: There is no 否 (U+5426) in font [lmroman10-regular]:mapping=tex-text;!
Missing character: There is no 显 (U+663E) in font [lmroman10-regular]:mapping=tex-text;!
Missing character: There is no 式 (U+5F0F) in font [lmroman10-regular]:mapping=tex-text;!
Missing character: There is no （ (U+FF08) in font [lmroman10-regular]:mapping=tex-text;!
Missing character: There is no 速 (U+901F) in font [lmroman10-regular]:mapping=tex-text;!
Missing character: There is no 度 (U+5EA6) in font [lmroman10-regular]:mapping=tex-text;!
Missing character: There is no 距 (U+8DDD) in font [lmroman10-regular]:mapping=tex-text;!
Missing character: There is no 离 (U+79BB) in font [lmroman10-regular]:mapping=tex-text;!
Missing character: There is no 通 (U+901A) in font [lmroman10-regular]:mapping=tex-text;!
Missing character: There is no 用 (U+7528) in font [lmroman10-regular]:mapping=tex-text;!
Missing character: There is no 表 (U+8868) in font [lmroman10-regular]:mapping=tex-text;!
Missing character: There is no 征 (U+5F81) in font [lmroman10-regular]:mapping=tex-text;!
Missing character: There is no ） (U+FF09) in font [lmroman10-regular]:mapping=tex-text;!
Missing character: There is no 与 (U+4E0E) in font [lmroman10-regular]:mapping=tex-text;!
Missing character: There is no 是 (U+662F) in font [lmroman10-regular]:mapping=tex-text;!
Missing character: There is no 否 (U+5426) in font [lmroman10-regular]:mapping=tex-text;!
Missing character: There is no 要 (U+8981) in font [lmroman10-regular]:mapping=tex-text;!
Missing character: There is no 求 (U+6C42) in font [lmroman10-regular]:mapping=tex-text;!
Missing character: There is no 可 (U+53EF) in font [lmroman10-regular]:mapping=tex-text;!
Missing character: There is no 解 (U+89E3) in font [lmroman10-regular]:mapping=tex-text;!
Missing character: There is no 释 (U+91CA) in font [lmroman10-regular]:mapping=tex-text;!
Missing character: There is no 。 (U+3002) in font [lmroman10-regular]:mapping=tex-text;!
Missing character: There is no 域 (U+57DF) in font [lmroman10-bold]:mapping=tex-text;!
Missing character: There is no 无 (U+65E0) in font [lmroman10-bold]:mapping=tex-text;!
Missing character: There is no 关 (U+5173) in font [lmroman10-bold]:mapping=tex-text;!
Missing character: There is no 处 (U+5904) in font [lmroman10-bold]:mapping=tex-text;!
Missing character: There is no 理 (U+7406) in font [lmroman10-bold]:mapping=tex-text;!
Missing character: There is no ： (U+FF1A) in font [lmroman10-bold]:mapping=tex-text;!
Missing character: There is no 如 (U+5982) in font [lmroman10-bold]:mapping=tex-text;!
Missing character: There is no 何 (U+4F55) in font [lmroman10-bold]:mapping=tex-text;!
Missing character: There is no 提 (U+63D0) in font [lmroman10-bold]:mapping=tex-text;!
Missing character: There is no 取 (U+53D6) in font [lmroman10-bold]:mapping=tex-text;!
Missing character: There is no 并 (U+5E76) in font [lmroman10-bold]:mapping=tex-text;!
Missing character: There is no 估 (U+4F30) in font [lmroman10-bold]:mapping=tex-text;!
Missing character: There is no 计 (U+8BA1) in font [lmroman10-bold]:mapping=tex-text;!
Missing character: There is no 我 (U+6211) in font [lmroman10-bold]:mapping=tex-text;!
Missing character: There is no 们 (U+4EEC) in font [lmroman10-bold]:mapping=tex-text;!
Missing character: There is no 需 (U+9700) in font [lmroman10-bold]:mapping=tex-text;!
Missing character: There is no 要 (U+8981) in font [lmroman10-bold]:mapping=tex-text;!
Missing character: There is no 的 (U+7684) in font [lmroman10-bold]:mapping=tex-text;!
Missing character: There is no 信 (U+4FE1) in font [lmroman10-bold]:mapping=tex-text;!
Missing character: There is no 息 (U+606F) in font [lmroman10-bold]:mapping=tex-text;!
Missing character: There is no 和 (U+548C) in font [lmroman10-bold]:mapping=tex-text;!
Missing character: There is no 状 (U+72B6) in font [lmroman10-bold]:mapping=tex-text;!
Missing character: There is no 态 (U+6001) in font [lmroman10-bold]:mapping=tex-text;!
Missing character: There is no ， (U+FF0C) in font [lmroman10-bold]:mapping=tex-text;!
Missing character: There is no 并 (U+5E76) in font [lmroman10-bold]:mapping=tex-text;!
Missing character: There is no 进 (U+8FDB) in font [lmroman10-bold]:mapping=tex-text;!
Missing character: There is no 行 (U+884C) in font [lmroman10-bold]:mapping=tex-text;!
Missing character: There is no 语 (U+8BED) in font [lmroman10-bold]:mapping=tex-text;!
Missing character: There is no 义 (U+4E49) in font [lmroman10-bold]:mapping=tex-text;!
Missing character: There is no 任 (U+4EFB) in font [lmroman10-bold]:mapping=tex-text;!
Missing character: There is no 务 (U+52A1) in font [lmroman10-bold]:mapping=tex-text;!
Missing character: There is no 与 (U+4E0E) in font [lmroman10-bold]:mapping=tex-text;!
Missing character: There is no 泛 (U+6CDB) in font [lmroman10-bold]:mapping=tex-text;!
Missing character: There is no 化 (U+5316) in font [lmroman10-bold]:mapping=tex-text;!
Missing character: There is no 考 (U+8003) in font [lmroman10-regular]:mapping=tex-text;!
Missing character: There is no 虑 (U+8651) in font [lmroman10-regular]:mapping=tex-text;!
Missing character: There is no 什 (U+4EC0) in font [lmroman10-regular]:mapping=tex-text;!
Missing character: There is no 么 (U+4E48) in font [lmroman10-regular]:mapping=tex-text;!
Missing character: There is no 样 (U+6837) in font [lmroman10-regular]:mapping=tex-text;!
Missing character: There is no 的 (U+7684) in font [lmroman10-regular]:mapping=tex-text;!
Missing character: There is no 域 (U+57DF) in font [lmroman10-regular]:mapping=tex-text;!
Missing character: There is no ， (U+FF0C) in font [lmroman10-regular]:mapping=tex-text;!
Missing character: There is no 哪 (U+54EA) in font [lmroman10-regular]:mapping=tex-text;!
Missing character: There is no 些 (U+4E9B) in font [lmroman10-regular]:mapping=tex-text;!
Missing character: There is no 要 (U+8981) in font [lmroman10-regular]:mapping=tex-text;!
Missing character: There is no 进 (U+8FDB) in font [lmroman10-regular]:mapping=tex-text;!
Missing character: There is no 行 (U+884C) in font [lmroman10-regular]:mapping=tex-text;!
Missing character: There is no 无 (U+65E0) in font [lmroman10-regular]:mapping=tex-text;!
Missing character: There is no 关 (U+5173) in font [lmroman10-regular]:mapping=tex-text;!
Missing character: There is no 性 (U+6027) in font [lmroman10-regular]:mapping=tex-text;!
Missing character: There is no 提 (U+63D0) in font [lmroman10-regular]:mapping=tex-text;!
Missing character: There is no 取 (U+53D6) in font [lmroman10-regular]:mapping=tex-text;!
Missing character: There is no ？ (U+FF1F) in font [lmroman10-regular]:mapping=tex-text;!
Missing character: There is no 不 (U+4E0D) in font [lmroman10-bold]:mapping=tex-text;!
Missing character: There is no 稳 (U+7A33) in font [lmroman10-bold]:mapping=tex-text;!
Missing character: There is no 定 (U+5B9A) in font [lmroman10-bold]:mapping=tex-text;!
Missing character: There is no 性 (U+6027) in font [lmroman10-bold]:mapping=tex-text;!
Missing character: There is no 环 (U+73AF) in font [lmroman10-bold]:mapping=tex-text;!
Missing character: There is no 境 (U+5883) in font [lmroman10-bold]:mapping=tex-text;!
Missing character: There is no 环 (U+73AF) in font [lmroman10-bold]:mapping=tex-text;!
Missing character: There is no 境 (U+5883) in font [lmroman10-bold]:mapping=tex-text;!
Missing character: There is no 环 (U+73AF) in font [lmroman10-bold]:mapping=tex-text;!
Missing character: There is no 境 (U+5883) in font [lmroman10-bold]:mapping=tex-text;!
Missing character: There is no 域 (U+57DF) in font [lmroman10-bold]:mapping=tex-text;!
Missing character: There is no 变 (U+53D8) in font [lmroman10-bold]:mapping=tex-text;!
Missing character: There is no 化 (U+5316) in font [lmroman10-bold]:mapping=tex-text;!
Missing character: There is no （ (U+FF08) in font [lmroman10-bold]:mapping=tex-text;!
Missing character: There is no ） (U+FF09) in font [lmroman10-bold]:mapping=tex-text;!
Missing character: There is no ： (U+FF1A) in font [lmroman10-regular]:mapping=tex-text;!
Missing character: There is no 布 (U+5E03) in font [lmroman10-regular]:mapping=tex-text;!
Missing character: There is no 局 (U+5C40) in font [lmroman10-regular]:mapping=tex-text;!
Missing character: There is no 、 (U+3001) in font [lmroman10-regular]:mapping=tex-text;!
Missing character: There is no 散 (U+6563) in font [lmroman10-regular]:mapping=tex-text;!
Missing character: There is no 射 (U+5C04) in font [lmroman10-regular]:mapping=tex-text;!
Missing character: There is no 体 (U+4F53) in font [lmroman10-regular]:mapping=tex-text;!
Missing character: There is no 、 (U+3001) in font [lmroman10-regular]:mapping=tex-text;!
Missing character: There is no 人 (U+4EBA) in font [lmroman10-regular]:mapping=tex-text;!
Missing character: There is no 群 (U+7FA4) in font [lmroman10-regular]:mapping=tex-text;!
Missing character: There is no 动 (U+52A8) in font [lmroman10-regular]:mapping=tex-text;!
Missing character: There is no 态 (U+6001) in font [lmroman10-regular]:mapping=tex-text;!
Missing character: There is no 用 (U+7528) in font [lmroman10-regular]:mapping=tex-text;!
Missing character: There is no 速 (U+901F) in font [lmroman10-regular]:mapping=tex-text;!
Missing character: There is no 度 (U+5EA6) in font [lmroman10-regular]:mapping=tex-text;!
Missing character: There is no 加 (U+52A0) in font [lmroman10-regular]:mapping=tex-text;!
Missing character: There is no 速 (U+901F) in font [lmroman10-regular]:mapping=tex-text;!
Missing character: There is no 度 (U+5EA6) in font [lmroman10-regular]:mapping=tex-text;!
Missing character: There is no 的 (U+7684) in font [lmroman10-regular]:mapping=tex-text;!
Missing character: There is no 环 (U+73AF) in font [lmroman10-regular]:mapping=tex-text;!
Missing character: There is no 境 (U+5883) in font [lmroman10-regular]:mapping=tex-text;!
Missing character: There is no 不 (U+4E0D) in font [lmroman10-regular]:mapping=tex-text;!
Missing character: There is no 变 (U+53D8) in font [lmroman10-regular]:mapping=tex-text;!
Missing character: There is no 量 (U+91CF) in font [lmroman10-regular]:mapping=tex-text;!
Missing character: There is no 来 (U+6765) in font [lmroman10-regular]:mapping=tex-text;!
Missing character: There is no 对 (U+5BF9) in font [lmroman10-regular]:mapping=tex-text;!
Missing character: There is no 抗 (U+6297) in font [lmroman10-regular]:mapping=tex-text;!
Missing character: There is no 域 (U+57DF) in font [lmroman10-regular]:mapping=tex-text;!
Missing character: There is no 变 (U+53D8) in font [lmroman10-regular]:mapping=tex-text;!
Missing character: There is no 化 (U+5316) in font [lmroman10-regular]:mapping=tex-text;!
Missing character: There is no ， (U+FF0C) in font [lmroman10-regular]:mapping=tex-text;!
Missing character: There is no 并 (U+5E76) in font [lmroman10-regular]:mapping=tex-text;!
Missing character: There is no 称 (U+79F0) in font [lmroman10-regular]:mapping=tex-text;!
Missing character: There is no 只 (U+53EA) in font [lmroman10-regular]:mapping=tex-text;!
Missing character: There is no 需 (U+9700) in font [lmroman10-regular]:mapping=tex-text;!
Missing character: There is no 一 (U+4E00) in font [lmroman10-regular]:mapping=tex-text;!
Missing character: There is no 次 (U+6B21) in font [lmroman10-regular]:mapping=tex-text;!
Missing character: There is no 轻 (U+8F7B) in font [lmroman10-regular]:mapping=tex-text;!
Missing character: There is no 量 (U+91CF) in font [lmroman10-regular]:mapping=tex-text;!
Missing character: There is no 训 (U+8BAD) in font [lmroman10-regular]:mapping=tex-text;!
Missing character: There is no 练 (U+7EC3) in font [lmroman10-regular]:mapping=tex-text;!
Missing character: There is no 即 (U+5373) in font [lmroman10-regular]:mapping=tex-text;!
Missing character: There is no 可 (U+53EF) in font [lmroman10-regular]:mapping=tex-text;!
Missing character: There is no 鲁 (U+9C81) in font [lmroman10-regular]:mapping=tex-text;!
Missing character: There is no 棒 (U+68D2) in font [lmroman10-regular]:mapping=tex-text;!
Missing character: There is no 。 (U+3002) in font [lmroman10-regular]:mapping=tex-text;!
Missing character: There is no 直 (U+76F4) in font [lmroman10-regular]:mapping=tex-text;!
Missing character: There is no 接 (U+63A5) in font [lmroman10-regular]:mapping=tex-text;!
Missing character: There is no 把 (U+628A) in font [lmroman10-regular]:mapping=tex-text;!
Missing character: There is no 域 (U+57DF) in font [lmroman10-regular]:mapping=tex-text;!
Missing character: There is no 变 (U+53D8) in font [lmroman10-regular]:mapping=tex-text;!
Missing character: There is no 化 (U+5316) in font [lmroman10-regular]:mapping=tex-text;!
Missing character: There is no 当 (U+5F53) in font [lmroman10-regular]:mapping=tex-text;!
Missing character: There is no 成 (U+6210) in font [lmroman10-regular]:mapping=tex-text;!
Missing character: There is no 问 (U+95EE) in font [lmroman10-regular]:mapping=tex-text;!
Missing character: There is no 题 (U+9898) in font [lmroman10-regular]:mapping=tex-text;!
Missing character: There is no 中 (U+4E2D) in font [lmroman10-regular]:mapping=tex-text;!
Missing character: There is no 心 (U+5FC3) in font [lmroman10-regular]:mapping=tex-text;!
Missing character: There is no ： (U+FF1A) in font [lmroman10-regular]:mapping=tex-text;!
Missing character: There is no 用 (U+7528) in font [lmroman10-regular]:mapping=tex-text;!
Missing character: There is no 跨 (U+8DE8) in font [lmroman10-regular]:mapping=tex-text;!
Missing character: There is no 模 (U+6A21) in font [lmroman10-regular]:mapping=tex-text;!
Missing character: There is no 态 (U+6001) in font [lmroman10-regular]:mapping=tex-text;!
Missing character: There is no 监 (U+76D1) in font [lmroman10-regular]:mapping=tex-text;!
Missing character: There is no 督 (U+7763) in font [lmroman10-regular]:mapping=tex-text;!
Missing character: There is no （ (U+FF08) in font [lmroman10-regular]:mapping=tex-text;!
Missing character: There is no 视 (U+89C6) in font [lmroman10-regular]:mapping=tex-text;!
Missing character: There is no 觉 (U+89C9) in font [lmroman10-regular]:mapping=tex-text;!
Missing character: There is no ） (U+FF09) in font [lmroman10-regular]:mapping=tex-text;!
Missing character: There is no 来 (U+6765) in font [lmroman10-regular]:mapping=tex-text;!
Missing character: There is no 降 (U+964D) in font [lmroman10-regular]:mapping=tex-text;!
Missing character: There is no 低 (U+4F4E) in font [lmroman10-regular]:mapping=tex-text;!
Missing character: There is no 标 (U+6807) in font [lmroman10-regular]:mapping=tex-text;!
Missing character: There is no 注 (U+6CE8) in font [lmroman10-regular]:mapping=tex-text;!
Missing character: There is no 需 (U+9700) in font [lmroman10-regular]:mapping=tex-text;!
Missing character: There is no 求 (U+6C42) in font [lmroman10-regular]:mapping=tex-text;!
Missing character: There is no 并 (U+5E76) in font [lmroman10-regular]:mapping=tex-text;!
Missing character: There is no 提 (U+63D0) in font [lmroman10-regular]:mapping=tex-text;!
Missing character: There is no 升 (U+5347) in font [lmroman10-regular]:mapping=tex-text;!
Missing character: There is no 泛 (U+6CDB) in font [lmroman10-regular]:mapping=tex-text;!
Missing character: There is no 化 (U+5316) in font [lmroman10-regular]:mapping=tex-text;!
Missing character: There is no 。 (U+3002) in font [lmroman10-regular]:mapping=tex-text;!
Missing character: There is no 时 (U+65F6) in font [lmroman10-bold]:mapping=tex-text;!
Missing character: There is no 变 (U+53D8) in font [lmroman10-bold]:mapping=tex-text;!
Missing character: There is no 时 (U+65F6) in font [lmroman10-bold]:mapping=tex-text;!
Missing character: There is no 变 (U+53D8) in font [lmroman10-bold]:mapping=tex-text;!
Missing character: There is no 时 (U+65F6) in font [lmroman10-bold]:mapping=tex-text;!
Missing character: There is no 变 (U+53D8) in font [lmroman10-bold]:mapping=tex-text;!
Missing character: There is no 与 (U+4E0E) in font [lmroman10-bold]:mapping=tex-text;!
Missing character: There is no 漂 (U+6F02) in font [lmroman10-bold]:mapping=tex-text;!
Missing character: There is no 移 (U+79FB) in font [lmroman10-bold]:mapping=tex-text;!
Missing character: There is no （ (U+FF08) in font [lmroman10-bold]:mapping=tex-text;!
Missing character: There is no ） (U+FF09) in font [lmroman10-bold]:mapping=tex-text;!
Missing character: There is no 讨 (U+8BA8) in font [lmroman10-regular]:mapping=tex-text;!
Missing character: There is no 论 (U+8BBA) in font [lmroman10-regular]:mapping=tex-text;!
Missing character: There is no 方 (U+65B9) in font [lmroman10-regular]:mapping=tex-text;!
Missing character: There is no 向 (U+5411) in font [lmroman10-regular]:mapping=tex-text;!
Missing character: There is no 误 (U+8BEF) in font [lmroman10-regular]:mapping=tex-text;!
Missing character: There is no 差 (U+5DEE) in font [lmroman10-regular]:mapping=tex-text;!
Missing character: There is no 会 (U+4F1A) in font [lmroman10-regular]:mapping=tex-text;!
Missing character: There is no 累 (U+7D2F) in font [lmroman10-regular]:mapping=tex-text;!
Missing character: There is no 积 (U+79EF) in font [lmroman10-regular]:mapping=tex-text;!
Missing character: There is no ， (U+FF0C) in font [lmroman10-regular]:mapping=tex-text;!
Missing character: There is no 因 (U+56E0) in font [lmroman10-regular]:mapping=tex-text;!
Missing character: There is no 此 (U+6B64) in font [lmroman10-regular]:mapping=tex-text;!
Missing character: There is no 需 (U+9700) in font [lmroman10-regular]:mapping=tex-text;!
Missing character: There is no 要 (U+8981) in font [lmroman10-regular]:mapping=tex-text;!
Missing character: There is no 地 (U+5730) in font [lmroman10-regular]:mapping=tex-text;!
Missing character: There is no 图 (U+56FE) in font [lmroman10-regular]:mapping=tex-text;!
Missing character: There is no 粒 (U+7C92) in font [lmroman10-regular]:mapping=tex-text;!
Missing character: There is no 子 (U+5B50) in font [lmroman10-regular]:mapping=tex-text;!
Missing character: There is no 滤 (U+6EE4) in font [lmroman10-regular]:mapping=tex-text;!
Missing character: There is no 波 (U+6CE2) in font [lmroman10-regular]:mapping=tex-text;!
Missing character: There is no 纠 (U+7EA0) in font [lmroman10-regular]:mapping=tex-text;!
Missing character: There is no 偏 (U+504F) in font [lmroman10-regular]:mapping=tex-text;!
Missing character: There is no ； (U+FF1B) in font [lmroman10-regular]:mapping=tex-text;!
Missing character: There is no 它 (U+5B83) in font [lmroman10-regular]:mapping=tex-text;!
Missing character: There is no 还 (U+8FD8) in font [lmroman10-regular]:mapping=tex-text;!
Missing character: There is no 专 (U+4E13) in font [lmroman10-regular]:mapping=tex-text;!
Missing character: There is no 门 (U+95E8) in font [lmroman10-regular]:mapping=tex-text;!
Missing character: There is no 研 (U+7814) in font [lmroman10-regular]:mapping=tex-text;!
Missing character: There is no 究 (U+7A76) in font [lmroman10-regular]:mapping=tex-text;!
Missing character: There is no 方 (U+65B9) in font [lmroman10-regular]:mapping=tex-text;!
Missing character: There is no 向 (U+5411) in font [lmroman10-regular]:mapping=tex-text;!
Missing character: There is no 重 (U+91CD) in font [lmroman10-regular]:mapping=tex-text;!
Missing character: There is no 置 (U+7F6E) in font [lmroman10-regular]:mapping=tex-text;!
Missing character: There is no 减 (U+51CF) in font [lmroman10-regular]:mapping=tex-text;!
Missing character: There is no 少 (U+5C11) in font [lmroman10-regular]:mapping=tex-text;!
Missing character: There is no 大 (U+5927) in font [lmroman10-regular]:mapping=tex-text;!
Missing character: There is no 误 (U+8BEF) in font [lmroman10-regular]:mapping=tex-text;!
Missing character: There is no 差 (U+5DEE) in font [lmroman10-regular]:mapping=tex-text;!
Missing character: There is no 。 (U+3002) in font [lmroman10-regular]:mapping=tex-text;!
Missing character: There is no 的 (U+7684) in font [lmroman10-regular]:mapping=tex-text;!
Missing character: There is no 相 (U+76F8) in font [lmroman10-regular]:mapping=tex-text;!
Missing character: There is no 位 (U+4F4D) in font [lmroman10-regular]:mapping=tex-text;!
Missing character: There is no 跟 (U+8DDF) in font [lmroman10-regular]:mapping=tex-text;!
Missing character: There is no 踪 (U+8E2A) in font [lmroman10-regular]:mapping=tex-text;!
Missing character: There is no 会 (U+4F1A) in font [lmroman10-regular]:mapping=tex-text;!
Missing character: There is no 遇 (U+9047) in font [lmroman10-regular]:mapping=tex-text;!
Missing character: There is no 到 (U+5230) in font [lmroman10-regular]:mapping=tex-text;!
Missing character: There is no 间 (U+95F4) in font [lmroman10-regular]:mapping=tex-text;!
Missing character: There is no 隔 (U+9694) in font [lmroman10-regular]:mapping=tex-text;!
Missing character: There is no 过 (U+8FC7) in font [lmroman10-regular]:mapping=tex-text;!
Missing character: There is no 大 (U+5927) in font [lmroman10-regular]:mapping=tex-text;!
Missing character: There is no 导 (U+5BFC) in font [lmroman10-regular]:mapping=tex-text;!
Missing character: There is no 致 (U+81F4) in font [lmroman10-regular]:mapping=tex-text;!
Missing character: There is no 漏 (U+6F0F) in font [lmroman10-regular]:mapping=tex-text;!
Missing character: There is no 半 (U+534A) in font [lmroman10-regular]:mapping=tex-text;!
Missing character: There is no 周 (U+5468) in font [lmroman10-regular]:mapping=tex-text;!
Missing character: There is no 期 (U+671F) in font [lmroman10-regular]:mapping=tex-text;!
Missing character: There is no 的 (U+7684) in font [lmroman10-regular]:mapping=tex-text;!
Missing character: There is no 。 (U+3002) in font [lmroman10-regular]:mapping=tex-text;!
Missing character: There is no 任 (U+4EFB) in font [lmroman10-bold]:mapping=tex-text;!
Missing character: There is no 务 (U+52A1) in font [lmroman10-bold]:mapping=tex-text;!
Missing character: There is no 任 (U+4EFB) in font [lmroman10-bold]:mapping=tex-text;!
Missing character: There is no 务 (U+52A1) in font [lmroman10-bold]:mapping=tex-text;!
Missing character: There is no 任 (U+4EFB) in font [lmroman10-bold]:mapping=tex-text;!
Missing character: There is no 务 (U+52A1) in font [lmroman10-bold]:mapping=tex-text;!
Missing character: There is no 对 (U+5BF9) in font [lmroman10-bold]:mapping=tex-text;!
Missing character: There is no 信 (U+4FE1) in font [lmroman10-bold]:mapping=tex-text;!
Missing character: There is no 息 (U+606F) in font [lmroman10-bold]:mapping=tex-text;!
Missing character: There is no 粒 (U+7C92) in font [lmroman10-bold]:mapping=tex-text;!
Missing character: There is no 度 (U+5EA6) in font [lmroman10-bold]:mapping=tex-text;!
Missing character: There is no 的 (U+7684) in font [lmroman10-bold]:mapping=tex-text;!
Missing character: There is no 敏 (U+654F) in font [lmroman10-bold]:mapping=tex-text;!
Missing character: There is no 感 (U+611F) in font [lmroman10-bold]:mapping=tex-text;!
Missing character: There is no 性 (U+6027) in font [lmroman10-bold]:mapping=tex-text;!
Missing character: There is no 差 (U+5DEE) in font [lmroman10-bold]:mapping=tex-text;!
Missing character: There is no 异 (U+5F02) in font [lmroman10-bold]:mapping=tex-text;!
Missing character: There is no 指 (U+6307) in font [lmroman10-regular]:mapping=tex-text;!
Missing character: There is no 出 (U+51FA) in font [lmroman10-regular]:mapping=tex-text;!
Missing character: There is no ： (U+FF1A) in font [lmroman10-regular]:mapping=tex-text;!
Missing character: There is no 手 (U+624B) in font [lmroman10-regular]:mapping=tex-text;!
Missing character: There is no 势 (U+52BF) in font [lmroman10-regular]:mapping=tex-text;!
Missing character: There is no 生 (U+751F) in font [lmroman10-regular]:mapping=tex-text;!
Missing character: There is no 命 (U+547D) in font [lmroman10-regular]:mapping=tex-text;!
Missing character: There is no 体 (U+4F53) in font [lmroman10-regular]:mapping=tex-text;!
Missing character: There is no 征 (U+5F81) in font [lmroman10-regular]:mapping=tex-text;!
Missing character: There is no 更 (U+66F4) in font [lmroman10-regular]:mapping=tex-text;!
Missing character: There is no 依 (U+4F9D) in font [lmroman10-regular]:mapping=tex-text;!
Missing character: There is no 赖 (U+8D56) in font [lmroman10-regular]:mapping=tex-text;!
Missing character: There is no 分 (U+5206) in font [lmroman10-regular]:mapping=tex-text;!
Missing character: There is no 类 (U+7C7B) in font [lmroman10-regular]:mapping=tex-text;!
Missing character: There is no 能 (U+80FD) in font [lmroman10-regular]:mapping=tex-text;!
Missing character: There is no 力 (U+529B) in font [lmroman10-regular]:mapping=tex-text;!
Missing character: There is no 或 (U+6216) in font [lmroman10-regular]:mapping=tex-text;!
Missing character: There is no 低 (U+4F4E) in font [lmroman10-regular]:mapping=tex-text;!
Missing character: There is no 频 (U+9891) in font [lmroman10-regular]:mapping=tex-text;!
Missing character: There is no 形 (U+5F62) in font [lmroman10-regular]:mapping=tex-text;!
Missing character: There is no 状 (U+72B6) in font [lmroman10-regular]:mapping=tex-text;!
Missing character: There is no ， (U+FF0C) in font [lmroman10-regular]:mapping=tex-text;!
Missing character: There is no 而 (U+800C) in font [lmroman10-regular]:mapping=tex-text;!
Missing character: There is no 轨 (U+8F68) in font [lmroman10-bold]:mapping=tex-text;!
Missing character: There is no 迹 (U+8FF9) in font [lmroman10-bold]:mapping=tex-text;!
Missing character: There is no 跟 (U+8DDF) in font [lmroman10-bold]:mapping=tex-text;!
Missing character: There is no 踪 (U+8E2A) in font [lmroman10-bold]:mapping=tex-text;!
Missing character: There is no 需 (U+9700) in font [lmroman10-bold]:mapping=tex-text;!
Missing character: There is no 要 (U+8981) in font [lmroman10-bold]:mapping=tex-text;!
Missing character: There is no 更 (U+66F4) in font [lmroman10-bold]:mapping=tex-text;!
Missing character: There is no 细 (U+7EC6) in font [lmroman10-bold]:mapping=tex-text;!
Missing character: There is no 粒 (U+7C92) in font [lmroman10-bold]:mapping=tex-text;!
Missing character: There is no 度 (U+5EA6) in font [lmroman10-bold]:mapping=tex-text;!
Missing character: There is no ， (U+FF0C) in font [lmroman10-regular]:mapping=tex-text;!
Missing character: There is no 加 (U+52A0) in font [lmroman10-regular]:mapping=tex-text;!
Missing character: There is no 密 (U+5BC6) in font [lmroman10-regular]:mapping=tex-text;!
Missing character: There is no 造 (U+9020) in font [lmroman10-regular]:mapping=tex-text;!
Missing character: There is no 成 (U+6210) in font [lmroman10-regular]:mapping=tex-text;!
Missing character: There is no 的 (U+7684) in font [lmroman10-regular]:mapping=tex-text;!
Missing character: There is no 误 (U+8BEF) in font [lmroman10-regular]:mapping=tex-text;!
Missing character: There is no 差 (U+5DEE) in font [lmroman10-regular]:mapping=tex-text;!
Missing character: There is no 会 (U+4F1A) in font [lmroman10-regular]:mapping=tex-text;!
Missing character: There is no 累 (U+7D2F) in font [lmroman10-regular]:mapping=tex-text;!
Missing character: There is no 积 (U+79EF) in font [lmroman10-regular]:mapping=tex-text;!
Missing character: There is no ， (U+FF0C) in font [lmroman10-regular]:mapping=tex-text;!
Missing character: There is no 使 (U+4F7F) in font [lmroman10-regular]:mapping=tex-text;!
Missing character: There is no 定 (U+5B9A) in font [lmroman10-regular]:mapping=tex-text;!
Missing character: There is no 位 (U+4F4D) in font [lmroman10-regular]:mapping=tex-text;!
Missing character: There is no 误 (U+8BEF) in font [lmroman10-regular]:mapping=tex-text;!
Missing character: There is no 差 (U+5DEE) in font [lmroman10-regular]:mapping=tex-text;!
Missing character: There is no 从 (U+4ECE) in font [lmroman10-regular]:mapping=tex-text;!
Missing character: There is no 飙 (U+98D9) in font [lmroman10-regular]:mapping=tex-text;!
Missing character: There is no 到 (U+5230) in font [lmroman10-regular]:mapping=tex-text;!
Missing character: There is no 这 (U+8FD9) in font [lmroman10-regular]:mapping=tex-text;!
Missing character: There is no 条 (U+6761) in font [lmroman10-regular]:mapping=tex-text;!
Missing character: There is no 这 (U+8FD9) in font [lmroman10-regular]:mapping=tex-text;!
Missing character: There is no 条 (U+6761) in font [lmroman10-regular]:mapping=tex-text;!
Missing character: There is no 这 (U+8FD9) in font [lmroman10-regular]:mapping=tex-text;!
Missing character: There is no 条 (U+6761) in font [lmroman10-regular]:mapping=tex-text;!
Missing character: There is no 规 (U+89C4) in font [lmroman10-regular]:mapping=tex-text;!
Missing character: There is no 律 (U+5F8B) in font [lmroman10-regular]:mapping=tex-text;!
Missing character: There is no 非 (U+975E) in font [lmroman10-regular]:mapping=tex-text;!
Missing character: There is no 常 (U+5E38) in font [lmroman10-regular]:mapping=tex-text;!
Missing character: There is no 关 (U+5173) in font [lmroman10-regular]:mapping=tex-text;!
Missing character: There is no 键 (U+952E) in font [lmroman10-regular]:mapping=tex-text;!
Missing character: There is no ： (U+FF1A) in font [lmroman10-regular]:mapping=tex-text;!
Missing character: There is no 越 (U+8D8A) in font [lmroman10-bold]:mapping=tex-text;!
Missing character: There is no 几 (U+51E0) in font [lmroman10-bold]:mapping=tex-text;!
Missing character: There is no 何 (U+4F55) in font [lmroman10-bold]:mapping=tex-text;!
Missing character: There is no 越 (U+8D8A) in font [lmroman10-bold]:mapping=tex-text;!
Missing character: There is no 连 (U+8FDE) in font [lmroman10-bold]:mapping=tex-text;!
Missing character: There is no 续 (U+7EED) in font [lmroman10-bold]:mapping=tex-text;!
Missing character: There is no 的 (U+7684) in font [lmroman10-bold]:mapping=tex-text;!
Missing character: There is no 任 (U+4EFB) in font [lmroman10-bold]:mapping=tex-text;!
Missing character: There is no 务 (U+52A1) in font [lmroman10-bold]:mapping=tex-text;!
Missing character: There is no 越 (U+8D8A) in font [lmroman10-bold]:mapping=tex-text;!
Missing character: There is no 怕 (U+6015) in font [lmroman10-bold]:mapping=tex-text;!
Missing character: There is no 失 (U+5931) in font [lmroman10-bold]:mapping=tex-text;!
Missing character: There is no 真 (U+771F) in font [lmroman10-bold]:mapping=tex-text;!
Missing character: There is no 累 (U+7D2F) in font [lmroman10-bold]:mapping=tex-text;!
Missing character: There is no 积 (U+79EF) in font [lmroman10-bold]:mapping=tex-text;!
Missing character: There is no （ (U+FF08) in font [lmroman10-regular]:mapping=tex-text;!
Missing character: There is no 跟 (U+8DDF) in font [lmroman10-regular]:mapping=tex-text;!
Missing character: There is no 踪 (U+8E2A) in font [lmroman10-regular]:mapping=tex-text;!
Missing character: There is no 测 (U+6D4B) in font [lmroman10-regular]:mapping=tex-text;!
Missing character: There is no 距 (U+8DDD) in font [lmroman10-regular]:mapping=tex-text;!
Missing character: There is no 最 (U+6700) in font [lmroman10-regular]:mapping=tex-text;!
Missing character: There is no 敏 (U+654F) in font [lmroman10-regular]:mapping=tex-text;!
Missing character: There is no 感 (U+611F) in font [lmroman10-regular]:mapping=tex-text;!
Missing character: There is no ， (U+FF0C) in font [lmroman10-regular]:mapping=tex-text;!
Missing character: There is no 分 (U+5206) in font [lmroman10-regular]:mapping=tex-text;!
Missing character: There is no 类 (U+7C7B) in font [lmroman10-regular]:mapping=tex-text;!
Missing character: There is no 相 (U+76F8) in font [lmroman10-regular]:mapping=tex-text;!
Missing character: There is no 对 (U+5BF9) in font [lmroman10-regular]:mapping=tex-text;!
Missing character: There is no 不 (U+4E0D) in font [lmroman10-regular]:mapping=tex-text;!
Missing character: There is no 敏 (U+654F) in font [lmroman10-regular]:mapping=tex-text;!
Missing character: There is no 感 (U+611F) in font [lmroman10-regular]:mapping=tex-text;!
Missing character: There is no ） (U+FF09) in font [lmroman10-regular]:mapping=tex-text;!
Missing character: There is no 。 (U+3002) in font [lmroman10-regular]:mapping=tex-text;!
Missing character: There is no 因 (U+56E0) in font [lmroman10-bold]:mapping=tex-text;!
Missing character: There is no 此 (U+6B64) in font [lmroman10-bold]:mapping=tex-text;!
Missing character: There is no 需 (U+9700) in font [lmroman10-bold]:mapping=tex-text;!
Missing character: There is no 要 (U+8981) in font [lmroman10-bold]:mapping=tex-text;!
Missing character: There is no 共 (U+5171) in font [lmroman10-bold]:mapping=tex-text;!
Missing character: There is no 同 (U+540C) in font [lmroman10-bold]:mapping=tex-text;!
Missing character: There is no 的 (U+7684) in font [lmroman10-bold]:mapping=tex-text;!
Missing character: There is no 泛 (U+6CDB) in font [lmroman10-bold]:mapping=tex-text;!
Missing character: There is no 化 (U+5316) in font [lmroman10-bold]:mapping=tex-text;!
Missing character: There is no 处 (U+5904) in font [lmroman10-bold]:mapping=tex-text;!
Missing character: There is no 理 (U+7406) in font [lmroman10-bold]:mapping=tex-text;!
Missing character: There is no ： (U+FF1A) in font [lmroman10-bold]:mapping=tex-text;!
Missing character: There is no 把 (U+628A) in font [lmroman10-bold]:mapping=tex-text;!
Missing character: There is no 泛 (U+6CDB) in font [lmroman10-bold]:mapping=tex-text;!
Missing character: There is no 化 (U+5316) in font [lmroman10-bold]:mapping=tex-text;!
Missing character: There is no 当 (U+5F53) in font [lmroman10-bold]:mapping=tex-text;!
Missing character: There is no 作 (U+4F5C) in font [lmroman10-bold]:mapping=tex-text;!
Missing character: There is no 核 (U+6838) in font [lmroman10-bold]:mapping=tex-text;!
Missing character: There is no 心 (U+5FC3) in font [lmroman10-bold]:mapping=tex-text;!
Missing character: There is no 目 (U+76EE) in font [lmroman10-bold]:mapping=tex-text;!
Missing character: There is no 标 (U+6807) in font [lmroman10-bold]:mapping=tex-text;!
Missing character: There is no 之 (U+4E4B) in font [lmroman10-bold]:mapping=tex-text;!
Missing character: There is no 一 (U+4E00) in font [lmroman10-bold]:mapping=tex-text;!
Missing character: There is no 不 (U+4E0D) in font [lmroman10-regular]:mapping=tex-text;!
Missing character: There is no 管 (U+7BA1) in font [lmroman10-regular]:mapping=tex-text;!
Missing character: There is no 是 (U+662F) in font [lmroman10-regular]:mapping=tex-text;!
Missing character: There is no 环 (U+73AF) in font [lmroman10-regular]:mapping=tex-text;!
Missing character: There is no 境 (U+5883) in font [lmroman10-regular]:mapping=tex-text;!
Missing character: There is no 变 (U+53D8) in font [lmroman10-regular]:mapping=tex-text;!
Missing character: There is no 化 (U+5316) in font [lmroman10-regular]:mapping=tex-text;!
Missing character: There is no 、 (U+3001) in font [lmroman10-regular]:mapping=tex-text;!
Missing character: There is no 设 (U+8BBE) in font [lmroman10-regular]:mapping=tex-text;!
Missing character: There is no 备 (U+5907) in font [lmroman10-regular]:mapping=tex-text;!
Missing character: There is no 变 (U+53D8) in font [lmroman10-regular]:mapping=tex-text;!
Missing character: There is no 化 (U+5316) in font [lmroman10-regular]:mapping=tex-text;!
Missing character: There is no 、 (U+3001) in font [lmroman10-regular]:mapping=tex-text;!
Missing character: There is no 用 (U+7528) in font [lmroman10-regular]:mapping=tex-text;!
Missing character: There is no 户 (U+6237) in font [lmroman10-regular]:mapping=tex-text;!
Missing character: There is no 变 (U+53D8) in font [lmroman10-regular]:mapping=tex-text;!
Missing character: There is no 化 (U+5316) in font [lmroman10-regular]:mapping=tex-text;!
Missing character: There is no 还 (U+8FD8) in font [lmroman10-regular]:mapping=tex-text;!
Missing character: There is no 是 (U+662F) in font [lmroman10-regular]:mapping=tex-text;!
Missing character: There is no 场 (U+573A) in font [lmroman10-regular]:mapping=tex-text;!
Missing character: There is no 景 (U+666F) in font [lmroman10-regular]:mapping=tex-text;!
Missing character: There is no 变 (U+53D8) in font [lmroman10-regular]:mapping=tex-text;!
Missing character: There is no 化 (U+5316) in font [lmroman10-regular]:mapping=tex-text;!
Missing character: There is no ， (U+FF0C) in font [lmroman10-regular]:mapping=tex-text;!
Missing character: There is no 几 (U+51E0) in font [lmroman10-regular]:mapping=tex-text;!
Missing character: There is no 乎 (U+4E4E) in font [lmroman10-regular]:mapping=tex-text;!
Missing character: There is no 都 (U+90FD) in font [lmroman10-regular]:mapping=tex-text;!
Missing character: There is no 被 (U+88AB) in font [lmroman10-regular]:mapping=tex-text;!
Missing character: There is no 当 (U+5F53) in font [lmroman10-regular]:mapping=tex-text;!
Missing character: There is no 成 (U+6210) in font [lmroman10-regular]:mapping=tex-text;!
Missing character: There is no 默 (U+9ED8) in font [lmroman10-regular]:mapping=tex-text;!
Missing character: There is no 认 (U+8BA4) in font [lmroman10-regular]:mapping=tex-text;!
Missing character: There is no 存 (U+5B58) in font [lmroman10-regular]:mapping=tex-text;!
Missing character: There is no 在 (U+5728) in font [lmroman10-regular]:mapping=tex-text;!
Missing character: There is no 。 (U+3002) in font [lmroman10-regular]:mapping=tex-text;!
Missing character: There is no 区 (U+533A) in font [lmroman10-regular]:mapping=tex-text;!
Missing character: There is no 别 (U+522B) in font [lmroman10-regular]:mapping=tex-text;!
Missing character: There is no 在 (U+5728) in font [lmroman10-regular]:mapping=tex-text;!
Missing character: There is no 选 (U+9009) in font [lmroman10-regular]:mapping=tex-text;!
Missing character: There is no 择 (U+62E9) in font [lmroman10-regular]:mapping=tex-text;!
Missing character: There is no 了 (U+4E86) in font [lmroman10-regular]:mapping=tex-text;!
Missing character: There is no 不 (U+4E0D) in font [lmroman10-regular]:mapping=tex-text;!
Missing character: There is no 同 (U+540C) in font [lmroman10-regular]:mapping=tex-text;!
Missing character: There is no 的 (U+7684) in font [lmroman10-regular]:mapping=tex-text;!
Missing character: There is no 泛 (U+6CDB) in font [lmroman10-regular]:mapping=tex-text;!
Missing character: There is no 化 (U+5316) in font [lmroman10-regular]:mapping=tex-text;!
Missing character: There is no 武 (U+6B66) in font [lmroman10-regular]:mapping=tex-text;!
Missing character: There is no 器 (U+5668) in font [lmroman10-regular]:mapping=tex-text;!
Missing character: There is no ： (U+FF1A) in font [lmroman10-regular]:mapping=tex-text;!
Missing character: There is no 物 (U+7269) in font [lmroman10-regular]:mapping=tex-text;!
Missing character: There is no 理 (U+7406) in font [lmroman10-regular]:mapping=tex-text;!
Missing character: There is no 物 (U+7269) in font [lmroman10-regular]:mapping=tex-text;!
Missing character: There is no 理 (U+7406) in font [lmroman10-regular]:mapping=tex-text;!
Missing character: There is no 物 (U+7269) in font [lmroman10-regular]:mapping=tex-text;!
Missing character: There is no 理 (U+7406) in font [lmroman10-regular]:mapping=tex-text;!
Missing character: There is no 不 (U+4E0D) in font [lmroman10-regular]:mapping=tex-text;!
Missing character: There is no 变 (U+53D8) in font [lmroman10-regular]:mapping=tex-text;!
Missing character: There is no 量 (U+91CF) in font [lmroman10-regular]:mapping=tex-text;!
Missing character: There is no （ (U+FF08) in font [lmroman10-regular]:mapping=tex-text;!
Missing character: There is no ） (U+FF09) in font [lmroman10-regular]:mapping=tex-text;!
Missing character: There is no 学 (U+5B66) in font [lmroman10-regular]:mapping=tex-text;!
Missing character: There is no 到 (U+5230) in font [lmroman10-regular]:mapping=tex-text;!
Missing character: There is no 学 (U+5B66) in font [lmroman10-regular]:mapping=tex-text;!
Missing character: There is no 到 (U+5230) in font [lmroman10-regular]:mapping=tex-text;!
Missing character: There is no 学 (U+5B66) in font [lmroman10-regular]:mapping=tex-text;!
Missing character: There is no 到 (U+5230) in font [lmroman10-regular]:mapping=tex-text;!
Missing character: There is no 的 (U+7684) in font [lmroman10-regular]:mapping=tex-text;!
Missing character: There is no 通 (U+901A) in font [lmroman10-regular]:mapping=tex-text;!
Missing character: There is no 用 (U+7528) in font [lmroman10-regular]:mapping=tex-text;!
Missing character: There is no 表 (U+8868) in font [lmroman10-regular]:mapping=tex-text;!
Missing character: There is no 征 (U+5F81) in font [lmroman10-regular]:mapping=tex-text;!
Missing character: There is no 教 (U+6559) in font [lmroman10-regular]:mapping=tex-text;!
Missing character: There is no 师 (U+5E08) in font [lmroman10-regular]:mapping=tex-text;!
Missing character: There is no 监 (U+76D1) in font [lmroman10-regular]:mapping=tex-text;!
Missing character: There is no 督 (U+7763) in font [lmroman10-regular]:mapping=tex-text;!
Missing character: There is no （ (U+FF08) in font [lmroman10-regular]:mapping=tex-text;!
Missing character: There is no ） (U+FF09) in font [lmroman10-regular]:mapping=tex-text;!
Missing character: There is no 在 (U+5728) in font [lmroman10-regular]:mapping=tex-text;!
Missing character: There is no 线 (U+7EBF) in font [lmroman10-regular]:mapping=tex-text;!
Missing character: There is no 在 (U+5728) in font [lmroman10-regular]:mapping=tex-text;!
Missing character: There is no 线 (U+7EBF) in font [lmroman10-regular]:mapping=tex-text;!
Missing character: There is no 在 (U+5728) in font [lmroman10-regular]:mapping=tex-text;!
Missing character: There is no 线 (U+7EBF) in font [lmroman10-regular]:mapping=tex-text;!
Missing character: There is no 传 (U+4F20) in font [lmroman10-regular]:mapping=tex-text;!
Missing character: There is no 导 (U+5BFC) in font [lmroman10-regular]:mapping=tex-text;!
Missing character: There is no 式 (U+5F0F) in font [lmroman10-regular]:mapping=tex-text;!
Missing character: There is no 学 (U+5B66) in font [lmroman10-regular]:mapping=tex-text;!
Missing character: There is no 习 (U+4E60) in font [lmroman10-regular]:mapping=tex-text;!
Missing character: There is no （ (U+FF08) in font [lmroman10-regular]:mapping=tex-text;!
Missing character: There is no ） (U+FF09) in font [lmroman10-regular]:mapping=tex-text;!
Missing character: There is no 地 (U+5730) in font [lmroman10-regular]:mapping=tex-text;!
Missing character: There is no 图 (U+56FE) in font [lmroman10-regular]:mapping=tex-text;!
Missing character: There is no 地 (U+5730) in font [lmroman10-regular]:mapping=tex-text;!
Missing character: There is no 图 (U+56FE) in font [lmroman10-regular]:mapping=tex-text;!
Missing character: There is no 地 (U+5730) in font [lmroman10-regular]:mapping=tex-text;!
Missing character: There is no 图 (U+56FE) in font [lmroman10-regular]:mapping=tex-text;!
Missing character: There is no 约 (U+7EA6) in font [lmroman10-regular]:mapping=tex-text;!
Missing character: There is no 束 (U+675F) in font [lmroman10-regular]:mapping=tex-text;!
Missing character: There is no 滤 (U+6EE4) in font [lmroman10-regular]:mapping=tex-text;!
Missing character: There is no 波 (U+6CE2) in font [lmroman10-regular]:mapping=tex-text;!
Missing character: There is no （ (U+FF08) in font [lmroman10-regular]:mapping=tex-text;!
Missing character: There is no ） (U+FF09) in font [lmroman10-regular]:mapping=tex-text;!
Missing character: There is no 多 (U+591A) in font [lmroman10-regular]:mapping=tex-text;!
Missing character: There is no 目 (U+76EE) in font [lmroman10-regular]:mapping=tex-text;!
Missing character: There is no 多 (U+591A) in font [lmroman10-regular]:mapping=tex-text;!
Missing character: There is no 目 (U+76EE) in font [lmroman10-regular]:mapping=tex-text;!
Missing character: There is no 多 (U+591A) in font [lmroman10-regular]:mapping=tex-text;!
Missing character: There is no 目 (U+76EE) in font [lmroman10-regular]:mapping=tex-text;!
Missing character: There is no 标 (U+6807) in font [lmroman10-regular]:mapping=tex-text;!
Missing character: There is no 约 (U+7EA6) in font [lmroman10-regular]:mapping=tex-text;!
Missing character: There is no 束 (U+675F) in font [lmroman10-regular]:mapping=tex-text;!
Missing character: There is no （ (U+FF08) in font [lmroman10-regular]:mapping=tex-text;!
Missing character: There is no ） (U+FF09) in font [lmroman10-regular]:mapping=tex-text;!
Missing character: There is no 异 (U+5F02) in font [lmroman10-regular]:mapping=tex-text;!
Missing character: There is no 构 (U+6784) in font [lmroman10-regular]:mapping=tex-text;!
Missing character: There is no 异 (U+5F02) in font [lmroman10-regular]:mapping=tex-text;!
Missing character: There is no 构 (U+6784) in font [lmroman10-regular]:mapping=tex-text;!
Missing character: There is no 异 (U+5F02) in font [lmroman10-regular]:mapping=tex-text;!
Missing character: There is no 构 (U+6784) in font [lmroman10-regular]:mapping=tex-text;!
Missing character: There is no 补 (U+8865) in font [lmroman10-regular]:mapping=tex-text;!
Missing character: There is no 偿 (U+507F) in font [lmroman10-regular]:mapping=tex-text;!
Missing character: There is no （ (U+FF08) in font [lmroman10-regular]:mapping=tex-text;!
Missing character: There is no ） (U+FF09) in font [lmroman10-regular]:mapping=tex-text;!
Missing character: There is no 把 (U+628A) in font [lmroman10-regular]:mapping=tex-text;!
Missing character: There is no 域 (U+57DF) in font [lmroman10-regular]:mapping=tex-text;!
Missing character: There is no 变 (U+53D8) in font [lmroman10-regular]:mapping=tex-text;!
Missing character: There is no 化 (U+5316) in font [lmroman10-regular]:mapping=tex-text;!
Missing character: There is no 是 (U+662F) in font [lmroman10-regular]:mapping=tex-text;!
Missing character: There is no 默 (U+9ED8) in font [lmroman10-regular]:mapping=tex-text;!
Missing character: There is no 认 (U+8BA4) in font [lmroman10-regular]:mapping=tex-text;!
Missing character: There is no 存 (U+5B58) in font [lmroman10-regular]:mapping=tex-text;!
Missing character: There is no 在 (U+5728) in font [lmroman10-regular]:mapping=tex-text;!
Missing character: There is no 的 (U+7684) in font [lmroman10-regular]:mapping=tex-text;!
Missing character: There is no 当 (U+5F53) in font [lmroman10-regular]:mapping=tex-text;!
Missing character: There is no 作 (U+4F5C) in font [lmroman10-regular]:mapping=tex-text;!
Missing character: There is no 前 (U+524D) in font [lmroman10-regular]:mapping=tex-text;!
Missing character: There is no 提 (U+63D0) in font [lmroman10-regular]:mapping=tex-text;!
Missing character: There is no （ (U+FF08) in font [lmroman10-regular]:mapping=tex-text;!
Missing character: There is no 房 (U+623F) in font [lmroman10-regular]:mapping=tex-text;!
Missing character: There is no 间 (U+95F4) in font [lmroman10-regular]:mapping=tex-text;!
Missing character: There is no 布 (U+5E03) in font [lmroman10-regular]:mapping=tex-text;!
Missing character: There is no 局 (U+5C40) in font [lmroman10-regular]:mapping=tex-text;!
Missing character: There is no 遮 (U+906E) in font [lmroman10-regular]:mapping=tex-text;!
Missing character: There is no 挡 (U+6321) in font [lmroman10-regular]:mapping=tex-text;!
Missing character: There is no 设 (U+8BBE) in font [lmroman10-regular]:mapping=tex-text;!
Missing character: There is no 备 (U+5907) in font [lmroman10-regular]:mapping=tex-text;!
Missing character: There is no 人 (U+4EBA) in font [lmroman10-regular]:mapping=tex-text;!
Missing character: There is no 群 (U+7FA4) in font [lmroman10-regular]:mapping=tex-text;!
Missing character: There is no 时 (U+65F6) in font [lmroman10-regular]:mapping=tex-text;!
Missing character: There is no 间 (U+95F4) in font [lmroman10-regular]:mapping=tex-text;!
Missing character: There is no 漂 (U+6F02) in font [lmroman10-regular]:mapping=tex-text;!
Missing character: There is no 移 (U+79FB) in font [lmroman10-regular]:mapping=tex-text;!
Missing character: There is no ） (U+FF09) in font [lmroman10-regular]:mapping=tex-text;!
Missing character: There is no ， (U+FF0C) in font [lmroman10-regular]:mapping=tex-text;!
Missing character: There is no 然 (U+7136) in font [lmroman10-regular]:mapping=tex-text;!
Missing character: There is no 后 (U+540E) in font [lmroman10-regular]:mapping=tex-text;!
Missing character: There is no 各 (U+5404) in font [lmroman10-regular]:mapping=tex-text;!
Missing character: There is no 自 (U+81EA) in font [lmroman10-regular]:mapping=tex-text;!
Missing character: There is no 思 (U+601D) in font [lmroman10-regular]:mapping=tex-text;!
Missing character: There is no 考 (U+8003) in font [lmroman10-regular]:mapping=tex-text;!
Missing character: There is no 方 (U+65B9) in font [lmroman10-regular]:mapping=tex-text;!
Missing character: There is no 式 (U+5F0F) in font [lmroman10-regular]:mapping=tex-text;!
Missing character: There is no 。 (U+3002) in font [lmroman10-regular]:mapping=tex-text;!

Underfull \hbox (badness 10000) in paragraph at lines 446--447

 []

Missing character: There is no 论 (U+8BBA) in font [lmroman10-regular]:mapping=tex-text;!
Missing character: There is no 文 (U+6587) in font [lmroman10-regular]:mapping=tex-text;!
Missing character: There is no 具 (U+5177) in font [lmroman10-regular]:mapping=tex-text;!
Missing character: There is no 体 (U+4F53) in font [lmroman10-regular]:mapping=tex-text;!
Missing character: There is no 分 (U+5206) in font [lmroman10-regular]:mapping=tex-text;!
Missing character: There is no 析 (U+6790) in font [lmroman10-regular]:mapping=tex-text;!
Missing character: There is no 用 (U+7528) in font [lmroman10-bold]:mapping=tex-text;!
Missing character: There is no 物 (U+7269) in font [lmroman10-bold]:mapping=tex-text;!
Missing character: There is no 理 (U+7406) in font [lmroman10-bold]:mapping=tex-text;!
Missing character: There is no 不 (U+4E0D) in font [lmroman10-bold]:mapping=tex-text;!
Missing character: There is no 变 (U+53D8) in font [lmroman10-bold]:mapping=tex-text;!
Missing character: There is no 量 (U+91CF) in font [lmroman10-bold]:mapping=tex-text;!
Missing character: There is no 生 (U+751F) in font [lmroman10-bold]:mapping=tex-text;!
Missing character: There is no 理 (U+7406) in font [lmroman10-bold]:mapping=tex-text;!
Missing character: There is no 不 (U+4E0D) in font [lmroman10-bold]:mapping=tex-text;!
Missing character: There is no 变 (U+53D8) in font [lmroman10-bold]:mapping=tex-text;!
Missing character: There is no 量 (U+91CF) in font [lmroman10-bold]:mapping=tex-text;!
Missing character: There is no 做 (U+505A) in font [lmroman10-bold]:mapping=tex-text;!
Missing character: There is no 域 (U+57DF) in font [lmroman10-bold]:mapping=tex-text;!
Missing character: There is no 无 (U+65E0) in font [lmroman10-bold]:mapping=tex-text;!
Missing character: There is no 关 (U+5173) in font [lmroman10-bold]:mapping=tex-text;!
Missing character: There is no 核 (U+6838) in font [lmroman10-bold]:mapping=tex-text;!
Missing character: There is no 心 (U+5FC3) in font [lmroman10-bold]:mapping=tex-text;!
Missing character: There is no 思 (U+601D) in font [lmroman10-bold]:mapping=tex-text;!
Missing character: There is no 想 (U+60F3) in font [lmroman10-bold]:mapping=tex-text;!
Missing character: There is no ： (U+FF1A) in font [lmroman10-regular]:mapping=tex-text;!
Missing character: There is no 环 (U+73AF) in font [lmroman10-regular]:mapping=tex-text;!
Missing character: There is no 境 (U+5883) in font [lmroman10-regular]:mapping=tex-text;!
Missing character: There is no （ (U+FF08) in font [lmroman10-regular]:mapping=tex-text;!
Missing character: There is no 多 (U+591A) in font [lmroman10-regular]:mapping=tex-text;!
Missing character: There is no 径 (U+5F84) in font [lmroman10-regular]:mapping=tex-text;!
Missing character: There is no 结 (U+7ED3) in font [lmroman10-regular]:mapping=tex-text;!
Missing character: There is no 构 (U+6784) in font [lmroman10-regular]:mapping=tex-text;!
Missing character: There is no ） (U+FF09) in font [lmroman10-regular]:mapping=tex-text;!
Missing character: There is no 会 (U+4F1A) in font [lmroman10-regular]:mapping=tex-text;!
Missing character: There is no 变 (U+53D8) in font [lmroman10-regular]:mapping=tex-text;!
Missing character: There is no ， (U+FF0C) in font [lmroman10-regular]:mapping=tex-text;!
Missing character: There is no 但 (U+4F46) in font [lmroman10-regular]:mapping=tex-text;!
Missing character: There is no 某 (U+67D0) in font [lmroman10-regular]:mapping=tex-text;!
Missing character: There is no 些 (U+4E9B) in font [lmroman10-regular]:mapping=tex-text;!
Missing character: There is no 由 (U+7531) in font [lmroman10-regular]:mapping=tex-text;!
Missing character: There is no 人 (U+4EBA) in font [lmroman10-regular]:mapping=tex-text;!
Missing character: There is no 体 (U+4F53) in font [lmroman10-regular]:mapping=tex-text;!
Missing character: There is no 运 (U+8FD0) in font [lmroman10-regular]:mapping=tex-text;!
Missing character: There is no 动 (U+52A8) in font [lmroman10-regular]:mapping=tex-text;!
Missing character: There is no 学 (U+5B66) in font [lmroman10-regular]:mapping=tex-text;!
Missing character: There is no 决 (U+51B3) in font [lmroman10-regular]:mapping=tex-text;!
Missing character: There is no 定 (U+5B9A) in font [lmroman10-regular]:mapping=tex-text;!
Missing character: There is no 的 (U+7684) in font [lmroman10-regular]:mapping=tex-text;!
Missing character: There is no 量 (U+91CF) in font [lmroman10-regular]:mapping=tex-text;!
Missing character: There is no 更 (U+66F4) in font [lmroman10-regular]:mapping=tex-text;!
Missing character: There is no 稳 (U+7A33) in font [lmroman10-regular]:mapping=tex-text;!
Missing character: There is no 定 (U+5B9A) in font [lmroman10-regular]:mapping=tex-text;!
Missing character: There is no ； (U+FF1B) in font [lmroman10-regular]:mapping=tex-text;!
Missing character: There is no 把 (U+628A) in font [lmroman10-regular]:mapping=tex-text;!
Missing character: There is no 学 (U+5B66) in font [lmroman10-regular]:mapping=tex-text;!
Missing character: There is no 习 (U+4E60) in font [lmroman10-regular]:mapping=tex-text;!
Missing character: There is no 目 (U+76EE) in font [lmroman10-regular]:mapping=tex-text;!
Missing character: There is no 标 (U+6807) in font [lmroman10-regular]:mapping=tex-text;!
Missing character: There is no 从 (U+4ECE) in font [lmroman10-regular]:mapping=tex-text;!
Missing character: There is no 信 (U+4FE1) in font [lmroman10-regular]:mapping=tex-text;!
Missing character: There is no 号 (U+53F7) in font [lmroman10-regular]:mapping=tex-text;!
Missing character: There is no 模 (U+6A21) in font [lmroman10-regular]:mapping=tex-text;!
Missing character: There is no 式 (U+5F0F) in font [lmroman10-regular]:mapping=tex-text;!
Missing character: There is no 转 (U+8F6C) in font [lmroman10-regular]:mapping=tex-text;!
Missing character: There is no 成 (U+6210) in font [lmroman10-regular]:mapping=tex-text;!
Missing character: There is no 这 (U+8FD9) in font [lmroman10-regular]:mapping=tex-text;!
Missing character: There is no 些 (U+4E9B) in font [lmroman10-regular]:mapping=tex-text;!
Missing character: There is no 量 (U+91CF) in font [lmroman10-regular]:mapping=tex-text;!
Missing character: There is no ， (U+FF0C) in font [lmroman10-regular]:mapping=tex-text;!
Missing character: There is no 就 (U+5C31) in font [lmroman10-regular]:mapping=tex-text;!
Missing character: There is no 天 (U+5929) in font [lmroman10-regular]:mapping=tex-text;!
Missing character: There is no 然 (U+7136) in font [lmroman10-regular]:mapping=tex-text;!
Missing character: There is no 弱 (U+5F31) in font [lmroman10-regular]:mapping=tex-text;!
Missing character: There is no 化 (U+5316) in font [lmroman10-regular]:mapping=tex-text;!
Missing character: There is no 环 (U+73AF) in font [lmroman10-regular]:mapping=tex-text;!
Missing character: There is no 境 (U+5883) in font [lmroman10-regular]:mapping=tex-text;!
Missing character: There is no 差 (U+5DEE) in font [lmroman10-regular]:mapping=tex-text;!
Missing character: There is no 异 (U+5F02) in font [lmroman10-regular]:mapping=tex-text;!
Missing character: There is no 。 (U+3002) in font [lmroman10-regular]:mapping=tex-text;!


[5]
Missing character: There is no ： (U+FF1A) in font [lmroman10-regular]:mapping=tex-text;!
Missing character: There is no 典 (U+5178) in font [lmroman10-regular]:mapping=tex-text;!
Missing character: There is no 型 (U+578B) in font [lmroman10-regular]:mapping=tex-text;!
Missing character: There is no 代 (U+4EE3) in font [lmroman10-regular]:mapping=tex-text;!
Missing character: There is no 表 (U+8868) in font [lmroman10-regular]:mapping=tex-text;!
Missing character: There is no 把 (U+628A) in font [lmroman10-regular]:mapping=tex-text;!
Missing character: There is no 先 (U+5148) in font [lmroman10-regular]:mapping=tex-text;!
Missing character: There is no 变 (U+53D8) in font [lmroman10-regular]:mapping=tex-text;!
Missing character: There is no 成 (U+6210) in font [lmroman10-regular]:mapping=tex-text;!
Missing character: There is no 速 (U+901F) in font [lmroman10-bold]:mapping=tex-text;!
Missing character: There is no 度 (U+5EA6) in font [lmroman10-bold]:mapping=tex-text;!
Missing character: There is no 加 (U+52A0) in font [lmroman10-bold]:mapping=tex-text;!
Missing character: There is no 速 (U+901F) in font [lmroman10-bold]:mapping=tex-text;!
Missing character: There is no 度 (U+5EA6) in font [lmroman10-bold]:mapping=tex-text;!
Missing character: There is no 时 (U+65F6) in font [lmroman10-bold]:mapping=tex-text;!
Missing character: There is no 间 (U+95F4) in font [lmroman10-bold]:mapping=tex-text;!
Missing character: There is no 序 (U+5E8F) in font [lmroman10-bold]:mapping=tex-text;!
Missing character: There is no 列 (U+5217) in font [lmroman10-bold]:mapping=tex-text;!
Missing character: There is no ， (U+FF0C) in font [lmroman10-regular]:mapping=tex-text;!
Missing character: There is no 再 (U+518D) in font [lmroman10-regular]:mapping=tex-text;!
Missing character: There is no 做 (U+505A) in font [lmroman10-regular]:mapping=tex-text;!
Missing character: There is no 模 (U+6A21) in font [lmroman10-regular]:mapping=tex-text;!
Missing character: There is no 板 (U+677F) in font [lmroman10-regular]:mapping=tex-text;!
Missing character: There is no 匹 (U+5339) in font [lmroman10-regular]:mapping=tex-text;!
Missing character: There is no 配 (U+914D) in font [lmroman10-regular]:mapping=tex-text;!
Missing character: There is no （ (U+FF08) in font [lmroman10-regular]:mapping=tex-text;!
Missing character: There is no ） (U+FF09) in font [lmroman10-regular]:mapping=tex-text;!
Missing character: There is no 。 (U+3002) in font [lmroman10-regular]:mapping=tex-text;!
Missing character: There is no 这 (U+8FD9) in font [lmroman10-regular]:mapping=tex-text;!
Missing character: There is no 里 (U+91CC) in font [lmroman10-regular]:mapping=tex-text;!
Missing character: There is no 域 (U+57DF) in font [lmroman10-regular]:mapping=tex-text;!
Missing character: There is no 无 (U+65E0) in font [lmroman10-regular]:mapping=tex-text;!
Missing character: There is no 关 (U+5173) in font [lmroman10-regular]:mapping=tex-text;!
Missing character: There is no 的 (U+7684) in font [lmroman10-regular]:mapping=tex-text;!
Missing character: There is no 关 (U+5173) in font [lmroman10-regular]:mapping=tex-text;!
Missing character: There is no 键 (U+952E) in font [lmroman10-regular]:mapping=tex-text;!
Missing character: There is no 不 (U+4E0D) in font [lmroman10-regular]:mapping=tex-text;!
Missing character: There is no 在 (U+5728) in font [lmroman10-regular]:mapping=tex-text;!
Missing character: There is no ： (U+FF1A) in font [lmroman10-regular]:mapping=tex-text;!
Missing character: There is no 多 (U+591A) in font [lmroman10-regular]:mapping=tex-text;!
Missing character: There is no 径 (U+5F84) in font [lmroman10-regular]:mapping=tex-text;!
Missing character: There is no 多 (U+591A) in font [lmroman10-regular]:mapping=tex-text;!
Missing character: There is no 径 (U+5F84) in font [lmroman10-regular]:mapping=tex-text;!
Missing character: There is no 多 (U+591A) in font [lmroman10-regular]:mapping=tex-text;!
Missing character: There is no 径 (U+5F84) in font [lmroman10-regular]:mapping=tex-text;!
Missing character: There is no 怎 (U+600E) in font [lmroman10-regular]:mapping=tex-text;!
Missing character: There is no 么 (U+4E48) in font [lmroman10-regular]:mapping=tex-text;!
Missing character: There is no 变 (U+53D8) in font [lmroman10-regular]:mapping=tex-text;!
Missing character: There is no 都 (U+90FD) in font [lmroman10-regular]:mapping=tex-text;!
Missing character: There is no 好 (U+597D) in font [lmroman10-regular]:mapping=tex-text;!
Missing character: There is no ， (U+FF0C) in font [lmroman10-regular]:mapping=tex-text;!
Missing character: There is no 人 (U+4EBA) in font [lmroman10-regular]:mapping=tex-text;!
Missing character: There is no 跌 (U+8DCC) in font [lmroman10-regular]:mapping=tex-text;!
Missing character: There is no 倒 (U+5012) in font [lmroman10-regular]:mapping=tex-text;!
Missing character: There is no 时 (U+65F6) in font [lmroman10-regular]:mapping=tex-text;!
Missing character: There is no 速 (U+901F) in font [lmroman10-regular]:mapping=tex-text;!
Missing character: There is no 度 (U+5EA6) in font [lmroman10-regular]:mapping=tex-text;!
Missing character: There is no 加 (U+52A0) in font [lmroman10-regular]:mapping=tex-text;!
Missing character: There is no 速 (U+901F) in font [lmroman10-regular]:mapping=tex-text;!
Missing character: There is no 度 (U+5EA6) in font [lmroman10-regular]:mapping=tex-text;!
Missing character: There is no 形 (U+5F62) in font [lmroman10-regular]:mapping=tex-text;!
Missing character: There is no 态 (U+6001) in font [lmroman10-regular]:mapping=tex-text;!
Missing character: There is no 有 (U+6709) in font [lmroman10-regular]:mapping=tex-text;!
Missing character: There is no 相 (U+76F8) in font [lmroman10-regular]:mapping=tex-text;!
Missing character: There is no 对 (U+5BF9) in font [lmroman10-regular]:mapping=tex-text;!
Missing character: There is no 稳 (U+7A33) in font [lmroman10-regular]:mapping=tex-text;!
Missing character: There is no 定 (U+5B9A) in font [lmroman10-regular]:mapping=tex-text;!
Missing character: There is no 的 (U+7684) in font [lmroman10-regular]:mapping=tex-text;!
Missing character: There is no 生 (U+751F) in font [lmroman10-regular]:mapping=tex-text;!
Missing character: There is no 理 (U+7406) in font [lmroman10-regular]:mapping=tex-text;!
Missing character: There is no 结 (U+7ED3) in font [lmroman10-regular]:mapping=tex-text;!
Missing character: There is no 构 (U+6784) in font [lmroman10-regular]:mapping=tex-text;!
Missing character: There is no ； (U+FF1B) in font [lmroman10-regular]:mapping=tex-text;!
Missing character: There is no 于 (U+4E8E) in font [lmroman10-regular]:mapping=tex-text;!
Missing character: There is no 是 (U+662F) in font [lmroman10-regular]:mapping=tex-text;!
Missing character: There is no 于 (U+4E8E) in font [lmroman10-regular]:mapping=tex-text;!
Missing character: There is no 是 (U+662F) in font [lmroman10-regular]:mapping=tex-text;!
Missing character: There is no 于 (U+4E8E) in font [lmroman10-regular]:mapping=tex-text;!
Missing character: There is no 是 (U+662F) in font [lmroman10-regular]:mapping=tex-text;!
Missing character: There is no 跨 (U+8DE8) in font [lmroman10-regular]:mapping=tex-text;!
Missing character: There is no 房 (U+623F) in font [lmroman10-regular]:mapping=tex-text;!
Missing character: There is no 间 (U+95F4) in font [lmroman10-regular]:mapping=tex-text;!
Missing character: There is no ， (U+FF0C) in font [lmroman10-regular]:mapping=tex-text;!
Missing character: There is no 模 (U+6A21) in font [lmroman10-regular]:mapping=tex-text;!
Missing character: There is no 板 (U+677F) in font [lmroman10-regular]:mapping=tex-text;!
Missing character: There is no 仍 (U+4ECD) in font [lmroman10-regular]:mapping=tex-text;!
Missing character: There is no 可 (U+53EF) in font [lmroman10-regular]:mapping=tex-text;!
Missing character: There is no 对 (U+5BF9) in font [lmroman10-regular]:mapping=tex-text;!
Missing character: There is no 齐 (U+9F50) in font [lmroman10-regular]:mapping=tex-text;!
Missing character: There is no 并 (U+5E76) in font [lmroman10-regular]:mapping=tex-text;!
Missing character: There is no 识 (U+8BC6) in font [lmroman10-regular]:mapping=tex-text;!
Missing character: There is no 别 (U+522B) in font [lmroman10-regular]:mapping=tex-text;!
Missing character: There is no 。 (U+3002) in font [lmroman10-regular]:mapping=tex-text;!
Missing character: There is no ： (U+FF1A) in font [lmroman10-regular]:mapping=tex-text;!
Missing character: There is no 另 (U+53E6) in font [lmroman10-regular]:mapping=tex-text;!
Missing character: There is no 一 (U+4E00) in font [lmroman10-regular]:mapping=tex-text;!
Missing character: There is no 类 (U+7C7B) in font [lmroman10-regular]:mapping=tex-text;!
Missing character: There is no 物 (U+7269) in font [lmroman10-regular]:mapping=tex-text;!
Missing character: There is no 理 (U+7406) in font [lmroman10-regular]:mapping=tex-text;!
Missing character: There is no 不 (U+4E0D) in font [lmroman10-regular]:mapping=tex-text;!
Missing character: There is no 变 (U+53D8) in font [lmroman10-regular]:mapping=tex-text;!
Missing character: There is no 量 (U+91CF) in font [lmroman10-regular]:mapping=tex-text;!
Missing character: There is no 它 (U+5B83) in font [lmroman10-regular]:mapping=tex-text;!
Missing character: There is no 不 (U+4E0D) in font [lmroman10-regular]:mapping=tex-text;!
Missing character: There is no 是 (U+662F) in font [lmroman10-regular]:mapping=tex-text;!
Missing character: There is no 动 (U+52A8) in font [lmroman10-regular]:mapping=tex-text;!
Missing character: There is no 作 (U+4F5C) in font [lmroman10-regular]:mapping=tex-text;!
Missing character: There is no 语 (U+8BED) in font [lmroman10-regular]:mapping=tex-text;!
Missing character: There is no 义 (U+4E49) in font [lmroman10-regular]:mapping=tex-text;!
Missing character: There is no ， (U+FF0C) in font [lmroman10-regular]:mapping=tex-text;!
Missing character: There is no 而 (U+800C) in font [lmroman10-regular]:mapping=tex-text;!
Missing character: There is no 是 (U+662F) in font [lmroman10-regular]:mapping=tex-text;!
Missing character: There is no 直 (U+76F4) in font [lmroman10-regular]:mapping=tex-text;!
Missing character: There is no 接 (U+63A5) in font [lmroman10-regular]:mapping=tex-text;!
Missing character: There is no 把 (U+628A) in font [lmroman10-regular]:mapping=tex-text;!
Missing character: There is no 载 (U+8F7D) in font [lmroman10-regular]:mapping=tex-text;!
Missing character: There is no 波 (U+6CE2) in font [lmroman10-regular]:mapping=tex-text;!
Missing character: There is no 相 (U+76F8) in font [lmroman10-regular]:mapping=tex-text;!
Missing character: There is no 位 (U+4F4D) in font [lmroman10-regular]:mapping=tex-text;!
Missing character: There is no 差 (U+5DEE) in font [lmroman10-regular]:mapping=tex-text;!
Missing character: There is no 分 (U+5206) in font [lmroman10-regular]:mapping=tex-text;!
Missing character: There is no 成 (U+6210) in font [lmroman10-regular]:mapping=tex-text;!
Missing character: There is no 差 (U+5DEE) in font [lmroman10-bold]:mapping=tex-text;!
Missing character: There is no 分 (U+5206) in font [lmroman10-bold]:mapping=tex-text;!
Missing character: There is no 距 (U+8DDD) in font [lmroman10-bold]:mapping=tex-text;!
Missing character: There is no 离 (U+79BB) in font [lmroman10-bold]:mapping=tex-text;!
Missing character: There is no 位 (U+4F4D) in font [lmroman10-bold]:mapping=tex-text;!
Missing character: There is no 移 (U+79FB) in font [lmroman10-bold]:mapping=tex-text;!
Missing character: There is no ： (U+FF1A) in font [lmroman10-regular]:mapping=tex-text;!
Missing character: There is no 用 (U+7528) in font [lmroman10-regular]:mapping=tex-text;!
Missing character: There is no 相 (U+76F8) in font [lmroman10-regular]:mapping=tex-text;!
Missing character: There is no 用 (U+7528) in font [lmroman10-regular]:mapping=tex-text;!
Missing character: There is no 相 (U+76F8) in font [lmroman10-regular]:mapping=tex-text;!
Missing character: There is no 用 (U+7528) in font [lmroman10-regular]:mapping=tex-text;!
Missing character: There is no 相 (U+76F8) in font [lmroman10-regular]:mapping=tex-text;!
Missing character: There is no 位 (U+4F4D) in font [lmroman10-regular]:mapping=tex-text;!
Missing character: There is no 位 (U+4F4D) in font [lmroman10-regular]:mapping=tex-text;!
Missing character: There is no 移 (U+79FB) in font [lmroman10-regular]:mapping=tex-text;!
Missing character: There is no 的 (U+7684) in font [lmroman10-regular]:mapping=tex-text;!
Missing character: There is no 物 (U+7269) in font [lmroman10-regular]:mapping=tex-text;!
Missing character: There is no 理 (U+7406) in font [lmroman10-regular]:mapping=tex-text;!
Missing character: There is no 关 (U+5173) in font [lmroman10-regular]:mapping=tex-text;!
Missing character: There is no 系 (U+7CFB) in font [lmroman10-regular]:mapping=tex-text;!
Missing character: There is no ； (U+FF1B) in font [lmroman10-regular]:mapping=tex-text;!
Missing character: There is no 场 (U+573A) in font [lmroman10-regular]:mapping=tex-text;!
Missing character: There is no 景 (U+666F) in font [lmroman10-regular]:mapping=tex-text;!
Missing character: There is no 场 (U+573A) in font [lmroman10-regular]:mapping=tex-text;!
Missing character: There is no 景 (U+666F) in font [lmroman10-regular]:mapping=tex-text;!
Missing character: There is no 场 (U+573A) in font [lmroman10-regular]:mapping=tex-text;!
Missing character: There is no 景 (U+666F) in font [lmroman10-regular]:mapping=tex-text;!
Missing character: There is no 变 (U+53D8) in font [lmroman10-regular]:mapping=tex-text;!
Missing character: There is no 化 (U+5316) in font [lmroman10-regular]:mapping=tex-text;!
Missing character: There is no 更 (U+66F4) in font [lmroman10-regular]:mapping=tex-text;!
Missing character: There is no 多 (U+591A) in font [lmroman10-regular]:mapping=tex-text;!
Missing character: There is no 体 (U+4F53) in font [lmroman10-regular]:mapping=tex-text;!
Missing character: There is no 现 (U+73B0) in font [lmroman10-regular]:mapping=tex-text;!
Missing character: There is no 在 (U+5728) in font [lmroman10-regular]:mapping=tex-text;!
Missing character: There is no 噪 (U+566A) in font [lmroman10-regular]:mapping=tex-text;!
Missing character: There is no 声 (U+58F0) in font [lmroman10-regular]:mapping=tex-text;!
Missing character: There is no 多 (U+591A) in font [lmroman10-regular]:mapping=tex-text;!
Missing character: There is no 径 (U+5F84) in font [lmroman10-regular]:mapping=tex-text;!
Missing character: There is no 扰 (U+6270) in font [lmroman10-regular]:mapping=tex-text;!
Missing character: There is no 动 (U+52A8) in font [lmroman10-regular]:mapping=tex-text;!
Missing character: There is no ， (U+FF0C) in font [lmroman10-regular]:mapping=tex-text;!
Missing character: There is no 而 (U+800C) in font [lmroman10-regular]:mapping=tex-text;!
Missing character: There is no 不 (U+4E0D) in font [lmroman10-regular]:mapping=tex-text;!
Missing character: There is no 是 (U+662F) in font [lmroman10-regular]:mapping=tex-text;!
Missing character: There is no 把 (U+628A) in font [lmroman10-regular]:mapping=tex-text;!
Missing character: There is no 规 (U+89C4) in font [lmroman10-regular]:mapping=tex-text;!
Missing character: There is no 律 (U+5F8B) in font [lmroman10-regular]:mapping=tex-text;!
Missing character: There is no 本 (U+672C) in font [lmroman10-regular]:mapping=tex-text;!
Missing character: There is no 身 (U+8EAB) in font [lmroman10-regular]:mapping=tex-text;!
Missing character: There is no 推 (U+63A8) in font [lmroman10-regular]:mapping=tex-text;!
Missing character: There is no 翻 (U+7FFB) in font [lmroman10-regular]:mapping=tex-text;!
Missing character: There is no 。 (U+3002) in font [lmroman10-regular]:mapping=tex-text;!
Missing character: There is no 个 (U+4E2A) in font [lmroman10-bold]:mapping=tex-text;!
Missing character: There is no 人 (U+4EBA) in font [lmroman10-bold]:mapping=tex-text;!
Missing character: There is no 感 (U+611F) in font [lmroman10-bold]:mapping=tex-text;!
Missing character: There is no 觉 (U+89C9) in font [lmroman10-bold]:mapping=tex-text;!
Missing character: There is no 的 (U+7684) in font [lmroman10-bold]:mapping=tex-text;!
Missing character: There is no 迁 (U+8FC1) in font [lmroman10-bold]:mapping=tex-text;!
Missing character: There is no 移 (U+79FB) in font [lmroman10-bold]:mapping=tex-text;!
Missing character: There is no ？ (U+FF1F) in font [lmroman10-bold]:mapping=tex-text;!
Missing character: There is no 任 (U+4EFB) in font [lmroman10-regular]:mapping=tex-text;!
Missing character: There is no 务 (U+52A1) in font [lmroman10-regular]:mapping=tex-text;!
Missing character: There is no 任 (U+4EFB) in font [lmroman10-regular]:mapping=tex-text;!
Missing character: There is no 务 (U+52A1) in font [lmroman10-regular]:mapping=tex-text;!
Missing character: There is no 任 (U+4EFB) in font [lmroman10-regular]:mapping=tex-text;!
Missing character: There is no 务 (U+52A1) in font [lmroman10-regular]:mapping=tex-text;!
Missing character: There is no 能 (U+80FD) in font [lmroman10-regular]:mapping=tex-text;!
Missing character: There is no 不 (U+4E0D) in font [lmroman10-regular]:mapping=tex-text;!
Missing character: There is no 能 (U+80FD) in font [lmroman10-regular]:mapping=tex-text;!
Missing character: There is no 找 (U+627E) in font [lmroman10-regular]:mapping=tex-text;!
Missing character: There is no 好 (U+597D) in font [lmroman10-regular]:mapping=tex-text;!
Missing character: There is no 一 (U+4E00) in font [lmroman10-regular]:mapping=tex-text;!
Missing character: There is no 个 (U+4E2A) in font [lmroman10-regular]:mapping=tex-text;!
Missing character: There is no 物 (U+7269) in font [lmroman10-regular]:mapping=tex-text;!
Missing character: There is no 理 (U+7406) in font [lmroman10-regular]:mapping=tex-text;!
Missing character: There is no 中 (U+4E2D) in font [lmroman10-regular]:mapping=tex-text;!
Missing character: There is no 间 (U+95F4) in font [lmroman10-regular]:mapping=tex-text;!
Missing character: There is no 量 (U+91CF) in font [lmroman10-regular]:mapping=tex-text;!
Missing character: There is no （ (U+FF08) in font [lmroman10-regular]:mapping=tex-text;!
Missing character: There is no 速 (U+901F) in font [lmroman10-regular]:mapping=tex-text;!
Missing character: There is no 度 (U+5EA6) in font [lmroman10-regular]:mapping=tex-text;!
Missing character: There is no 位 (U+4F4D) in font [lmroman10-regular]:mapping=tex-text;!
Missing character: There is no 移 (U+79FB) in font [lmroman10-regular]:mapping=tex-text;!
Missing character: There is no 呼 (U+547C) in font [lmroman10-regular]:mapping=tex-text;!
Missing character: There is no 吸 (U+5438) in font [lmroman10-regular]:mapping=tex-text;!
Missing character: There is no 频 (U+9891) in font [lmroman10-regular]:mapping=tex-text;!
Missing character: There is no 率 (U+7387) in font [lmroman10-regular]:mapping=tex-text;!
Missing character: There is no 等 (U+7B49) in font [lmroman10-regular]:mapping=tex-text;!
Missing character: There is no ） (U+FF09) in font [lmroman10-regular]:mapping=tex-text;!
Missing character: There is no ？ (U+FF1F) in font [lmroman10-regular]:mapping=tex-text;!
Missing character: There is no 能 (U+80FD) in font [lmroman10-regular]:mapping=tex-text;!
Missing character: There is no 的 (U+7684) in font [lmroman10-regular]:mapping=tex-text;!
Missing character: There is no 话 (U+8BDD) in font [lmroman10-regular]:mapping=tex-text;!
Missing character: There is no ， (U+FF0C) in font [lmroman10-regular]:mapping=tex-text;!
Missing character: There is no 把 (U+628A) in font [lmroman10-regular]:mapping=tex-text;!
Missing character: There is no 模 (U+6A21) in font [lmroman10-regular]:mapping=tex-text;!
Missing character: There is no 型 (U+578B) in font [lmroman10-regular]:mapping=tex-text;!
Missing character: There is no 算 (U+7B97) in font [lmroman10-regular]:mapping=tex-text;!
Missing character: There is no 法 (U+6CD5) in font [lmroman10-regular]:mapping=tex-text;!
Missing character: There is no 主 (U+4E3B) in font [lmroman10-regular]:mapping=tex-text;!
Missing character: There is no 要 (U+8981) in font [lmroman10-regular]:mapping=tex-text;!
Missing character: There is no 依 (U+4F9D) in font [lmroman10-regular]:mapping=tex-text;!
Missing character: There is no 赖 (U+8D56) in font [lmroman10-regular]:mapping=tex-text;!
Missing character: There is no 放 (U+653E) in font [lmroman10-regular]:mapping=tex-text;!
Missing character: There is no 在 (U+5728) in font [lmroman10-regular]:mapping=tex-text;!
Missing character: There is no 这 (U+8FD9) in font [lmroman10-regular]:mapping=tex-text;!
Missing character: There is no 个 (U+4E2A) in font [lmroman10-regular]:mapping=tex-text;!
Missing character: There is no 中 (U+4E2D) in font [lmroman10-regular]:mapping=tex-text;!
Missing character: There is no 间 (U+95F4) in font [lmroman10-regular]:mapping=tex-text;!
Missing character: There is no 量 (U+91CF) in font [lmroman10-regular]:mapping=tex-text;!
Missing character: There is no 上 (U+4E0A) in font [lmroman10-regular]:mapping=tex-text;!
Missing character: There is no ， (U+FF0C) in font [lmroman10-regular]:mapping=tex-text;!
Missing character: There is no 而 (U+800C) in font [lmroman10-regular]:mapping=tex-text;!
Missing character: There is no 不 (U+4E0D) in font [lmroman10-regular]:mapping=tex-text;!
Missing character: There is no 是 (U+662F) in font [lmroman10-regular]:mapping=tex-text;!
Missing character: There is no 原 (U+539F) in font [lmroman10-regular]:mapping=tex-text;!
Missing character: There is no 始 (U+59CB) in font [lmroman10-regular]:mapping=tex-text;!
Missing character: There is no 上 (U+4E0A) in font [lmroman10-regular]:mapping=tex-text;!
Missing character: There is no 。 (U+3002) in font [lmroman10-regular]:mapping=tex-text;!
Missing character: There is no 用 (U+7528) in font [lmroman10-bold]:mapping=tex-text;!
Missing character: There is no 对 (U+5BF9) in font [lmroman10-bold]:mapping=tex-text;!
Missing character: There is no 齐 (U+9F50) in font [lmroman10-bold]:mapping=tex-text;!
Missing character: There is no （ (U+FF08) in font [lmroman10-bold]:mapping=tex-text;!
Missing character: There is no ） (U+FF09) in font [lmroman10-bold]:mapping=tex-text;!
Missing character: There is no 做 (U+505A) in font [lmroman10-bold]:mapping=tex-text;!
Missing character: There is no 域 (U+57DF) in font [lmroman10-bold]:mapping=tex-text;!
Missing character: There is no 无 (U+65E0) in font [lmroman10-bold]:mapping=tex-text;!
Missing character: There is no 关 (U+5173) in font [lmroman10-bold]:mapping=tex-text;!
Missing character: There is no ： (U+FF1A) in font [lmroman10-bold]:mapping=tex-text;!
Missing character: There is no 时 (U+65F6) in font [lmroman10-bold]:mapping=tex-text;!
Missing character: There is no 间 (U+95F4) in font [lmroman10-bold]:mapping=tex-text;!
Missing character: There is no 对 (U+5BF9) in font [lmroman10-bold]:mapping=tex-text;!
Missing character: There is no 齐 (U+9F50) in font [lmroman10-bold]:mapping=tex-text;!
Missing character: There is no 特 (U+7279) in font [lmroman10-bold]:mapping=tex-text;!
Missing character: There is no 征 (U+5F81) in font [lmroman10-bold]:mapping=tex-text;!
Missing character: There is no 对 (U+5BF9) in font [lmroman10-bold]:mapping=tex-text;!
Missing character: There is no 齐 (U+9F50) in font [lmroman10-bold]:mapping=tex-text;!
Missing character: There is no 跨 (U+8DE8) in font [lmroman10-bold]:mapping=tex-text;!
Missing character: There is no 模 (U+6A21) in font [lmroman10-bold]:mapping=tex-text;!
Missing character: There is no 态 (U+6001) in font [lmroman10-bold]:mapping=tex-text;!
Missing character: There is no 对 (U+5BF9) in font [lmroman10-bold]:mapping=tex-text;!
Missing character: There is no 齐 (U+9F50) in font [lmroman10-bold]:mapping=tex-text;!
Missing character: There is no 核 (U+6838) in font [lmroman10-bold]:mapping=tex-text;!
Missing character: There is no 心 (U+5FC3) in font [lmroman10-bold]:mapping=tex-text;!
Missing character: There is no 思 (U+601D) in font [lmroman10-bold]:mapping=tex-text;!
Missing character: There is no 想 (U+60F3) in font [lmroman10-bold]:mapping=tex-text;!
Missing character: There is no ： (U+FF1A) in font [lmroman10-regular]:mapping=tex-text;!
Missing character: There is no 跨 (U+8DE8) in font [lmroman10-regular]:mapping=tex-text;!
Missing character: There is no 域 (U+57DF) in font [lmroman10-regular]:mapping=tex-text;!
Missing character: There is no 最 (U+6700) in font [lmroman10-regular]:mapping=tex-text;!
Missing character: There is no 大 (U+5927) in font [lmroman10-regular]:mapping=tex-text;!
Missing character: There is no 的 (U+7684) in font [lmroman10-regular]:mapping=tex-text;!
Missing character: There is no 麻 (U+9EBB) in font [lmroman10-regular]:mapping=tex-text;!
Missing character: There is no 烦 (U+70E6) in font [lmroman10-regular]:mapping=tex-text;!
Missing character: There is no 之 (U+4E4B) in font [lmroman10-regular]:mapping=tex-text;!
Missing character: There is no 一 (U+4E00) in font [lmroman10-regular]:mapping=tex-text;!
Missing character: There is no 是 (U+662F) in font [lmroman10-regular]:mapping=tex-text;!
Missing character: There is no 同 (U+540C) in font [lmroman10-regular]:mapping=tex-text;!
Missing character: There is no 一 (U+4E00) in font [lmroman10-regular]:mapping=tex-text;!
Missing character: There is no 事 (U+4E8B) in font [lmroman10-regular]:mapping=tex-text;!
Missing character: There is no 件 (U+4EF6) in font [lmroman10-regular]:mapping=tex-text;!
Missing character: There is no 在 (U+5728) in font [lmroman10-regular]:mapping=tex-text;!
Missing character: There is no 不 (U+4E0D) in font [lmroman10-regular]:mapping=tex-text;!
Missing character: There is no 同 (U+540C) in font [lmroman10-regular]:mapping=tex-text;!
Missing character: There is no 域 (U+57DF) in font [lmroman10-regular]:mapping=tex-text;!
Missing character: There is no 里 (U+91CC) in font [lmroman10-regular]:mapping=tex-text;!
Missing character: There is no 发 (U+53D1) in font [lmroman10-regular]:mapping=tex-text;!
Missing character: There is no 生 (U+751F) in font [lmroman10-regular]:mapping=tex-text;!
Missing character: There is no 的 (U+7684) in font [lmroman10-regular]:mapping=tex-text;!
Missing character: There is no 时 (U+65F6) in font [lmroman10-regular]:mapping=tex-text;!
Missing character: There is no 间 (U+95F4) in font [lmroman10-regular]:mapping=tex-text;!
Missing character: There is no 尺 (U+5C3A) in font [lmroman10-regular]:mapping=tex-text;!
Missing character: There is no 度 (U+5EA6) in font [lmroman10-regular]:mapping=tex-text;!
Missing character: There is no 、 (U+3001) in font [lmroman10-regular]:mapping=tex-text;!
Missing character: There is no 片 (U+7247) in font [lmroman10-regular]:mapping=tex-text;!
Missing character: There is no 段 (U+6BB5) in font [lmroman10-regular]:mapping=tex-text;!
Missing character: There is no 位 (U+4F4D) in font [lmroman10-regular]:mapping=tex-text;!
Missing character: There is no 置 (U+7F6E) in font [lmroman10-regular]:mapping=tex-text;!
Missing character: There is no 、 (U+3001) in font [lmroman10-regular]:mapping=tex-text;!
Missing character: There is no 信 (U+4FE1) in font [lmroman10-regular]:mapping=tex-text;!
Missing character: There is no 号 (U+53F7) in font [lmroman10-regular]:mapping=tex-text;!
Missing character: There is no 形 (U+5F62) in font [lmroman10-regular]:mapping=tex-text;!
Missing character: There is no 态 (U+6001) in font [lmroman10-regular]:mapping=tex-text;!
Missing character: There is no 都 (U+90FD) in font [lmroman10-regular]:mapping=tex-text;!
Missing character: There is no 不 (U+4E0D) in font [lmroman10-regular]:mapping=tex-text;!
Missing character: There is no 一 (U+4E00) in font [lmroman10-regular]:mapping=tex-text;!
Missing character: There is no 致 (U+81F4) in font [lmroman10-regular]:mapping=tex-text;!
Missing character: There is no 。 (U+3002) in font [lmroman10-regular]:mapping=tex-text;!
Missing character: There is no 对 (U+5BF9) in font [lmroman10-regular]:mapping=tex-text;!
Missing character: There is no 齐 (U+9F50) in font [lmroman10-regular]:mapping=tex-text;!
Missing character: There is no 就 (U+5C31) in font [lmroman10-regular]:mapping=tex-text;!
Missing character: There is no 是 (U+662F) in font [lmroman10-regular]:mapping=tex-text;!
Missing character: There is no 把 (U+628A) in font [lmroman10-regular]:mapping=tex-text;!
Missing character: There is no 可 (U+53EF) in font [lmroman10-regular]:mapping=tex-text;!
Missing character: There is no 比 (U+6BD4) in font [lmroman10-regular]:mapping=tex-text;!
Missing character: There is no 性 (U+6027) in font [lmroman10-regular]:mapping=tex-text;!
Missing character: There is no 制 (U+5236) in font [lmroman10-regular]:mapping=tex-text;!
Missing character: There is no 造 (U+9020) in font [lmroman10-regular]:mapping=tex-text;!
Missing character: There is no 出 (U+51FA) in font [lmroman10-regular]:mapping=tex-text;!
Missing character: There is no 来 (U+6765) in font [lmroman10-regular]:mapping=tex-text;!
Missing character: There is no 。 (U+3002) in font [lmroman10-regular]:mapping=tex-text;!
Missing character: There is no ： (U+FF1A) in font [lmroman10-regular]:mapping=tex-text;!
Missing character: There is no 时 (U+65F6) in font [lmroman10-regular]:mapping=tex-text;!
Missing character: There is no 间 (U+95F4) in font [lmroman10-regular]:mapping=tex-text;!
Missing character: There is no 对 (U+5BF9) in font [lmroman10-regular]:mapping=tex-text;!
Missing character: There is no 齐 (U+9F50) in font [lmroman10-regular]:mapping=tex-text;!
Missing character: There is no （ (U+FF08) in font [lmroman10-regular]:mapping=tex-text;!
Missing character: There is no ） (U+FF09) in font [lmroman10-regular]:mapping=tex-text;!
Missing character: There is no 跌 (U+8DCC) in font [lmroman10-regular]:mapping=tex-text;!
Missing character: There is no 倒 (U+5012) in font [lmroman10-regular]:mapping=tex-text;!
Missing character: There is no 发 (U+53D1) in font [lmroman10-regular]:mapping=tex-text;!
Missing character: There is no 生 (U+751F) in font [lmroman10-regular]:mapping=tex-text;!
Missing character: There is no 快 (U+5FEB) in font [lmroman10-regular]:mapping=tex-text;!
Missing character: There is no 慢 (U+6162) in font [lmroman10-regular]:mapping=tex-text;!
Missing character: There is no 不 (U+4E0D) in font [lmroman10-regular]:mapping=tex-text;!
Missing character: There is no 同 (U+540C) in font [lmroman10-regular]:mapping=tex-text;!
Missing character: There is no 、 (U+3001) in font [lmroman10-regular]:mapping=tex-text;!
Missing character: There is no 起 (U+8D77) in font [lmroman10-regular]:mapping=tex-text;!
Missing character: There is no 止 (U+6B62) in font [lmroman10-regular]:mapping=tex-text;!
Missing character: There is no 偏 (U+504F) in font [lmroman10-regular]:mapping=tex-text;!
Missing character: There is no 移 (U+79FB) in font [lmroman10-regular]:mapping=tex-text;!
Missing character: There is no 不 (U+4E0D) in font [lmroman10-regular]:mapping=tex-text;!
Missing character: There is no 同 (U+540C) in font [lmroman10-regular]:mapping=tex-text;!
Missing character: There is no ， (U+FF0C) in font [lmroman10-regular]:mapping=tex-text;!
Missing character: There is no 把 (U+628A) in font [lmroman10-regular]:mapping=tex-text;!
Missing character: There is no 时 (U+65F6) in font [lmroman10-regular]:mapping=tex-text;!
Missing character: There is no 序 (U+5E8F) in font [lmroman10-regular]:mapping=tex-text;!
Missing character: There is no 弹 (U+5F39) in font [lmroman10-regular]:mapping=tex-text;!
Missing character: There is no 性 (U+6027) in font [lmroman10-regular]:mapping=tex-text;!
Missing character: There is no 对 (U+5BF9) in font [lmroman10-regular]:mapping=tex-text;!
Missing character: There is no 齐 (U+9F50) in font [lmroman10-regular]:mapping=tex-text;!
Missing character: There is no ， (U+FF0C) in font [lmroman10-regular]:mapping=tex-text;!
Missing character: There is no 减 (U+51CF) in font [lmroman10-regular]:mapping=tex-text;!
Missing character: There is no 少 (U+5C11) in font [lmroman10-regular]:mapping=tex-text;!
Missing character: There is no 域 (U+57DF) in font [lmroman10-regular]:mapping=tex-text;!
Missing character: There is no 差 (U+5DEE) in font [lmroman10-regular]:mapping=tex-text;!
Missing character: There is no 异 (U+5F02) in font [lmroman10-regular]:mapping=tex-text;!
Missing character: There is no 个 (U+4E2A) in font [lmroman10-regular]:mapping=tex-text;!
Missing character: There is no 体 (U+4F53) in font [lmroman10-regular]:mapping=tex-text;!
Missing character: There is no 差 (U+5DEE) in font [lmroman10-regular]:mapping=tex-text;!
Missing character: There is no 异 (U+5F02) in font [lmroman10-regular]:mapping=tex-text;!
Missing character: There is no 执 (U+6267) in font [lmroman10-regular]:mapping=tex-text;!
Missing character: There is no 行 (U+884C) in font [lmroman10-regular]:mapping=tex-text;!
Missing character: There is no 速 (U+901F) in font [lmroman10-regular]:mapping=tex-text;!
Missing character: There is no 度 (U+5EA6) in font [lmroman10-regular]:mapping=tex-text;!
Missing character: There is no 差 (U+5DEE) in font [lmroman10-regular]:mapping=tex-text;!
Missing character: There is no 异 (U+5F02) in font [lmroman10-regular]:mapping=tex-text;!
Missing character: There is no 叠 (U+53E0) in font [lmroman10-regular]:mapping=tex-text;!
Missing character: There is no 加 (U+52A0) in font [lmroman10-regular]:mapping=tex-text;!
Missing character: There is no 带 (U+5E26) in font [lmroman10-regular]:mapping=tex-text;!
Missing character: There is no 来 (U+6765) in font [lmroman10-regular]:mapping=tex-text;!
Missing character: There is no 的 (U+7684) in font [lmroman10-regular]:mapping=tex-text;!
Missing character: There is no 误 (U+8BEF) in font [lmroman10-regular]:mapping=tex-text;!
Missing character: There is no 判 (U+5224) in font [lmroman10-regular]:mapping=tex-text;!
Missing character: There is no 。 (U+3002) in font [lmroman10-regular]:mapping=tex-text;!
Missing character: There is no ： (U+FF1A) in font [lmroman10-regular]:mapping=tex-text;!
Missing character: There is no 跨 (U+8DE8) in font [lmroman10-regular]:mapping=tex-text;!
Missing character: There is no 模 (U+6A21) in font [lmroman10-regular]:mapping=tex-text;!
Missing character: There is no 态 (U+6001) in font [lmroman10-regular]:mapping=tex-text;!
Missing character: There is no 对 (U+5BF9) in font [lmroman10-regular]:mapping=tex-text;!
Missing character: There is no 齐 (U+9F50) in font [lmroman10-regular]:mapping=tex-text;!
Missing character: There is no （ (U+FF08) in font [lmroman10-regular]:mapping=tex-text;!
Missing character: There is no 视 (U+89C6) in font [lmroman10-regular]:mapping=tex-text;!
Missing character: There is no 觉 (U+89C9) in font [lmroman10-regular]:mapping=tex-text;!
Missing character: There is no 教 (U+6559) in font [lmroman10-regular]:mapping=tex-text;!
Missing character: There is no 师 (U+5E08) in font [lmroman10-regular]:mapping=tex-text;!
Missing character: There is no 学 (U+5B66) in font [lmroman10-regular]:mapping=tex-text;!
Missing character: There is no 生 (U+751F) in font [lmroman10-regular]:mapping=tex-text;!
Missing character: There is no ） (U+FF09) in font [lmroman10-regular]:mapping=tex-text;!
Missing character: There is no 它 (U+5B83) in font [lmroman10-regular]:mapping=tex-text;!
Missing character: There is no 的 (U+7684) in font [lmroman10-regular]:mapping=tex-text;!
Missing character: There is no 域 (U+57DF) in font [lmroman10-regular]:mapping=tex-text;!
Missing character: There is no 无 (U+65E0) in font [lmroman10-regular]:mapping=tex-text;!
Missing character: There is no 关 (U+5173) in font [lmroman10-regular]:mapping=tex-text;!
Missing character: There is no 更 (U+66F4) in font [lmroman10-regular]:mapping=tex-text;!
Missing character: There is no 像 (U+50CF) in font [lmroman10-regular]:mapping=tex-text;!
Missing character: There is no 让 (U+8BA9) in font [lmroman10-regular]:mapping=tex-text;!
Missing character: There is no 表 (U+8868) in font [lmroman10-regular]:mapping=tex-text;!
Missing character: There is no 征 (U+5F81) in font [lmroman10-regular]:mapping=tex-text;!
Missing character: There is no 对 (U+5BF9) in font [lmroman10-regular]:mapping=tex-text;!
Missing character: There is no 齐 (U+9F50) in font [lmroman10-regular]:mapping=tex-text;!
Missing character: There is no 到 (U+5230) in font [lmroman10-regular]:mapping=tex-text;!
Missing character: There is no 更 (U+66F4) in font [lmroman10-regular]:mapping=tex-text;!
Missing character: There is no 稳 (U+7A33) in font [lmroman10-regular]:mapping=tex-text;!
Missing character: There is no 定 (U+5B9A) in font [lmroman10-regular]:mapping=tex-text;!
Missing character: There is no 的 (U+7684) in font [lmroman10-regular]:mapping=tex-text;!
Missing character: There is no 教 (U+6559) in font [lmroman10-regular]:mapping=tex-text;!
Missing character: There is no 师 (U+5E08) in font [lmroman10-regular]:mapping=tex-text;!
Missing character: There is no 表 (U+8868) in font [lmroman10-regular]:mapping=tex-text;!
Missing character: There is no 征 (U+5F81) in font [lmroman10-regular]:mapping=tex-text;!
Missing character: There is no 。 (U+3002) in font [lmroman10-regular]:mapping=tex-text;!
Missing character: There is no 直 (U+76F4) in font [lmroman10-regular]:mapping=tex-text;!
Missing character: There is no 觉 (U+89C9) in font [lmroman10-regular]:mapping=tex-text;!
Missing character: There is no 是 (U+662F) in font [lmroman10-regular]:mapping=tex-text;!
Missing character: There is no ： (U+FF1A) in font [lmroman10-regular]:mapping=tex-text;!
Missing character: There is no 视 (U+89C6) in font [lmroman10-regular]:mapping=tex-text;!
Missing character: There is no 觉 (U+89C9) in font [lmroman10-regular]:mapping=tex-text;!
Missing character: There is no 视 (U+89C6) in font [lmroman10-regular]:mapping=tex-text;!
Missing character: There is no 觉 (U+89C9) in font [lmroman10-regular]:mapping=tex-text;!
Missing character: There is no 视 (U+89C6) in font [lmroman10-regular]:mapping=tex-text;!
Missing character: There is no 觉 (U+89C9) in font [lmroman10-regular]:mapping=tex-text;!
Missing character: There is no 里 (U+91CC) in font [lmroman10-regular]:mapping=tex-text;!
Missing character: There is no 对 (U+5BF9) in font [lmroman10-regular]:mapping=tex-text;!
Missing character: There is no 跌 (U+8DCC) in font [lmroman10-regular]:mapping=tex-text;!
Missing character: There is no 倒 (U+5012) in font [lmroman10-regular]:mapping=tex-text;!
Missing character: There is no 的 (U+7684) in font [lmroman10-regular]:mapping=tex-text;!
Missing character: There is no 表 (U+8868) in font [lmroman10-regular]:mapping=tex-text;!
Missing character: There is no 征 (U+5F81) in font [lmroman10-regular]:mapping=tex-text;!
Missing character: There is no 更 (U+66F4) in font [lmroman10-regular]:mapping=tex-text;!
Missing character: There is no 直 (U+76F4) in font [lmroman10-regular]:mapping=tex-text;!
Missing character: There is no 接 (U+63A5) in font [lmroman10-regular]:mapping=tex-text;!
Missing character: There is no 、 (U+3001) in font [lmroman10-regular]:mapping=tex-text;!
Missing character: There is no 更 (U+66F4) in font [lmroman10-regular]:mapping=tex-text;!
Missing character: There is no 少 (U+5C11) in font [lmroman10-regular]:mapping=tex-text;!
Missing character: There is no 受 (U+53D7) in font [lmroman10-regular]:mapping=tex-text;!
Missing character: There is no 房 (U+623F) in font [lmroman10-regular]:mapping=tex-text;!
Missing character: There is no 间 (U+95F4) in font [lmroman10-regular]:mapping=tex-text;!
Missing character: There is no 多 (U+591A) in font [lmroman10-regular]:mapping=tex-text;!
Missing character: There is no 径 (U+5F84) in font [lmroman10-regular]:mapping=tex-text;!
Missing character: There is no 影 (U+5F71) in font [lmroman10-regular]:mapping=tex-text;!
Missing character: There is no 响 (U+54CD) in font [lmroman10-regular]:mapping=tex-text;!
Missing character: There is no ； (U+FF1B) in font [lmroman10-regular]:mapping=tex-text;!
Missing character: There is no 用 (U+7528) in font [lmroman10-regular]:mapping=tex-text;!
Missing character: There is no 它 (U+5B83) in font [lmroman10-regular]:mapping=tex-text;!
Missing character: There is no 用 (U+7528) in font [lmroman10-regular]:mapping=tex-text;!
Missing character: There is no 它 (U+5B83) in font [lmroman10-regular]:mapping=tex-text;!
Missing character: There is no 用 (U+7528) in font [lmroman10-regular]:mapping=tex-text;!
Missing character: There is no 它 (U+5B83) in font [lmroman10-regular]:mapping=tex-text;!
Missing character: There is no 做 (U+505A) in font [lmroman10-regular]:mapping=tex-text;!
Missing character: There is no 监 (U+76D1) in font [lmroman10-regular]:mapping=tex-text;!
Missing character: There is no 督 (U+7763) in font [lmroman10-regular]:mapping=tex-text;!
Missing character: There is no ， (U+FF0C) in font [lmroman10-regular]:mapping=tex-text;!
Missing character: There is no 网 (U+7F51) in font [lmroman10-regular]:mapping=tex-text;!
Missing character: There is no 络 (U+7EDC) in font [lmroman10-regular]:mapping=tex-text;!
Missing character: There is no 学 (U+5B66) in font [lmroman10-regular]:mapping=tex-text;!
Missing character: There is no 到 (U+5230) in font [lmroman10-regular]:mapping=tex-text;!
Missing character: There is no 更 (U+66F4) in font [lmroman10-regular]:mapping=tex-text;!
Missing character: There is no 接 (U+63A5) in font [lmroman10-regular]:mapping=tex-text;!
Missing character: There is no 近 (U+8FD1) in font [lmroman10-regular]:mapping=tex-text;!
Missing character: There is no 语 (U+8BED) in font [lmroman10-regular]:mapping=tex-text;!
Missing character: There is no 义 (U+4E49) in font [lmroman10-regular]:mapping=tex-text;!
Missing character: There is no 的 (U+7684) in font [lmroman10-regular]:mapping=tex-text;!
Missing character: There is no 表 (U+8868) in font [lmroman10-regular]:mapping=tex-text;!
Missing character: There is no 示 (U+793A) in font [lmroman10-regular]:mapping=tex-text;!
Missing character: There is no ， (U+FF0C) in font [lmroman10-regular]:mapping=tex-text;!
Missing character: There is no 而 (U+800C) in font [lmroman10-regular]:mapping=tex-text;!
Missing character: There is no 不 (U+4E0D) in font [lmroman10-regular]:mapping=tex-text;!
Missing character: There is no 是 (U+662F) in font [lmroman10-regular]:mapping=tex-text;!
Missing character: There is no 记 (U+8BB0) in font [lmroman10-regular]:mapping=tex-text;!
Missing character: There is no 住 (U+4F4F) in font [lmroman10-regular]:mapping=tex-text;!
Missing character: There is no 某 (U+67D0) in font [lmroman10-regular]:mapping=tex-text;!
Missing character: There is no 个 (U+4E2A) in font [lmroman10-regular]:mapping=tex-text;!
Missing character: There is no 房 (U+623F) in font [lmroman10-regular]:mapping=tex-text;!
Missing character: There is no 间 (U+95F4) in font [lmroman10-regular]:mapping=tex-text;!
Missing character: There is no 的 (U+7684) in font [lmroman10-regular]:mapping=tex-text;!
Missing character: There is no 多 (U+591A) in font [lmroman10-regular]:mapping=tex-text;!
Missing character: There is no 径 (U+5F84) in font [lmroman10-regular]:mapping=tex-text;!
Missing character: There is no 指 (U+6307) in font [lmroman10-regular]:mapping=tex-text;!
Missing character: There is no 纹 (U+7EB9) in font [lmroman10-regular]:mapping=tex-text;!
Missing character: There is no 。 (U+3002) in font [lmroman10-regular]:mapping=tex-text;!
Missing character: There is no 对 (U+5BF9) in font [lmroman10-regular]:mapping=tex-text;!
Missing character: There is no 齐 (U+9F50) in font [lmroman10-regular]:mapping=tex-text;!
Missing character: There is no 对 (U+5BF9) in font [lmroman10-regular]:mapping=tex-text;!
Missing character: There is no 齐 (U+9F50) in font [lmroman10-regular]:mapping=tex-text;!
Missing character: There is no 对 (U+5BF9) in font [lmroman10-regular]:mapping=tex-text;!
Missing character: There is no 齐 (U+9F50) in font [lmroman10-regular]:mapping=tex-text;!
Missing character: There is no 不 (U+4E0D) in font [lmroman10-regular]:mapping=tex-text;!
Missing character: There is no 是 (U+662F) in font [lmroman10-regular]:mapping=tex-text;!
Missing character: There is no 只 (U+53EA) in font [lmroman10-regular]:mapping=tex-text;!
Missing character: There is no 能 (U+80FD) in font [lmroman10-regular]:mapping=tex-text;!
Missing character: There is no 用 (U+7528) in font [lmroman10-regular]:mapping=tex-text;!
Missing character: There is no 视 (U+89C6) in font [lmroman10-regular]:mapping=tex-text;!
Missing character: There is no 觉 (U+89C9) in font [lmroman10-regular]:mapping=tex-text;!
Missing character: There is no 。 (U+3002) in font [lmroman10-regular]:mapping=tex-text;!
Missing character: There is no 用 (U+7528) in font [lmroman10-regular]:mapping=tex-text;!
Missing character: There is no ： (U+FF1A) in font [lmroman10-regular]:mapping=tex-text;!
Missing character: There is no 、 (U+3001) in font [lmroman10-regular]:mapping=tex-text;!
Missing character: There is no 毫 (U+6BEB) in font [lmroman10-regular]:mapping=tex-text;!
Missing character: There is no 米 (U+7C73) in font [lmroman10-regular]:mapping=tex-text;!
Missing character: There is no 波 (U+6CE2) in font [lmroman10-regular]:mapping=tex-text;!
Missing character: There is no 雷 (U+96F7) in font [lmroman10-regular]:mapping=tex-text;!
Missing character: There is no 达 (U+8FBE) in font [lmroman10-regular]:mapping=tex-text;!
Missing character: There is no 、 (U+3001) in font [lmroman10-regular]:mapping=tex-text;!
Missing character: There is no 当 (U+5F53) in font [lmroman10-regular]:mapping=tex-text;!
Missing character: There is no 教 (U+6559) in font [lmroman10-regular]:mapping=tex-text;!
Missing character: There is no 师 (U+5E08) in font [lmroman10-regular]:mapping=tex-text;!
Missing character: There is no 信 (U+4FE1) in font [lmroman10-regular]:mapping=tex-text;!
Missing character: There is no 号 (U+53F7) in font [lmroman10-regular]:mapping=tex-text;!
Missing character: There is no 关 (U+5173) in font [lmroman10-regular]:mapping=tex-text;!
Missing character: There is no 键 (U+952E) in font [lmroman10-regular]:mapping=tex-text;!
Missing character: There is no 是 (U+662F) in font [lmroman10-regular]:mapping=tex-text;!
Missing character: There is no ： (U+FF1A) in font [lmroman10-regular]:mapping=tex-text;!
Missing character: There is no 找 (U+627E) in font [lmroman10-regular]:mapping=tex-text;!
Missing character: There is no 一 (U+4E00) in font [lmroman10-regular]:mapping=tex-text;!
Missing character: There is no 个 (U+4E2A) in font [lmroman10-regular]:mapping=tex-text;!
Missing character: There is no 跨 (U+8DE8) in font [lmroman10-regular]:mapping=tex-text;!
Missing character: There is no 域 (U+57DF) in font [lmroman10-regular]:mapping=tex-text;!
Missing character: There is no 更 (U+66F4) in font [lmroman10-regular]:mapping=tex-text;!
Missing character: There is no 稳 (U+7A33) in font [lmroman10-regular]:mapping=tex-text;!
Missing character: There is no 定 (U+5B9A) in font [lmroman10-regular]:mapping=tex-text;!
Missing character: There is no 、 (U+3001) in font [lmroman10-regular]:mapping=tex-text;!
Missing character: There is no 标 (U+6807) in font [lmroman10-regular]:mapping=tex-text;!
Missing character: There is no 注 (U+6CE8) in font [lmroman10-regular]:mapping=tex-text;!
Missing character: There is no 更 (U+66F4) in font [lmroman10-regular]:mapping=tex-text;!
Missing character: There is no 容 (U+5BB9) in font [lmroman10-regular]:mapping=tex-text;!
Missing character: There is no 易 (U+6613) in font [lmroman10-regular]:mapping=tex-text;!
Missing character: There is no 的 (U+7684) in font [lmroman10-regular]:mapping=tex-text;!
Missing character: There is no 监 (U+76D1) in font [lmroman10-regular]:mapping=tex-text;!
Missing character: There is no 督 (U+7763) in font [lmroman10-regular]:mapping=tex-text;!
Missing character: There is no 源 (U+6E90) in font [lmroman10-regular]:mapping=tex-text;!
Missing character: There is no 。 (U+3002) in font [lmroman10-regular]:mapping=tex-text;!
Missing character: There is no 用 (U+7528) in font [lmroman10-bold]:mapping=tex-text;!
Missing character: There is no 约 (U+7EA6) in font [lmroman10-bold]:mapping=tex-text;!
Missing character: There is no 束 (U+675F) in font [lmroman10-bold]:mapping=tex-text;!
Missing character: There is no （ (U+FF08) in font [lmroman10-bold]:mapping=tex-text;!
Missing character: There is no ） (U+FF09) in font [lmroman10-bold]:mapping=tex-text;!
Missing character: There is no 做 (U+505A) in font [lmroman10-bold]:mapping=tex-text;!
Missing character: There is no 域 (U+57DF) in font [lmroman10-bold]:mapping=tex-text;!
Missing character: There is no 无 (U+65E0) in font [lmroman10-bold]:mapping=tex-text;!
Missing character: There is no 关 (U+5173) in font [lmroman10-bold]:mapping=tex-text;!
Missing character: There is no ： (U+FF1A) in font [lmroman10-bold]:mapping=tex-text;!
Missing character: There is no 地 (U+5730) in font [lmroman10-bold]:mapping=tex-text;!
Missing character: There is no 图 (U+56FE) in font [lmroman10-bold]:mapping=tex-text;!
Missing character: There is no 可 (U+53EF) in font [lmroman10-bold]:mapping=tex-text;!
Missing character: There is no 行 (U+884C) in font [lmroman10-bold]:mapping=tex-text;!
Missing character: There is no 域 (U+57DF) in font [lmroman10-bold]:mapping=tex-text;!
Missing character: There is no 图 (U+56FE) in font [lmroman10-bold]:mapping=tex-text;!
Missing character: There is no 结 (U+7ED3) in font [lmroman10-bold]:mapping=tex-text;!
Missing character: There is no 构 (U+6784) in font [lmroman10-bold]:mapping=tex-text;!
Missing character: There is no 一 (U+4E00) in font [lmroman10-bold]:mapping=tex-text;!
Missing character: There is no 致 (U+81F4) in font [lmroman10-bold]:mapping=tex-text;!
Missing character: There is no 性 (U+6027) in font [lmroman10-bold]:mapping=tex-text;!
Missing character: There is no 核 (U+6838) in font [lmroman10-bold]:mapping=tex-text;!
Missing character: There is no 心 (U+5FC3) in font [lmroman10-bold]:mapping=tex-text;!
Missing character: There is no 思 (U+601D) in font [lmroman10-bold]:mapping=tex-text;!
Missing character: There is no 想 (U+60F3) in font [lmroman10-bold]:mapping=tex-text;!
Missing character: There is no ： (U+FF1A) in font [lmroman10-regular]:mapping=tex-text;!
Missing character: There is no 域 (U+57DF) in font [lmroman10-regular]:mapping=tex-text;!
Missing character: There is no 变 (U+53D8) in font [lmroman10-regular]:mapping=tex-text;!
Missing character: There is no 了 (U+4E86) in font [lmroman10-regular]:mapping=tex-text;!
Missing character: There is no 没 (U+6CA1) in font [lmroman10-regular]:mapping=tex-text;!
Missing character: There is no 关 (U+5173) in font [lmroman10-regular]:mapping=tex-text;!
Missing character: There is no 系 (U+7CFB) in font [lmroman10-regular]:mapping=tex-text;!
Missing character: There is no ， (U+FF0C) in font [lmroman10-regular]:mapping=tex-text;!
Missing character: There is no 引 (U+5F15) in font [lmroman10-regular]:mapping=tex-text;!
Missing character: There is no 入 (U+5165) in font [lmroman10-regular]:mapping=tex-text;!
Missing character: There is no 不 (U+4E0D) in font [lmroman10-regular]:mapping=tex-text;!
Missing character: There is no 随 (U+968F) in font [lmroman10-regular]:mapping=tex-text;!
Missing character: There is no 域 (U+57DF) in font [lmroman10-regular]:mapping=tex-text;!
Missing character: There is no 变 (U+53D8) in font [lmroman10-regular]:mapping=tex-text;!
Missing character: There is no 化 (U+5316) in font [lmroman10-regular]:mapping=tex-text;!
Missing character: There is no 的 (U+7684) in font [lmroman10-regular]:mapping=tex-text;!
Missing character: There is no 硬 (U+786C) in font [lmroman10-regular]:mapping=tex-text;!
Missing character: There is no 约 (U+7EA6) in font [lmroman10-regular]:mapping=tex-text;!
Missing character: There is no 束 (U+675F) in font [lmroman10-regular]:mapping=tex-text;!
Missing character: There is no （ (U+FF08) in font [lmroman10-regular]:mapping=tex-text;!
Missing character: There is no 人 (U+4EBA) in font [lmroman10-regular]:mapping=tex-text;!
Missing character: There is no 不 (U+4E0D) in font [lmroman10-regular]:mapping=tex-text;!
Missing character: There is no 能 (U+80FD) in font [lmroman10-regular]:mapping=tex-text;!
Missing character: There is no 穿 (U+7A7F) in font [lmroman10-regular]:mapping=tex-text;!
Missing character: There is no 墙 (U+5899) in font [lmroman10-regular]:mapping=tex-text;!
Missing character: There is no 、 (U+3001) in font [lmroman10-regular]:mapping=tex-text;!
Missing character: There is no 轨 (U+8F68) in font [lmroman10-regular]:mapping=tex-text;!
Missing character: There is no 迹 (U+8FF9) in font [lmroman10-regular]:mapping=tex-text;!
Missing character: There is no 连 (U+8FDE) in font [lmroman10-regular]:mapping=tex-text;!
Missing character: There is no 续 (U+7EED) in font [lmroman10-regular]:mapping=tex-text;!
Missing character: There is no 、 (U+3001) in font [lmroman10-regular]:mapping=tex-text;!
Missing character: There is no 相 (U+76F8) in font [lmroman10-regular]:mapping=tex-text;!
Missing character: There is no 邻 (U+90BB) in font [lmroman10-regular]:mapping=tex-text;!
Missing character: There is no 点 (U+70B9) in font [lmroman10-regular]:mapping=tex-text;!
Missing character: There is no 距 (U+8DDD) in font [lmroman10-regular]:mapping=tex-text;!
Missing character: There is no 离 (U+79BB) in font [lmroman10-regular]:mapping=tex-text;!
Missing character: There is no 统 (U+7EDF) in font [lmroman10-regular]:mapping=tex-text;!
Missing character: There is no 计 (U+8BA1) in font [lmroman10-regular]:mapping=tex-text;!
Missing character: There is no 稳 (U+7A33) in font [lmroman10-regular]:mapping=tex-text;!
Missing character: There is no 定 (U+5B9A) in font [lmroman10-regular]:mapping=tex-text;!
Missing character: There is no ） (U+FF09) in font [lmroman10-regular]:mapping=tex-text;!
Missing character: There is no ， (U+FF0C) in font [lmroman10-regular]:mapping=tex-text;!
Missing character: There is no 能 (U+80FD) in font [lmroman10-regular]:mapping=tex-text;!
Missing character: There is no 把 (U+628A) in font [lmroman10-regular]:mapping=tex-text;!
Missing character: There is no 域 (U+57DF) in font [lmroman10-regular]:mapping=tex-text;!
Missing character: There is no 差 (U+5DEE) in font [lmroman10-regular]:mapping=tex-text;!
Missing character: There is no 异 (U+5F02) in font [lmroman10-regular]:mapping=tex-text;!
Missing character: There is no 压 (U+538B) in font [lmroman10-regular]:mapping=tex-text;!
Missing character: There is no 到 (U+5230) in font [lmroman10-regular]:mapping=tex-text;!
Missing character: There is no 约 (U+7EA6) in font [lmroman10-regular]:mapping=tex-text;!
Missing character: There is no 束 (U+675F) in font [lmroman10-regular]:mapping=tex-text;!
Missing character: There is no 允 (U+5141) in font [lmroman10-regular]:mapping=tex-text;!
Missing character: There is no 许 (U+8BB8) in font [lmroman10-regular]:mapping=tex-text;!
Missing character: There is no 的 (U+7684) in font [lmroman10-regular]:mapping=tex-text;!
Missing character: There is no 范 (U+8303) in font [lmroman10-regular]:mapping=tex-text;!
Missing character: There is no 围 (U+56F4) in font [lmroman10-regular]:mapping=tex-text;!
Missing character: There is no 内 (U+5185) in font [lmroman10-regular]:mapping=tex-text;!
Missing character: There is no 。 (U+3002) in font [lmroman10-regular]:mapping=tex-text;!
Missing character: There is no ： (U+FF1A) in font [lmroman10-regular]:mapping=tex-text;!
Missing character: There is no 地 (U+5730) in font [lmroman10-regular]:mapping=tex-text;!
Missing character: There is no 图 (U+56FE) in font [lmroman10-regular]:mapping=tex-text;!
Missing character: There is no 约 (U+7EA6) in font [lmroman10-regular]:mapping=tex-text;!
Missing character: There is no 束 (U+675F) in font [lmroman10-regular]:mapping=tex-text;!
Missing character: There is no 粒 (U+7C92) in font [lmroman10-regular]:mapping=tex-text;!
Missing character: There is no 子 (U+5B50) in font [lmroman10-regular]:mapping=tex-text;!
Missing character: There is no 滤 (U+6EE4) in font [lmroman10-regular]:mapping=tex-text;!
Missing character: There is no 波 (U+6CE2) in font [lmroman10-regular]:mapping=tex-text;!
Missing character: There is no 域 (U+57DF) in font [lmroman10-regular]:mapping=tex-text;!
Missing character: There is no 无 (U+65E0) in font [lmroman10-regular]:mapping=tex-text;!
Missing character: There is no 关 (U+5173) in font [lmroman10-regular]:mapping=tex-text;!
Missing character: There is no 体 (U+4F53) in font [lmroman10-regular]:mapping=tex-text;!
Missing character: There is no 现 (U+73B0) in font [lmroman10-regular]:mapping=tex-text;!
Missing character: There is no 在 (U+5728) in font [lmroman10-regular]:mapping=tex-text;!
Missing character: There is no 它 (U+5B83) in font [lmroman10-regular]:mapping=tex-text;!
Missing character: There is no 不 (U+4E0D) in font [lmroman10-regular]:mapping=tex-text;!
Missing character: There is no 依 (U+4F9D) in font [lmroman10-regular]:mapping=tex-text;!
Missing character: There is no 赖 (U+8D56) in font [lmroman10-regular]:mapping=tex-text;!
Missing character: There is no 房 (U+623F) in font [lmroman10-regular]:mapping=tex-text;!
Missing character: There is no 间 (U+95F4) in font [lmroman10-regular]:mapping=tex-text;!
Missing character: There is no 里 (U+91CC) in font [lmroman10-regular]:mapping=tex-text;!
Missing character: There is no 某 (U+67D0) in font [lmroman10-regular]:mapping=tex-text;!
Missing character: There is no 个 (U+4E2A) in font [lmroman10-regular]:mapping=tex-text;!
Missing character: There is no 固 (U+56FA) in font [lmroman10-regular]:mapping=tex-text;!
Missing character: There is no 定 (U+5B9A) in font [lmroman10-regular]:mapping=tex-text;!
Missing character: There is no 指 (U+6307) in font [lmroman10-regular]:mapping=tex-text;!
Missing character: There is no 纹 (U+7EB9) in font [lmroman10-regular]:mapping=tex-text;!
Missing character: There is no ， (U+FF0C) in font [lmroman10-regular]:mapping=tex-text;!
Missing character: There is no 而 (U+800C) in font [lmroman10-regular]:mapping=tex-text;!
Missing character: There is no 是 (U+662F) in font [lmroman10-regular]:mapping=tex-text;!
Missing character: There is no ： (U+FF1A) in font [lmroman10-regular]:mapping=tex-text;!
Missing character: There is no 无 (U+65E0) in font [lmroman10-regular]:mapping=tex-text;!
Missing character: There is no 线 (U+7EBF) in font [lmroman10-regular]:mapping=tex-text;!
Missing character: There is no 无 (U+65E0) in font [lmroman10-regular]:mapping=tex-text;!
Missing character: There is no 线 (U+7EBF) in font [lmroman10-regular]:mapping=tex-text;!
Missing character: There is no 无 (U+65E0) in font [lmroman10-regular]:mapping=tex-text;!
Missing character: There is no 线 (U+7EBF) in font [lmroman10-regular]:mapping=tex-text;!
Missing character: There is no 测 (U+6D4B) in font [lmroman10-regular]:mapping=tex-text;!
Missing character: There is no 量 (U+91CF) in font [lmroman10-regular]:mapping=tex-text;!
Missing character: There is no 提 (U+63D0) in font [lmroman10-regular]:mapping=tex-text;!
Missing character: There is no 供 (U+4F9B) in font [lmroman10-regular]:mapping=tex-text;!
Missing character: There is no 增 (U+589E) in font [lmroman10-regular]:mapping=tex-text;!
Missing character: There is no 量 (U+91CF) in font [lmroman10-regular]:mapping=tex-text;!
Missing character: There is no （ (U+FF08) in font [lmroman10-regular]:mapping=tex-text;!
Missing character: There is no 速 (U+901F) in font [lmroman10-regular]:mapping=tex-text;!
Missing character: There is no 度 (U+5EA6) in font [lmroman10-regular]:mapping=tex-text;!
Missing character: There is no 位 (U+4F4D) in font [lmroman10-regular]:mapping=tex-text;!
Missing character: There is no 移 (U+79FB) in font [lmroman10-regular]:mapping=tex-text;!
Missing character: There is no 估 (U+4F30) in font [lmroman10-regular]:mapping=tex-text;!
Missing character: There is no 计 (U+8BA1) in font [lmroman10-regular]:mapping=tex-text;!
Missing character: There is no ） (U+FF09) in font [lmroman10-regular]:mapping=tex-text;!
Missing character: There is no ， (U+FF0C) in font [lmroman10-regular]:mapping=tex-text;!
Missing character: There is no 会 (U+4F1A) in font [lmroman10-regular]:mapping=tex-text;!
Missing character: There is no 漂 (U+6F02) in font [lmroman10-regular]:mapping=tex-text;!
Missing character: There is no 移 (U+79FB) in font [lmroman10-regular]:mapping=tex-text;!
Missing character: There is no ； (U+FF1B) in font [lmroman10-regular]:mapping=tex-text;!
Missing character: There is no 地 (U+5730) in font [lmroman10-regular]:mapping=tex-text;!
Missing character: There is no 图 (U+56FE) in font [lmroman10-regular]:mapping=tex-text;!
Missing character: There is no 地 (U+5730) in font [lmroman10-regular]:mapping=tex-text;!
Missing character: There is no 图 (U+56FE) in font [lmroman10-regular]:mapping=tex-text;!
Missing character: There is no 地 (U+5730) in font [lmroman10-regular]:mapping=tex-text;!
Missing character: There is no 图 (U+56FE) in font [lmroman10-regular]:mapping=tex-text;!
Missing character: There is no 提 (U+63D0) in font [lmroman10-regular]:mapping=tex-text;!
Missing character: There is no 供 (U+4F9B) in font [lmroman10-regular]:mapping=tex-text;!
Missing character: There is no 跨 (U+8DE8) in font [lmroman10-regular]:mapping=tex-text;!
Missing character: There is no 域 (U+57DF) in font [lmroman10-regular]:mapping=tex-text;!
Missing character: There is no 都 (U+90FD) in font [lmroman10-regular]:mapping=tex-text;!
Missing character: There is no 成 (U+6210) in font [lmroman10-regular]:mapping=tex-text;!
Missing character: There is no 立 (U+7ACB) in font [lmroman10-regular]:mapping=tex-text;!
Missing character: There is no 的 (U+7684) in font [lmroman10-regular]:mapping=tex-text;!
Missing character: There is no 可 (U+53EF) in font [lmroman10-regular]:mapping=tex-text;!
Missing character: There is no 行 (U+884C) in font [lmroman10-regular]:mapping=tex-text;!
Missing character: There is no 域 (U+57DF) in font [lmroman10-regular]:mapping=tex-text;!
Missing character: There is no 约 (U+7EA6) in font [lmroman10-regular]:mapping=tex-text;!
Missing character: There is no 束 (U+675F) in font [lmroman10-regular]:mapping=tex-text;!
Missing character: There is no ， (U+FF0C) in font [lmroman10-regular]:mapping=tex-text;!
Missing character: There is no 把 (U+628A) in font [lmroman10-regular]:mapping=tex-text;!
Missing character: There is no 漂 (U+6F02) in font [lmroman10-regular]:mapping=tex-text;!
Missing character: There is no 移 (U+79FB) in font [lmroman10-regular]:mapping=tex-text;!
Missing character: There is no 纠 (U+7EA0) in font [lmroman10-regular]:mapping=tex-text;!
Missing character: There is no 回 (U+56DE) in font [lmroman10-regular]:mapping=tex-text;!
Missing character: There is no 来 (U+6765) in font [lmroman10-regular]:mapping=tex-text;!
Missing character: There is no 。 (U+3002) in font [lmroman10-regular]:mapping=tex-text;!
Missing character: There is no 把 (U+628A) in font [lmroman10-regular]:mapping=tex-text;!
Missing character: There is no 域 (U+57DF) in font [lmroman10-regular]:mapping=tex-text;!
Missing character: There is no 变 (U+53D8) in font [lmroman10-regular]:mapping=tex-text;!
Missing character: There is no 化 (U+5316) in font [lmroman10-regular]:mapping=tex-text;!
Missing character: There is no 当 (U+5F53) in font [lmroman10-regular]:mapping=tex-text;!
Missing character: There is no 噪 (U+566A) in font [lmroman10-regular]:mapping=tex-text;!
Missing character: There is no 声 (U+58F0) in font [lmroman10-regular]:mapping=tex-text;!
Missing character: There is no 处 (U+5904) in font [lmroman10-regular]:mapping=tex-text;!
Missing character: There is no 理 (U+7406) in font [lmroman10-regular]:mapping=tex-text;!
Missing character: There is no 。 (U+3002) in font [lmroman10-regular]:mapping=tex-text;!
Missing character: There is no ： (U+FF1A) in font [lmroman10-regular]:mapping=tex-text;!
Missing character: There is no 图 (U+56FE) in font [lmroman10-regular]:mapping=tex-text;!
Missing character: There is no 结 (U+7ED3) in font [lmroman10-regular]:mapping=tex-text;!
Missing character: There is no 构 (U+6784) in font [lmroman10-regular]:mapping=tex-text;!
Missing character: There is no 一 (U+4E00) in font [lmroman10-regular]:mapping=tex-text;!
Missing character: There is no 致 (U+81F4) in font [lmroman10-regular]:mapping=tex-text;!
Missing character: There is no 性 (U+6027) in font [lmroman10-regular]:mapping=tex-text;!
Missing character: There is no （ (U+FF08) in font [lmroman10-regular]:mapping=tex-text;!
Missing character: There is no ） (U+FF09) in font [lmroman10-regular]:mapping=tex-text;!
Missing character: There is no 它 (U+5B83) in font [lmroman10-regular]:mapping=tex-text;!
Missing character: There is no 的 (U+7684) in font [lmroman10-regular]:mapping=tex-text;!
Missing character: There is no 出 (U+51FA) in font [lmroman10-regular]:mapping=tex-text;!
Missing character: There is no 发 (U+53D1) in font [lmroman10-regular]:mapping=tex-text;!
Missing character: There is no 点 (U+70B9) in font [lmroman10-regular]:mapping=tex-text;!
Missing character: There is no 就 (U+5C31) in font [lmroman10-regular]:mapping=tex-text;!
Missing character: There is no 是 (U+662F) in font [lmroman10-regular]:mapping=tex-text;!
Missing character: There is no 离 (U+79BB) in font [lmroman10-regular]:mapping=tex-text;!
Missing character: There is no 线 (U+7EBF) in font [lmroman10-regular]:mapping=tex-text;!
Missing character: There is no 训 (U+8BAD) in font [lmroman10-regular]:mapping=tex-text;!
Missing character: There is no 练 (U+7EC3) in font [lmroman10-regular]:mapping=tex-text;!
Missing character: There is no 在 (U+5728) in font [lmroman10-regular]:mapping=tex-text;!
Missing character: There is no 新 (U+65B0) in font [lmroman10-regular]:mapping=tex-text;!
Missing character: There is no 域 (U+57DF) in font [lmroman10-regular]:mapping=tex-text;!
Missing character: There is no 失 (U+5931) in font [lmroman10-regular]:mapping=tex-text;!
Missing character: There is no 效 (U+6548) in font [lmroman10-regular]:mapping=tex-text;!
Missing character: There is no ， (U+FF0C) in font [lmroman10-regular]:mapping=tex-text;!
Missing character: There is no 所 (U+6240) in font [lmroman10-regular]:mapping=tex-text;!
Missing character: There is no 以 (U+4EE5) in font [lmroman10-regular]:mapping=tex-text;!
Missing character: There is no 干 (U+5E72) in font [lmroman10-regular]:mapping=tex-text;!
Missing character: There is no 脆 (U+8106) in font [lmroman10-regular]:mapping=tex-text;!
Missing character: There is no 在 (U+5728) in font [lmroman10-regular]:mapping=tex-text;!
Missing character: There is no 线 (U+7EBF) in font [lmroman10-regular]:mapping=tex-text;!
Missing character: There is no 传 (U+4F20) in font [lmroman10-regular]:mapping=tex-text;!
Missing character: There is no 导 (U+5BFC) in font [lmroman10-regular]:mapping=tex-text;!
Missing character: There is no 式 (U+5F0F) in font [lmroman10-regular]:mapping=tex-text;!
Missing character: There is no 学 (U+5B66) in font [lmroman10-regular]:mapping=tex-text;!
Missing character: There is no 习 (U+4E60) in font [lmroman10-regular]:mapping=tex-text;!
Missing character: There is no ： (U+FF1A) in font [lmroman10-regular]:mapping=tex-text;!


[6]
Missing character: There is no 不 (U+4E0D) in font [lmroman10-regular]:mapping=tex-text;!
Missing character: There is no 追 (U+8FFD) in font [lmroman10-regular]:mapping=tex-text;!
Missing character: There is no 不 (U+4E0D) in font [lmroman10-regular]:mapping=tex-text;!
Missing character: There is no 追 (U+8FFD) in font [lmroman10-regular]:mapping=tex-text;!
Missing character: There is no 不 (U+4E0D) in font [lmroman10-regular]:mapping=tex-text;!
Missing character: There is no 追 (U+8FFD) in font [lmroman10-regular]:mapping=tex-text;!
Missing character: There is no 求 (U+6C42) in font [lmroman10-regular]:mapping=tex-text;!
Missing character: There is no 学 (U+5B66) in font [lmroman10-regular]:mapping=tex-text;!
Missing character: There is no 到 (U+5230) in font [lmroman10-regular]:mapping=tex-text;!
Missing character: There is no 一 (U+4E00) in font [lmroman10-regular]:mapping=tex-text;!
Missing character: There is no 个 (U+4E2A) in font [lmroman10-regular]:mapping=tex-text;!
Missing character: There is no 放 (U+653E) in font [lmroman10-regular]:mapping=tex-text;!
Missing character: There is no 之 (U+4E4B) in font [lmroman10-regular]:mapping=tex-text;!
Missing character: There is no 四 (U+56DB) in font [lmroman10-regular]:mapping=tex-text;!
Missing character: There is no 海 (U+6D77) in font [lmroman10-regular]:mapping=tex-text;!
Missing character: There is no 皆 (U+7686) in font [lmroman10-regular]:mapping=tex-text;!
Missing character: There is no 准 (U+51C6) in font [lmroman10-regular]:mapping=tex-text;!
Missing character: There is no 的 (U+7684) in font [lmroman10-regular]:mapping=tex-text;!
Missing character: There is no 指 (U+6307) in font [lmroman10-regular]:mapping=tex-text;!
Missing character: There is no 纹 (U+7EB9) in font [lmroman10-regular]:mapping=tex-text;!
Missing character: There is no 模 (U+6A21) in font [lmroman10-regular]:mapping=tex-text;!
Missing character: There is no 型 (U+578B) in font [lmroman10-regular]:mapping=tex-text;!
Missing character: There is no ； (U+FF1B) in font [lmroman10-regular]:mapping=tex-text;!
Missing character: There is no 而 (U+800C) in font [lmroman10-regular]:mapping=tex-text;!
Missing character: There is no 是 (U+662F) in font [lmroman10-regular]:mapping=tex-text;!
Missing character: There is no 而 (U+800C) in font [lmroman10-regular]:mapping=tex-text;!
Missing character: There is no 是 (U+662F) in font [lmroman10-regular]:mapping=tex-text;!
Missing character: There is no 而 (U+800C) in font [lmroman10-regular]:mapping=tex-text;!
Missing character: There is no 是 (U+662F) in font [lmroman10-regular]:mapping=tex-text;!
Missing character: There is no 利 (U+5229) in font [lmroman10-regular]:mapping=tex-text;!
Missing character: There is no 用 (U+7528) in font [lmroman10-regular]:mapping=tex-text;!
Missing character: There is no 当 (U+5F53) in font [lmroman10-regular]:mapping=tex-text;!
Missing character: There is no 前 (U+524D) in font [lmroman10-regular]:mapping=tex-text;!
Missing character: There is no 轨 (U+8F68) in font [lmroman10-regular]:mapping=tex-text;!
Missing character: There is no 迹 (U+8FF9) in font [lmroman10-regular]:mapping=tex-text;!
Missing character: There is no 数 (U+6570) in font [lmroman10-regular]:mapping=tex-text;!
Missing character: There is no 据 (U+636E) in font [lmroman10-regular]:mapping=tex-text;!
Missing character: There is no 自 (U+81EA) in font [lmroman10-regular]:mapping=tex-text;!
Missing character: There is no 身 (U+8EAB) in font [lmroman10-regular]:mapping=tex-text;!
Missing character: There is no 的 (U+7684) in font [lmroman10-regular]:mapping=tex-text;!
Missing character: There is no 结 (U+7ED3) in font [lmroman10-regular]:mapping=tex-text;!
Missing character: There is no 构 (U+6784) in font [lmroman10-regular]:mapping=tex-text;!
Missing character: There is no （ (U+FF08) in font [lmroman10-regular]:mapping=tex-text;!
Missing character: There is no 相 (U+76F8) in font [lmroman10-regular]:mapping=tex-text;!
Missing character: There is no 邻 (U+90BB) in font [lmroman10-regular]:mapping=tex-text;!
Missing character: There is no 一 (U+4E00) in font [lmroman10-regular]:mapping=tex-text;!
Missing character: There is no 致 (U+81F4) in font [lmroman10-regular]:mapping=tex-text;!
Missing character: There is no 性 (U+6027) in font [lmroman10-regular]:mapping=tex-text;!
Missing character: There is no 等 (U+7B49) in font [lmroman10-regular]:mapping=tex-text;!
Missing character: There is no ） (U+FF09) in font [lmroman10-regular]:mapping=tex-text;!
Missing character: There is no 在 (U+5728) in font [lmroman10-regular]:mapping=tex-text;!
Missing character: There is no 这 (U+8FD9) in font [lmroman10-regular]:mapping=tex-text;!
Missing character: There is no 个 (U+4E2A) in font [lmroman10-regular]:mapping=tex-text;!
Missing character: There is no 域 (U+57DF) in font [lmroman10-regular]:mapping=tex-text;!
Missing character: There is no 里 (U+91CC) in font [lmroman10-regular]:mapping=tex-text;!
Missing character: There is no 立 (U+7ACB) in font [lmroman10-regular]:mapping=tex-text;!
Missing character: There is no 刻 (U+523B) in font [lmroman10-regular]:mapping=tex-text;!
Missing character: There is no 自 (U+81EA) in font [lmroman10-regular]:mapping=tex-text;!
Missing character: There is no 适 (U+9002) in font [lmroman10-regular]:mapping=tex-text;!
Missing character: There is no 应 (U+5E94) in font [lmroman10-regular]:mapping=tex-text;!
Missing character: There is no 。 (U+3002) in font [lmroman10-regular]:mapping=tex-text;!
Missing character: There is no 域 (U+57DF) in font [lmroman10-regular]:mapping=tex-text;!
Missing character: There is no 无 (U+65E0) in font [lmroman10-regular]:mapping=tex-text;!
Missing character: There is no 域 (U+57DF) in font [lmroman10-regular]:mapping=tex-text;!
Missing character: There is no 无 (U+65E0) in font [lmroman10-regular]:mapping=tex-text;!
Missing character: There is no 域 (U+57DF) in font [lmroman10-regular]:mapping=tex-text;!
Missing character: There is no 无 (U+65E0) in font [lmroman10-regular]:mapping=tex-text;!
Missing character: There is no 关 (U+5173) in font [lmroman10-regular]:mapping=tex-text;!
Missing character: There is no 不 (U+4E0D) in font [lmroman10-regular]:mapping=tex-text;!
Missing character: There is no 一 (U+4E00) in font [lmroman10-regular]:mapping=tex-text;!
Missing character: There is no 定 (U+5B9A) in font [lmroman10-regular]:mapping=tex-text;!
Missing character: There is no 要 (U+8981) in font [lmroman10-regular]:mapping=tex-text;!
Missing character: There is no 学 (U+5B66) in font [lmroman10-regular]:mapping=tex-text;!
Missing character: There is no 一 (U+4E00) in font [lmroman10-regular]:mapping=tex-text;!
Missing character: There is no 个 (U+4E2A) in font [lmroman10-regular]:mapping=tex-text;!
Missing character: There is no 通 (U+901A) in font [lmroman10-regular]:mapping=tex-text;!
Missing character: There is no 用 (U+7528) in font [lmroman10-regular]:mapping=tex-text;!
Missing character: There is no 模 (U+6A21) in font [lmroman10-regular]:mapping=tex-text;!
Missing character: There is no 型 (U+578B) in font [lmroman10-regular]:mapping=tex-text;!
Missing character: There is no ， (U+FF0C) in font [lmroman10-regular]:mapping=tex-text;!
Missing character: There is no 也 (U+4E5F) in font [lmroman10-regular]:mapping=tex-text;!
Missing character: There is no 可 (U+53EF) in font [lmroman10-regular]:mapping=tex-text;!
Missing character: There is no 以 (U+4EE5) in font [lmroman10-regular]:mapping=tex-text;!
Missing character: There is no 是 (U+662F) in font [lmroman10-regular]:mapping=tex-text;!
Missing character: There is no 每 (U+6BCF) in font [lmroman10-regular]:mapping=tex-text;!
Missing character: There is no 到 (U+5230) in font [lmroman10-regular]:mapping=tex-text;!
Missing character: There is no 一 (U+4E00) in font [lmroman10-regular]:mapping=tex-text;!
Missing character: There is no 个 (U+4E2A) in font [lmroman10-regular]:mapping=tex-text;!
Missing character: There is no 新 (U+65B0) in font [lmroman10-regular]:mapping=tex-text;!
Missing character: There is no 域 (U+57DF) in font [lmroman10-regular]:mapping=tex-text;!
Missing character: There is no 就 (U+5C31) in font [lmroman10-regular]:mapping=tex-text;!
Missing character: There is no 快 (U+5FEB) in font [lmroman10-regular]:mapping=tex-text;!
Missing character: There is no 速 (U+901F) in font [lmroman10-regular]:mapping=tex-text;!
Missing character: There is no 自 (U+81EA) in font [lmroman10-regular]:mapping=tex-text;!
Missing character: There is no 适 (U+9002) in font [lmroman10-regular]:mapping=tex-text;!
Missing character: There is no 应 (U+5E94) in font [lmroman10-regular]:mapping=tex-text;!
Missing character: There is no ， (U+FF0C) in font [lmroman10-regular]:mapping=tex-text;!
Missing character: There is no 只 (U+53EA) in font [lmroman10-regular]:mapping=tex-text;!
Missing character: There is no 要 (U+8981) in font [lmroman10-regular]:mapping=tex-text;!
Missing character: There is no 结 (U+7ED3) in font [lmroman10-regular]:mapping=tex-text;!
Missing character: There is no 构 (U+6784) in font [lmroman10-regular]:mapping=tex-text;!
Missing character: There is no 约 (U+7EA6) in font [lmroman10-regular]:mapping=tex-text;!
Missing character: There is no 束 (U+675F) in font [lmroman10-regular]:mapping=tex-text;!
Missing character: There is no 让 (U+8BA9) in font [lmroman10-regular]:mapping=tex-text;!
Missing character: There is no 自 (U+81EA) in font [lmroman10-regular]:mapping=tex-text;!
Missing character: There is no 适 (U+9002) in font [lmroman10-regular]:mapping=tex-text;!
Missing character: There is no 应 (U+5E94) in font [lmroman10-regular]:mapping=tex-text;!
Missing character: There is no 可 (U+53EF) in font [lmroman10-regular]:mapping=tex-text;!
Missing character: There is no 行 (U+884C) in font [lmroman10-regular]:mapping=tex-text;!
Missing character: There is no 且 (U+4E14) in font [lmroman10-regular]:mapping=tex-text;!
Missing character: There is no 不 (U+4E0D) in font [lmroman10-regular]:mapping=tex-text;!
Missing character: There is no 崩 (U+5D29) in font [lmroman10-regular]:mapping=tex-text;!
Missing character: There is no 。 (U+3002) in font [lmroman10-regular]:mapping=tex-text;!
Missing character: There is no 用 (U+7528) in font [lmroman10-bold]:mapping=tex-text;!
Missing character: There is no 在 (U+5728) in font [lmroman10-bold]:mapping=tex-text;!
Missing character: There is no 线 (U+7EBF) in font [lmroman10-bold]:mapping=tex-text;!
Missing character: There is no 自 (U+81EA) in font [lmroman10-bold]:mapping=tex-text;!
Missing character: There is no 适 (U+9002) in font [lmroman10-bold]:mapping=tex-text;!
Missing character: There is no 应 (U+5E94) in font [lmroman10-bold]:mapping=tex-text;!
Missing character: There is no 做 (U+505A) in font [lmroman10-bold]:mapping=tex-text;!
Missing character: There is no 域 (U+57DF) in font [lmroman10-bold]:mapping=tex-text;!
Missing character: There is no 无 (U+65E0) in font [lmroman10-bold]:mapping=tex-text;!
Missing character: There is no 关 (U+5173) in font [lmroman10-bold]:mapping=tex-text;!
Missing character: There is no ： (U+FF1A) in font [lmroman10-bold]:mapping=tex-text;!
Missing character: There is no 承 (U+627F) in font [lmroman10-bold]:mapping=tex-text;!
Missing character: There is no 认 (U+8BA4) in font [lmroman10-bold]:mapping=tex-text;!
Missing character: There is no 分 (U+5206) in font [lmroman10-bold]:mapping=tex-text;!
Missing character: There is no 布 (U+5E03) in font [lmroman10-bold]:mapping=tex-text;!
Missing character: There is no 漂 (U+6F02) in font [lmroman10-bold]:mapping=tex-text;!
Missing character: There is no 移 (U+79FB) in font [lmroman10-bold]:mapping=tex-text;!
Missing character: There is no ， (U+FF0C) in font [lmroman10-bold]:mapping=tex-text;!
Missing character: There is no 训 (U+8BAD) in font [lmroman10-bold]:mapping=tex-text;!
Missing character: There is no 练 (U+7EC3) in font [lmroman10-bold]:mapping=tex-text;!
Missing character: There is no 推 (U+63A8) in font [lmroman10-bold]:mapping=tex-text;!
Missing character: There is no 断 (U+65AD) in font [lmroman10-bold]:mapping=tex-text;!
Missing character: There is no 这 (U+8FD9) in font [lmroman10-regular]:mapping=tex-text;!
Missing character: There is no 其 (U+5176) in font [lmroman10-regular]:mapping=tex-text;!
Missing character: There is no 实 (U+5B9E) in font [lmroman10-regular]:mapping=tex-text;!
Missing character: There is no 是 (U+662F) in font [lmroman10-regular]:mapping=tex-text;!
Missing character: There is no 的 (U+7684) in font [lmroman10-regular]:mapping=tex-text;!
Missing character: There is no 核 (U+6838) in font [lmroman10-regular]:mapping=tex-text;!
Missing character: There is no 心 (U+5FC3) in font [lmroman10-regular]:mapping=tex-text;!
Missing character: There is no 哲 (U+54F2) in font [lmroman10-regular]:mapping=tex-text;!
Missing character: There is no 学 (U+5B66) in font [lmroman10-regular]:mapping=tex-text;!
Missing character: There is no ， (U+FF0C) in font [lmroman10-regular]:mapping=tex-text;!
Missing character: There is no 也 (U+4E5F) in font [lmroman10-regular]:mapping=tex-text;!
Missing character: There is no 常 (U+5E38) in font [lmroman10-regular]:mapping=tex-text;!
Missing character: There is no 见 (U+89C1) in font [lmroman10-regular]:mapping=tex-text;!
Missing character: There is no 于 (U+4E8E) in font [lmroman10-regular]:mapping=tex-text;!
Missing character: There is no 通 (U+901A) in font [lmroman10-regular]:mapping=tex-text;!
Missing character: There is no 感 (U+611F) in font [lmroman10-regular]:mapping=tex-text;!
Missing character: There is no ： (U+FF1A) in font [lmroman10-regular]:mapping=tex-text;!
Missing character: There is no 环 (U+73AF) in font [lmroman10-regular]:mapping=tex-text;!
Missing character: There is no 境 (U+5883) in font [lmroman10-regular]:mapping=tex-text;!
Missing character: There is no 环 (U+73AF) in font [lmroman10-regular]:mapping=tex-text;!
Missing character: There is no 境 (U+5883) in font [lmroman10-regular]:mapping=tex-text;!
Missing character: There is no 环 (U+73AF) in font [lmroman10-regular]:mapping=tex-text;!
Missing character: There is no 境 (U+5883) in font [lmroman10-regular]:mapping=tex-text;!
Missing character: There is no 统 (U+7EDF) in font [lmroman10-regular]:mapping=tex-text;!
Missing character: There is no 计 (U+8BA1) in font [lmroman10-regular]:mapping=tex-text;!
Missing character: There is no 变 (U+53D8) in font [lmroman10-regular]:mapping=tex-text;!
Missing character: There is no 化 (U+5316) in font [lmroman10-regular]:mapping=tex-text;!
Missing character: There is no 太 (U+592A) in font [lmroman10-regular]:mapping=tex-text;!
Missing character: There is no 快 (U+5FEB) in font [lmroman10-regular]:mapping=tex-text;!
Missing character: There is no ， (U+FF0C) in font [lmroman10-regular]:mapping=tex-text;!
Missing character: There is no 与 (U+4E0E) in font [lmroman10-regular]:mapping=tex-text;!
Missing character: There is no 其 (U+5176) in font [lmroman10-regular]:mapping=tex-text;!
Missing character: There is no 追 (U+8FFD) in font [lmroman10-regular]:mapping=tex-text;!
Missing character: There is no 求 (U+6C42) in font [lmroman10-regular]:mapping=tex-text;!
Missing character: There is no 离 (U+79BB) in font [lmroman10-regular]:mapping=tex-text;!
Missing character: There is no 线 (U+7EBF) in font [lmroman10-regular]:mapping=tex-text;!
Missing character: There is no 泛 (U+6CDB) in font [lmroman10-regular]:mapping=tex-text;!
Missing character: There is no 化 (U+5316) in font [lmroman10-regular]:mapping=tex-text;!
Missing character: There is no ， (U+FF0C) in font [lmroman10-regular]:mapping=tex-text;!
Missing character: There is no 不 (U+4E0D) in font [lmroman10-regular]:mapping=tex-text;!
Missing character: There is no 如 (U+5982) in font [lmroman10-regular]:mapping=tex-text;!
Missing character: There is no 把 (U+628A) in font [lmroman10-regular]:mapping=tex-text;!
Missing character: There is no 学 (U+5B66) in font [lmroman10-regular]:mapping=tex-text;!
Missing character: There is no 习 (U+4E60) in font [lmroman10-regular]:mapping=tex-text;!
Missing character: There is no 机 (U+673A) in font [lmroman10-regular]:mapping=tex-text;!
Missing character: There is no 制 (U+5236) in font [lmroman10-regular]:mapping=tex-text;!
Missing character: There is no 搬 (U+642C) in font [lmroman10-regular]:mapping=tex-text;!
Missing character: There is no 到 (U+5230) in font [lmroman10-regular]:mapping=tex-text;!
Missing character: There is no 在 (U+5728) in font [lmroman10-regular]:mapping=tex-text;!
Missing character: There is no 线 (U+7EBF) in font [lmroman10-regular]:mapping=tex-text;!
Missing character: There is no 。 (U+3002) in font [lmroman10-regular]:mapping=tex-text;!
Missing character: There is no 一 (U+4E00) in font [lmroman10-regular]:mapping=tex-text;!
Missing character: There is no 个 (U+4E2A) in font [lmroman10-regular]:mapping=tex-text;!
Missing character: There is no 一 (U+4E00) in font [lmroman10-regular]:mapping=tex-text;!
Missing character: There is no 个 (U+4E2A) in font [lmroman10-regular]:mapping=tex-text;!
Missing character: There is no 一 (U+4E00) in font [lmroman10-regular]:mapping=tex-text;!
Missing character: There is no 个 (U+4E2A) in font [lmroman10-regular]:mapping=tex-text;!
Missing character: There is no 不 (U+4E0D) in font [lmroman10-bold]:mapping=tex-text;!
Missing character: There is no 依 (U+4F9D) in font [lmroman10-bold]:mapping=tex-text;!
Missing character: There is no 赖 (U+8D56) in font [lmroman10-bold]:mapping=tex-text;!
Missing character: There is no 人 (U+4EBA) in font [lmroman10-bold]:mapping=tex-text;!
Missing character: There is no 工 (U+5DE5) in font [lmroman10-bold]:mapping=tex-text;!
Missing character: There is no 标 (U+6807) in font [lmroman10-bold]:mapping=tex-text;!
Missing character: There is no 注 (U+6CE8) in font [lmroman10-bold]:mapping=tex-text;!
Missing character: There is no 的 (U+7684) in font [lmroman10-regular]:mapping=tex-text;!
Missing character: There is no 在 (U+5728) in font [lmroman10-regular]:mapping=tex-text;!
Missing character: There is no 线 (U+7EBF) in font [lmroman10-regular]:mapping=tex-text;!
Missing character: There is no 目 (U+76EE) in font [lmroman10-regular]:mapping=tex-text;!
Missing character: There is no 标 (U+6807) in font [lmroman10-regular]:mapping=tex-text;!
Missing character: There is no ： (U+FF1A) in font [lmroman10-regular]:mapping=tex-text;!
Missing character: There is no 自 (U+81EA) in font [lmroman10-regular]:mapping=tex-text;!
Missing character: There is no 监 (U+76D1) in font [lmroman10-regular]:mapping=tex-text;!
Missing character: There is no 督 (U+7763) in font [lmroman10-regular]:mapping=tex-text;!
Missing character: There is no 一 (U+4E00) in font [lmroman10-regular]:mapping=tex-text;!
Missing character: There is no 致 (U+81F4) in font [lmroman10-regular]:mapping=tex-text;!
Missing character: There is no 性 (U+6027) in font [lmroman10-regular]:mapping=tex-text;!
Missing character: There is no 、 (U+3001) in font [lmroman10-regular]:mapping=tex-text;!
Missing character: There is no 相 (U+76F8) in font [lmroman10-regular]:mapping=tex-text;!
Missing character: There is no 邻 (U+90BB) in font [lmroman10-regular]:mapping=tex-text;!
Missing character: There is no 平 (U+5E73) in font [lmroman10-regular]:mapping=tex-text;!
Missing character: There is no 滑 (U+6ED1) in font [lmroman10-regular]:mapping=tex-text;!
Missing character: There is no 、 (U+3001) in font [lmroman10-regular]:mapping=tex-text;!
Missing character: There is no 循 (U+5FAA) in font [lmroman10-regular]:mapping=tex-text;!
Missing character: There is no 环 (U+73AF) in font [lmroman10-regular]:mapping=tex-text;!
Missing character: There is no 一 (U+4E00) in font [lmroman10-regular]:mapping=tex-text;!
Missing character: There is no 致 (U+81F4) in font [lmroman10-regular]:mapping=tex-text;!
Missing character: There is no 性 (U+6027) in font [lmroman10-regular]:mapping=tex-text;!
Missing character: There is no 、 (U+3001) in font [lmroman10-regular]:mapping=tex-text;!
Missing character: There is no 能 (U+80FD) in font [lmroman10-regular]:mapping=tex-text;!
Missing character: There is no 量 (U+91CF) in font [lmroman10-regular]:mapping=tex-text;!
Missing character: There is no 守 (U+5B88) in font [lmroman10-regular]:mapping=tex-text;!
Missing character: There is no 恒 (U+6052) in font [lmroman10-regular]:mapping=tex-text;!
Missing character: There is no 、 (U+3001) in font [lmroman10-regular]:mapping=tex-text;!
Missing character: There is no 物 (U+7269) in font [lmroman10-regular]:mapping=tex-text;!
Missing character: There is no 理 (U+7406) in font [lmroman10-regular]:mapping=tex-text;!
Missing character: There is no 方 (U+65B9) in font [lmroman10-regular]:mapping=tex-text;!
Missing character: There is no 程 (U+7A0B) in font [lmroman10-regular]:mapping=tex-text;!
Missing character: There is no 残 (U+6B8B) in font [lmroman10-regular]:mapping=tex-text;!
Missing character: There is no 差 (U+5DEE) in font [lmroman10-regular]:mapping=tex-text;!
Missing character: There is no 、 (U+3001) in font [lmroman10-regular]:mapping=tex-text;!
Missing character: There is no 地 (U+5730) in font [lmroman10-regular]:mapping=tex-text;!
Missing character: There is no 图 (U+56FE) in font [lmroman10-regular]:mapping=tex-text;!
Missing character: There is no 可 (U+53EF) in font [lmroman10-regular]:mapping=tex-text;!
Missing character: There is no 行 (U+884C) in font [lmroman10-regular]:mapping=tex-text;!
Missing character: There is no 域 (U+57DF) in font [lmroman10-regular]:mapping=tex-text;!
Missing character: There is no 惩 (U+60E9) in font [lmroman10-regular]:mapping=tex-text;!
Missing character: There is no 罚 (U+7F5A) in font [lmroman10-regular]:mapping=tex-text;!
Missing character: There is no 等 (U+7B49) in font [lmroman10-regular]:mapping=tex-text;!
Missing character: There is no ； (U+FF1B) in font [lmroman10-regular]:mapping=tex-text;!
Missing character: There is no 需 (U+9700) in font [lmroman10-regular]:mapping=tex-text;!
Missing character: There is no 要 (U+8981) in font [lmroman10-regular]:mapping=tex-text;!
Missing character: There is no 需 (U+9700) in font [lmroman10-regular]:mapping=tex-text;!
Missing character: There is no 要 (U+8981) in font [lmroman10-regular]:mapping=tex-text;!
Missing character: There is no 需 (U+9700) in font [lmroman10-regular]:mapping=tex-text;!
Missing character: There is no 要 (U+8981) in font [lmroman10-regular]:mapping=tex-text;!
Missing character: There is no 机 (U+673A) in font [lmroman10-regular]:mapping=tex-text;!
Missing character: There is no 制 (U+5236) in font [lmroman10-regular]:mapping=tex-text;!
Missing character: There is no 避 (U+907F) in font [lmroman10-regular]:mapping=tex-text;!
Missing character: There is no 免 (U+514D) in font [lmroman10-regular]:mapping=tex-text;!
Missing character: There is no 在 (U+5728) in font [lmroman10-regular]:mapping=tex-text;!
Missing character: There is no 线 (U+7EBF) in font [lmroman10-regular]:mapping=tex-text;!
Missing character: There is no 崩 (U+5D29) in font [lmroman10-regular]:mapping=tex-text;!
Missing character: There is no 坏 (U+574F) in font [lmroman10-regular]:mapping=tex-text;!
Missing character: There is no 用 (U+7528) in font [lmroman10-bold]:mapping=tex-text;!
Missing character: There is no 异 (U+5F02) in font [lmroman10-bold]:mapping=tex-text;!
Missing character: There is no 构 (U+6784) in font [lmroman10-bold]:mapping=tex-text;!
Missing character: There is no 传 (U+4F20) in font [lmroman10-bold]:mapping=tex-text;!
Missing character: There is no 感 (U+611F) in font [lmroman10-bold]:mapping=tex-text;!
Missing character: There is no 融 (U+878D) in font [lmroman10-bold]:mapping=tex-text;!
Missing character: There is no 合 (U+5408) in font [lmroman10-bold]:mapping=tex-text;!
Missing character: There is no 做 (U+505A) in font [lmroman10-bold]:mapping=tex-text;!
Missing character: There is no 域 (U+57DF) in font [lmroman10-bold]:mapping=tex-text;!
Missing character: There is no 无 (U+65E0) in font [lmroman10-bold]:mapping=tex-text;!
Missing character: There is no 关 (U+5173) in font [lmroman10-bold]:mapping=tex-text;!
Missing character: There is no ： (U+FF1A) in font [lmroman10-bold]:mapping=tex-text;!
Missing character: There is no 当 (U+5F53) in font [lmroman10-bold]:mapping=tex-text;!
Missing character: There is no 无 (U+65E0) in font [lmroman10-bold]:mapping=tex-text;!
Missing character: There is no 线 (U+7EBF) in font [lmroman10-bold]:mapping=tex-text;!
Missing character: There is no 在 (U+5728) in font [lmroman10-bold]:mapping=tex-text;!
Missing character: There is no 某 (U+67D0) in font [lmroman10-bold]:mapping=tex-text;!
Missing character: There is no 些 (U+4E9B) in font [lmroman10-bold]:mapping=tex-text;!
Missing character: There is no 域 (U+57DF) in font [lmroman10-bold]:mapping=tex-text;!
Missing character: There is no 里 (U+91CC) in font [lmroman10-bold]:mapping=tex-text;!
Missing character: There is no 不 (U+4E0D) in font [lmroman10-bold]:mapping=tex-text;!
Missing character: There is no 可 (U+53EF) in font [lmroman10-bold]:mapping=tex-text;!
Missing character: There is no 观 (U+89C2) in font [lmroman10-bold]:mapping=tex-text;!
Missing character: There is no 测 (U+6D4B) in font [lmroman10-bold]:mapping=tex-text;!
Missing character: There is no ， (U+FF0C) in font [lmroman10-bold]:mapping=tex-text;!
Missing character: There is no 就 (U+5C31) in font [lmroman10-bold]:mapping=tex-text;!
Missing character: There is no 加 (U+52A0) in font [lmroman10-bold]:mapping=tex-text;!
Missing character: There is no 观 (U+89C2) in font [lmroman10-bold]:mapping=tex-text;!
Missing character: There is no 测 (U+6D4B) in font [lmroman10-bold]:mapping=tex-text;!
Missing character: There is no ： (U+FF1A) in font [lmroman10-regular]:mapping=tex-text;!
Missing character: There is no 它 (U+5B83) in font [lmroman10-regular]:mapping=tex-text;!
Missing character: There is no 不 (U+4E0D) in font [lmroman10-regular]:mapping=tex-text;!
Missing character: There is no 是 (U+662F) in font [lmroman10-regular]:mapping=tex-text;!
Missing character: There is no 纯 (U+7EAF) in font [lmroman10-regular]:mapping=tex-text;!
Missing character: There is no 靠 (U+9760) in font [lmroman10-regular]:mapping=tex-text;!
Missing character: There is no 无 (U+65E0) in font [lmroman10-regular]:mapping=tex-text;!
Missing character: There is no 线 (U+7EBF) in font [lmroman10-regular]:mapping=tex-text;!
Missing character: There is no 硬 (U+786C) in font [lmroman10-regular]:mapping=tex-text;!
Missing character: There is no 泛 (U+6CDB) in font [lmroman10-regular]:mapping=tex-text;!
Missing character: There is no 化 (U+5316) in font [lmroman10-regular]:mapping=tex-text;!
Missing character: There is no ， (U+FF0C) in font [lmroman10-regular]:mapping=tex-text;!
Missing character: There is no 而 (U+800C) in font [lmroman10-regular]:mapping=tex-text;!
Missing character: There is no 是 (U+662F) in font [lmroman10-regular]:mapping=tex-text;!
Missing character: There is no 识 (U+8BC6) in font [lmroman10-regular]:mapping=tex-text;!
Missing character: There is no 别 (U+522B) in font [lmroman10-regular]:mapping=tex-text;!
Missing character: There is no 到 (U+5230) in font [lmroman10-regular]:mapping=tex-text;!
Missing character: There is no 结 (U+7ED3) in font [lmroman10-regular]:mapping=tex-text;!
Missing character: There is no 构 (U+6784) in font [lmroman10-regular]:mapping=tex-text;!
Missing character: There is no 性 (U+6027) in font [lmroman10-regular]:mapping=tex-text;!
Missing character: There is no 问 (U+95EE) in font [lmroman10-regular]:mapping=tex-text;!
Missing character: There is no 题 (U+9898) in font [lmroman10-regular]:mapping=tex-text;!
Missing character: There is no ： (U+FF1A) in font [lmroman10-regular]:mapping=tex-text;!
Missing character: There is no 采 (U+91C7) in font [lmroman10-regular]:mapping=tex-text;!
Missing character: There is no 样 (U+6837) in font [lmroman10-regular]:mapping=tex-text;!
Missing character: There is no 率 (U+7387) in font [lmroman10-regular]:mapping=tex-text;!
Missing character: There is no 速 (U+901F) in font [lmroman10-regular]:mapping=tex-text;!
Missing character: There is no 度 (U+5EA6) in font [lmroman10-regular]:mapping=tex-text;!
Missing character: There is no 导 (U+5BFC) in font [lmroman10-regular]:mapping=tex-text;!
Missing character: There is no 致 (U+81F4) in font [lmroman10-regular]:mapping=tex-text;!
Missing character: There is no 误 (U+8BEF) in font [lmroman10-regular]:mapping=tex-text;!
Missing character: There is no 差 (U+5DEE) in font [lmroman10-regular]:mapping=tex-text;!
Missing character: There is no 积 (U+79EF) in font [lmroman10-regular]:mapping=tex-text;!
Missing character: There is no 累 (U+7D2F) in font [lmroman10-regular]:mapping=tex-text;!
Missing character: There is no ， (U+FF0C) in font [lmroman10-regular]:mapping=tex-text;!
Missing character: There is no 然 (U+7136) in font [lmroman10-regular]:mapping=tex-text;!
Missing character: There is no 后 (U+540E) in font [lmroman10-regular]:mapping=tex-text;!
Missing character: There is no 用 (U+7528) in font [lmroman10-regular]:mapping=tex-text;!
Missing character: There is no 在 (U+5728) in font [lmroman10-regular]:mapping=tex-text;!
Missing character: There is no 关 (U+5173) in font [lmroman10-regular]:mapping=tex-text;!
Missing character: There is no 键 (U+952E) in font [lmroman10-regular]:mapping=tex-text;!
Missing character: There is no 时 (U+65F6) in font [lmroman10-regular]:mapping=tex-text;!
Missing character: There is no 刻 (U+523B) in font [lmroman10-regular]:mapping=tex-text;!
Missing character: There is no 提 (U+63D0) in font [lmroman10-regular]:mapping=tex-text;!
Missing character: There is no 供 (U+4F9B) in font [lmroman10-regular]:mapping=tex-text;!
Missing character: There is no 校 (U+6821) in font [lmroman10-regular]:mapping=tex-text;!
Missing character: There is no 正 (U+6B63) in font [lmroman10-regular]:mapping=tex-text;!
Missing character: There is no 观 (U+89C2) in font [lmroman10-regular]:mapping=tex-text;!
Missing character: There is no 测 (U+6D4B) in font [lmroman10-regular]:mapping=tex-text;!
Missing character: There is no 。 (U+3002) in font [lmroman10-regular]:mapping=tex-text;!
Missing character: There is no 这 (U+8FD9) in font [lmroman10-regular]:mapping=tex-text;!
Missing character: There is no 也 (U+4E5F) in font [lmroman10-regular]:mapping=tex-text;!
Missing character: There is no 是 (U+662F) in font [lmroman10-regular]:mapping=tex-text;!
Missing character: There is no 一 (U+4E00) in font [lmroman10-regular]:mapping=tex-text;!
Missing character: There is no 种 (U+79CD) in font [lmroman10-regular]:mapping=tex-text;!
Missing character: There is no 域 (U+57DF) in font [lmroman10-regular]:mapping=tex-text;!
Missing character: There is no 无 (U+65E0) in font [lmroman10-regular]:mapping=tex-text;!
Missing character: There is no 关 (U+5173) in font [lmroman10-regular]:mapping=tex-text;!
Missing character: There is no ： (U+FF1A) in font [lmroman10-regular]:mapping=tex-text;!
Missing character: There is no 不 (U+4E0D) in font [lmroman10-regular]:mapping=tex-text;!
Missing character: There is no 再 (U+518D) in font [lmroman10-regular]:mapping=tex-text;!
Missing character: There is no 强 (U+5F3A) in font [lmroman10-regular]:mapping=tex-text;!
Missing character: There is no 迫 (U+8FEB) in font [lmroman10-regular]:mapping=tex-text;!
Missing character: There is no 无 (U+65E0) in font [lmroman10-regular]:mapping=tex-text;!
Missing character: There is no 线 (U+7EBF) in font [lmroman10-regular]:mapping=tex-text;!
Missing character: There is no 在 (U+5728) in font [lmroman10-regular]:mapping=tex-text;!
Missing character: There is no 所 (U+6240) in font [lmroman10-regular]:mapping=tex-text;!
Missing character: There is no 有 (U+6709) in font [lmroman10-regular]:mapping=tex-text;!
Missing character: There is no 域 (U+57DF) in font [lmroman10-regular]:mapping=tex-text;!
Missing character: There is no 里 (U+91CC) in font [lmroman10-regular]:mapping=tex-text;!
Missing character: There is no 独 (U+72EC) in font [lmroman10-regular]:mapping=tex-text;!
Missing character: There is no 自 (U+81EA) in font [lmroman10-regular]:mapping=tex-text;!
Missing character: There is no 承 (U+627F) in font [lmroman10-regular]:mapping=tex-text;!
Missing character: There is no 担 (U+62C5) in font [lmroman10-regular]:mapping=tex-text;!
Missing character: There is no 全 (U+5168) in font [lmroman10-regular]:mapping=tex-text;!
Missing character: There is no 部 (U+90E8) in font [lmroman10-regular]:mapping=tex-text;!
Missing character: There is no 可 (U+53EF) in font [lmroman10-regular]:mapping=tex-text;!
Missing character: There is no 观 (U+89C2) in font [lmroman10-regular]:mapping=tex-text;!
Missing character: There is no 测 (U+6D4B) in font [lmroman10-regular]:mapping=tex-text;!
Missing character: There is no 性 (U+6027) in font [lmroman10-regular]:mapping=tex-text;!
Missing character: There is no 。 (U+3002) in font [lmroman10-regular]:mapping=tex-text;!
Missing character: There is no 怎 (U+600E) in font [lmroman10-bold]:mapping=tex-text;!
Missing character: There is no 么 (U+4E48) in font [lmroman10-bold]:mapping=tex-text;!
Missing character: There is no 复 (U+590D) in font [lmroman10-bold]:mapping=tex-text;!
Missing character: There is no 用 (U+7528) in font [lmroman10-bold]:mapping=tex-text;!
Missing character: There is no ： (U+FF1A) in font [lmroman10-regular]:mapping=tex-text;!
Missing character: There is no 如 (U+5982) in font [lmroman10-regular]:mapping=tex-text;!
Missing character: There is no 果 (U+679C) in font [lmroman10-regular]:mapping=tex-text;!
Missing character: There is no 如 (U+5982) in font [lmroman10-regular]:mapping=tex-text;!
Missing character: There is no 果 (U+679C) in font [lmroman10-regular]:mapping=tex-text;!
Missing character: There is no 如 (U+5982) in font [lmroman10-regular]:mapping=tex-text;!
Missing character: There is no 果 (U+679C) in font [lmroman10-regular]:mapping=tex-text;!
Missing character: There is no 发 (U+53D1) in font [lmroman10-regular]:mapping=tex-text;!
Missing character: There is no 现 (U+73B0) in font [lmroman10-regular]:mapping=tex-text;!
Missing character: There is no 某 (U+67D0) in font [lmroman10-regular]:mapping=tex-text;!
Missing character: There is no 些 (U+4E9B) in font [lmroman10-regular]:mapping=tex-text;!
Missing character: There is no 域 (U+57DF) in font [lmroman10-regular]:mapping=tex-text;!
Missing character: There is no 里 (U+91CC) in font [lmroman10-regular]:mapping=tex-text;!
Missing character: There is no 无 (U+65E0) in font [lmroman10-regular]:mapping=tex-text;!
Missing character: There is no 线 (U+7EBF) in font [lmroman10-regular]:mapping=tex-text;!
Missing character: There is no 信 (U+4FE1) in font [lmroman10-regular]:mapping=tex-text;!
Missing character: There is no 息 (U+606F) in font [lmroman10-regular]:mapping=tex-text;!
Missing character: There is no 论 (U+8BBA) in font [lmroman10-regular]:mapping=tex-text;!
Missing character: There is no 上 (U+4E0A) in font [lmroman10-regular]:mapping=tex-text;!
Missing character: There is no 就 (U+5C31) in font [lmroman10-regular]:mapping=tex-text;!
Missing character: There is no 不 (U+4E0D) in font [lmroman10-regular]:mapping=tex-text;!
Missing character: There is no 够 (U+591F) in font [lmroman10-regular]:mapping=tex-text;!
Missing character: There is no （ (U+FF08) in font [lmroman10-regular]:mapping=tex-text;!
Missing character: There is no 比 (U+6BD4) in font [lmroman10-regular]:mapping=tex-text;!
Missing character: There is no 如 (U+5982) in font [lmroman10-regular]:mapping=tex-text;!
Missing character: There is no 遮 (U+906E) in font [lmroman10-regular]:mapping=tex-text;!
Missing character: There is no 挡 (U+6321) in font [lmroman10-regular]:mapping=tex-text;!
Missing character: There is no 极 (U+6781) in font [lmroman10-regular]:mapping=tex-text;!
Missing character: There is no 强 (U+5F3A) in font [lmroman10-regular]:mapping=tex-text;!
Missing character: There is no 、 (U+3001) in font [lmroman10-regular]:mapping=tex-text;!
Missing character: There is no 采 (U+91C7) in font [lmroman10-regular]:mapping=tex-text;!
Missing character: There is no 样 (U+6837) in font [lmroman10-regular]:mapping=tex-text;!
Missing character: There is no 极 (U+6781) in font [lmroman10-regular]:mapping=tex-text;!
Missing character: There is no 低 (U+4F4E) in font [lmroman10-regular]:mapping=tex-text;!
Missing character: There is no 、 (U+3001) in font [lmroman10-regular]:mapping=tex-text;!
Missing character: There is no 多 (U+591A) in font [lmroman10-regular]:mapping=tex-text;!
Missing character: There is no 人 (U+4EBA) in font [lmroman10-regular]:mapping=tex-text;!
Missing character: There is no 体 (U+4F53) in font [lmroman10-regular]:mapping=tex-text;!
Missing character: There is no 强 (U+5F3A) in font [lmroman10-regular]:mapping=tex-text;!
Missing character: There is no 干 (U+5E72) in font [lmroman10-regular]:mapping=tex-text;!
Missing character: There is no 扰 (U+6270) in font [lmroman10-regular]:mapping=tex-text;!
Missing character: There is no ） (U+FF09) in font [lmroman10-regular]:mapping=tex-text;!
Missing character: There is no ， (U+FF0C) in font [lmroman10-regular]:mapping=tex-text;!
Missing character: There is no 那 (U+90A3) in font [lmroman10-regular]:mapping=tex-text;!
Missing character: There is no 就 (U+5C31) in font [lmroman10-regular]:mapping=tex-text;!
Missing character: There is no 不 (U+4E0D) in font [lmroman10-regular]:mapping=tex-text;!
Missing character: There is no 要 (U+8981) in font [lmroman10-regular]:mapping=tex-text;!
Missing character: There is no 执 (U+6267) in font [lmroman10-regular]:mapping=tex-text;!
Missing character: There is no 着 (U+7740) in font [lmroman10-regular]:mapping=tex-text;!
Missing character: There is no 纯 (U+7EAF) in font [lmroman10-regular]:mapping=tex-text;!
Missing character: There is no 无 (U+65E0) in font [lmroman10-regular]:mapping=tex-text;!
Missing character: There is no 线 (U+7EBF) in font [lmroman10-regular]:mapping=tex-text;!
Missing character: There is no 域 (U+57DF) in font [lmroman10-regular]:mapping=tex-text;!
Missing character: There is no 无 (U+65E0) in font [lmroman10-regular]:mapping=tex-text;!
Missing character: There is no 关 (U+5173) in font [lmroman10-regular]:mapping=tex-text;!
Missing character: There is no ， (U+FF0C) in font [lmroman10-regular]:mapping=tex-text;!
Missing character: There is no 融 (U+878D) in font [lmroman10-regular]:mapping=tex-text;!
Missing character: There is no 合 (U+5408) in font [lmroman10-regular]:mapping=tex-text;!
Missing character: There is no 往 (U+5F80) in font [lmroman10-regular]:mapping=tex-text;!
Missing character: There is no 往 (U+5F80) in font [lmroman10-regular]:mapping=tex-text;!
Missing character: There is no 是 (U+662F) in font [lmroman10-regular]:mapping=tex-text;!
Missing character: There is no 更 (U+66F4) in font [lmroman10-regular]:mapping=tex-text;!
Missing character: There is no 科 (U+79D1) in font [lmroman10-regular]:mapping=tex-text;!
Missing character: There is no 学 (U+5B66) in font [lmroman10-regular]:mapping=tex-text;!
Missing character: There is no 的 (U+7684) in font [lmroman10-regular]:mapping=tex-text;!
Missing character: There is no 解 (U+89E3) in font [lmroman10-regular]:mapping=tex-text;!
Missing character: There is no 。 (U+3002) in font [lmroman10-regular]:mapping=tex-text;!
Missing character: There is no 从 (U+4ECE) in font [lmroman10-bold]:mapping=tex-text;!
Missing character: There is no 对 (U+5BF9) in font [lmroman10-bold]:mapping=tex-text;!
Missing character: There is no 抗 (U+6297) in font [lmroman10-bold]:mapping=tex-text;!
Missing character: There is no 隐 (U+9690) in font [lmroman10-bold]:mapping=tex-text;!
Missing character: There is no 私 (U+79C1) in font [lmroman10-bold]:mapping=tex-text;!
Missing character: There is no 视 (U+89C6) in font [lmroman10-bold]:mapping=tex-text;!
Missing character: There is no 角 (U+89D2) in font [lmroman10-bold]:mapping=tex-text;!
Missing character: There is no 的 (U+7684) in font [lmroman10-bold]:mapping=tex-text;!
Missing character: There is no 域 (U+57DF) in font [lmroman10-bold]:mapping=tex-text;!
Missing character: There is no 无 (U+65E0) in font [lmroman10-bold]:mapping=tex-text;!
Missing character: There is no 关 (U+5173) in font [lmroman10-bold]:mapping=tex-text;!
Missing character: There is no ： (U+FF1A) in font [lmroman10-bold]:mapping=tex-text;!
Missing character: There is no 让 (U+8BA9) in font [lmroman10-bold]:mapping=tex-text;!
Missing character: There is no 攻 (U+653B) in font [lmroman10-bold]:mapping=tex-text;!
Missing character: There is no 击 (U+51FB) in font [lmroman10-bold]:mapping=tex-text;!
Missing character: There is no 者 (U+8005) in font [lmroman10-bold]:mapping=tex-text;!
Missing character: There is no 在 (U+5728) in font [lmroman10-bold]:mapping=tex-text;!
Missing character: There is no 各 (U+5404) in font [lmroman10-bold]:mapping=tex-text;!
Missing character: There is no 种 (U+79CD) in font [lmroman10-bold]:mapping=tex-text;!
Missing character: There is no 域 (U+57DF) in font [lmroman10-bold]:mapping=tex-text;!
Missing character: There is no 都 (U+90FD) in font [lmroman10-bold]:mapping=tex-text;!
Missing character: There is no 不 (U+4E0D) in font [lmroman10-bold]:mapping=tex-text;!
Missing character: There is no 稳 (U+7A33) in font [lmroman10-bold]:mapping=tex-text;!
Missing character: There is no 定 (U+5B9A) in font [lmroman10-bold]:mapping=tex-text;!
Missing character: There is no （ (U+FF08) in font [lmroman10-bold]:mapping=tex-text;!
Missing character: There is no ） (U+FF09) in font [lmroman10-bold]:mapping=tex-text;!
Missing character: There is no 更 (U+66F4) in font [lmroman10-regular]:mapping=tex-text;!
Missing character: There is no 像 (U+50CF) in font [lmroman10-regular]:mapping=tex-text;!
Missing character: There is no 是 (U+662F) in font [lmroman10-regular]:mapping=tex-text;!
Missing character: There is no 把 (U+628A) in font [lmroman10-regular]:mapping=tex-text;!
Missing character: There is no 域 (U+57DF) in font [lmroman10-regular]:mapping=tex-text;!
Missing character: There is no 无 (U+65E0) in font [lmroman10-regular]:mapping=tex-text;!
Missing character: There is no 关 (U+5173) in font [lmroman10-regular]:mapping=tex-text;!
Missing character: There is no 换 (U+6362) in font [lmroman10-regular]:mapping=tex-text;!
Missing character: There is no 了 (U+4E86) in font [lmroman10-regular]:mapping=tex-text;!
Missing character: There is no 个 (U+4E2A) in font [lmroman10-regular]:mapping=tex-text;!
Missing character: There is no 主 (U+4E3B) in font [lmroman10-regular]:mapping=tex-text;!
Missing character: There is no 语 (U+8BED) in font [lmroman10-regular]:mapping=tex-text;!
Missing character: There is no ： (U+FF1A) in font [lmroman10-regular]:mapping=tex-text;!
Missing character: There is no 不 (U+4E0D) in font [lmroman10-regular]:mapping=tex-text;!
Missing character: There is no 是 (U+662F) in font [lmroman10-regular]:mapping=tex-text;!
Missing character: There is no 不 (U+4E0D) in font [lmroman10-regular]:mapping=tex-text;!
Missing character: There is no 是 (U+662F) in font [lmroman10-regular]:mapping=tex-text;!
Missing character: There is no 不 (U+4E0D) in font [lmroman10-regular]:mapping=tex-text;!
Missing character: There is no 是 (U+662F) in font [lmroman10-regular]:mapping=tex-text;!
Missing character: There is no 让 (U+8BA9) in font [lmroman10-regular]:mapping=tex-text;!
Missing character: There is no 感 (U+611F) in font [lmroman10-bold]:mapping=tex-text;!
Missing character: There is no 知 (U+77E5) in font [lmroman10-bold]:mapping=tex-text;!
Missing character: There is no 在 (U+5728) in font [lmroman10-regular]:mapping=tex-text;!
Missing character: There is no 跨 (U+8DE8) in font [lmroman10-regular]:mapping=tex-text;!
Missing character: There is no 域 (U+57DF) in font [lmroman10-regular]:mapping=tex-text;!
Missing character: There is no 稳 (U+7A33) in font [lmroman10-regular]:mapping=tex-text;!
Missing character: There is no 定 (U+5B9A) in font [lmroman10-regular]:mapping=tex-text;!
Missing character: There is no ； (U+FF1B) in font [lmroman10-regular]:mapping=tex-text;!
Missing character: There is no 而 (U+800C) in font [lmroman10-regular]:mapping=tex-text;!
Missing character: There is no 是 (U+662F) in font [lmroman10-regular]:mapping=tex-text;!
Missing character: There is no 而 (U+800C) in font [lmroman10-regular]:mapping=tex-text;!
Missing character: There is no 是 (U+662F) in font [lmroman10-regular]:mapping=tex-text;!
Missing character: There is no 而 (U+800C) in font [lmroman10-regular]:mapping=tex-text;!
Missing character: There is no 是 (U+662F) in font [lmroman10-regular]:mapping=tex-text;!
Missing character: There is no 让 (U+8BA9) in font [lmroman10-regular]:mapping=tex-text;!
Missing character: There is no 窃 (U+7A83) in font [lmroman10-bold]:mapping=tex-text;!
Missing character: There is no 听 (U+542C) in font [lmroman10-bold]:mapping=tex-text;!
Missing character: There is no 者 (U+8005) in font [lmroman10-bold]:mapping=tex-text;!
Missing character: There is no 的 (U+7684) in font [lmroman10-bold]:mapping=tex-text;!
Missing character: There is no 感 (U+611F) in font [lmroman10-bold]:mapping=tex-text;!
Missing character: There is no 知 (U+77E5) in font [lmroman10-bold]:mapping=tex-text;!
Missing character: There is no 在 (U+5728) in font [lmroman10-regular]:mapping=tex-text;!
Missing character: There is no 跨 (U+8DE8) in font [lmroman10-regular]:mapping=tex-text;!
Missing character: There is no 域 (U+57DF) in font [lmroman10-regular]:mapping=tex-text;!
Missing character: There is no 都 (U+90FD) in font [lmroman10-regular]:mapping=tex-text;!
Missing character: There is no 难 (U+96BE) in font [lmroman10-regular]:mapping=tex-text;!
Missing character: There is no 以 (U+4EE5) in font [lmroman10-regular]:mapping=tex-text;!
Missing character: There is no 稳 (U+7A33) in font [lmroman10-regular]:mapping=tex-text;!
Missing character: There is no 定 (U+5B9A) in font [lmroman10-regular]:mapping=tex-text;!
Missing character: There is no 恢 (U+6062) in font [lmroman10-regular]:mapping=tex-text;!
Missing character: There is no 复 (U+590D) in font [lmroman10-regular]:mapping=tex-text;!
Missing character: There is no ， (U+FF0C) in font [lmroman10-regular]:mapping=tex-text;!
Missing character: There is no 同 (U+540C) in font [lmroman10-regular]:mapping=tex-text;!
Missing character: There is no 时 (U+65F6) in font [lmroman10-regular]:mapping=tex-text;!
Missing character: There is no 还 (U+8FD8) in font [lmroman10-regular]:mapping=tex-text;!
Missing character: There is no 要 (U+8981) in font [lmroman10-regular]:mapping=tex-text;!
Missing character: There is no 保 (U+4FDD) in font [lmroman10-regular]:mapping=tex-text;!
Missing character: There is no 持 (U+6301) in font [lmroman10-regular]:mapping=tex-text;!
Missing character: There is no 合 (U+5408) in font [lmroman10-regular]:mapping=tex-text;!
Missing character: There is no 法 (U+6CD5) in font [lmroman10-regular]:mapping=tex-text;!
Missing character: There is no 通 (U+901A) in font [lmroman10-regular]:mapping=tex-text;!
Missing character: There is no 信 (U+4FE1) in font [lmroman10-regular]:mapping=tex-text;!
Missing character: There is no 与 (U+4E0E) in font [lmroman10-regular]:mapping=tex-text;!
Missing character: There is no 合 (U+5408) in font [lmroman10-regular]:mapping=tex-text;!
Missing character: There is no 法 (U+6CD5) in font [lmroman10-regular]:mapping=tex-text;!
Missing character: There is no 感 (U+611F) in font [lmroman10-regular]:mapping=tex-text;!
Missing character: There is no 知 (U+77E5) in font [lmroman10-regular]:mapping=tex-text;!
Missing character: There is no 可 (U+53EF) in font [lmroman10-regular]:mapping=tex-text;!
Missing character: There is no 用 (U+7528) in font [lmroman10-regular]:mapping=tex-text;!
Missing character: There is no 。 (U+3002) in font [lmroman10-regular]:mapping=tex-text;!
Missing character: There is no 它 (U+5B83) in font [lmroman10-regular]:mapping=tex-text;!
Missing character: There is no 用 (U+7528) in font [lmroman10-regular]:mapping=tex-text;!
Missing character: There is no 物 (U+7269) in font [lmroman10-regular]:mapping=tex-text;!
Missing character: There is no 理 (U+7406) in font [lmroman10-regular]:mapping=tex-text;!
Missing character: There is no 层 (U+5C42) in font [lmroman10-regular]:mapping=tex-text;!
Missing character: There is no 可 (U+53EF) in font [lmroman10-regular]:mapping=tex-text;!
Missing character: There is no 控 (U+63A7) in font [lmroman10-regular]:mapping=tex-text;!
Missing character: There is no 变 (U+53D8) in font [lmroman10-regular]:mapping=tex-text;!
Missing character: There is no 换 (U+6362) in font [lmroman10-regular]:mapping=tex-text;!
Missing character: There is no （ (U+FF08) in font [lmroman10-regular]:mapping=tex-text;!
Missing character: There is no 如 (U+5982) in font [lmroman10-regular]:mapping=tex-text;!
Missing character: There is no 预 (U+9884) in font [lmroman10-regular]:mapping=tex-text;!
Missing character: There is no 编 (U+7F16) in font [lmroman10-regular]:mapping=tex-text;!
Missing character: There is no 码 (U+7801) in font [lmroman10-regular]:mapping=tex-text;!
Missing character: There is no 波 (U+6CE2) in font [lmroman10-regular]:mapping=tex-text;!
Missing character: There is no 束 (U+675F) in font [lmroman10-regular]:mapping=tex-text;!
Missing character: There is no ） (U+FF09) in font [lmroman10-regular]:mapping=tex-text;!
Missing character: There is no 多 (U+591A) in font [lmroman10-regular]:mapping=tex-text;!
Missing character: There is no 目 (U+76EE) in font [lmroman10-regular]:mapping=tex-text;!
Missing character: There is no 标 (U+6807) in font [lmroman10-regular]:mapping=tex-text;!
Missing character: There is no 优 (U+4F18) in font [lmroman10-regular]:mapping=tex-text;!
Missing character: There is no 化 (U+5316) in font [lmroman10-regular]:mapping=tex-text;!
Missing character: There is no ， (U+FF0C) in font [lmroman10-regular]:mapping=tex-text;!
Missing character: There is no 做 (U+505A) in font [lmroman10-regular]:mapping=tex-text;!
Missing character: There is no 的 (U+7684) in font [lmroman10-regular]:mapping=tex-text;!
Missing character: There is no 是 (U+662F) in font [lmroman10-regular]:mapping=tex-text;!
Missing character: There is no 跨 (U+8DE8) in font [lmroman10-regular]:mapping=tex-text;!
Missing character: There is no 场 (U+573A) in font [lmroman10-regular]:mapping=tex-text;!
Missing character: There is no 景 (U+666F) in font [lmroman10-regular]:mapping=tex-text;!
Missing character: There is no 都 (U+90FD) in font [lmroman10-regular]:mapping=tex-text;!
Missing character: There is no 有 (U+6709) in font [lmroman10-regular]:mapping=tex-text;!
Missing character: There is no 效 (U+6548) in font [lmroman10-regular]:mapping=tex-text;!
Missing character: There is no 的 (U+7684) in font [lmroman10-regular]:mapping=tex-text;!
Missing character: There is no 抑 (U+6291) in font [lmroman10-regular]:mapping=tex-text;!
Missing character: There is no 制 (U+5236) in font [lmroman10-regular]:mapping=tex-text;!
Missing character: There is no 机 (U+673A) in font [lmroman10-regular]:mapping=tex-text;!
Missing character: There is no 制 (U+5236) in font [lmroman10-regular]:mapping=tex-text;!
Missing character: There is no 。 (U+3002) in font [lmroman10-regular]:mapping=tex-text;!
Missing character: There is no 个 (U+4E2A) in font [lmroman10-bold]:mapping=tex-text;!
Missing character: There is no 人 (U+4EBA) in font [lmroman10-bold]:mapping=tex-text;!
Missing character: There is no 感 (U+611F) in font [lmroman10-bold]:mapping=tex-text;!
Missing character: There is no 觉 (U+89C9) in font [lmroman10-bold]:mapping=tex-text;!
Missing character: There is no 还 (U+8FD8) in font [lmroman10-bold]:mapping=tex-text;!
Missing character: There is no 有 (U+6709) in font [lmroman10-bold]:mapping=tex-text;!
Missing character: There is no 一 (U+4E00) in font [lmroman10-bold]:mapping=tex-text;!
Missing character: There is no 个 (U+4E2A) in font [lmroman10-bold]:mapping=tex-text;!
Missing character: There is no 比 (U+6BD4) in font [lmroman10-bold]:mapping=tex-text;!
Missing character: There is no 较 (U+8F83) in font [lmroman10-bold]:mapping=tex-text;!
Missing character: There is no 重 (U+91CD) in font [lmroman10-bold]:mapping=tex-text;!
Missing character: There is no 要 (U+8981) in font [lmroman10-bold]:mapping=tex-text;!
Missing character: There is no 的 (U+7684) in font [lmroman10-bold]:mapping=tex-text;!
Missing character: There is no 是 (U+662F) in font [lmroman10-bold]:mapping=tex-text;!
Missing character: There is no 把 (U+628A) in font [lmroman10-bold]:mapping=tex-text;!
Missing character: There is no 可 (U+53EF) in font [lmroman10-bold]:mapping=tex-text;!
Missing character: There is no 观 (U+89C2) in font [lmroman10-bold]:mapping=tex-text;!
Missing character: There is no 测 (U+6D4B) in font [lmroman10-bold]:mapping=tex-text;!
Missing character: There is no 信 (U+4FE1) in font [lmroman10-bold]:mapping=tex-text;!
Missing character: There is no 号 (U+53F7) in font [lmroman10-bold]:mapping=tex-text;!
Missing character: There is no 变 (U+53D8) in font [lmroman10-bold]:mapping=tex-text;!
Missing character: There is no 成 (U+6210) in font [lmroman10-bold]:mapping=tex-text;!
Missing character: There is no 只 (U+53EA) in font [lmroman10-bold]:mapping=tex-text;!
Missing character: There is no 对 (U+5BF9) in font [lmroman10-bold]:mapping=tex-text;!
Missing character: There is no 目 (U+76EE) in font [lmroman10-bold]:mapping=tex-text;!
Missing character: There is no 标 (U+6807) in font [lmroman10-bold]:mapping=tex-text;!
Missing character: There is no 状 (U+72B6) in font [lmroman10-bold]:mapping=tex-text;!
Missing character: There is no 态 (U+6001) in font [lmroman10-bold]:mapping=tex-text;!
Missing character: There is no 敏 (U+654F) in font [lmroman10-bold]:mapping=tex-text;!
Missing character: There is no 感 (U+611F) in font [lmroman10-bold]:mapping=tex-text;!
Missing character: There is no 的 (U+7684) in font [lmroman10-bold]:mapping=tex-text;!
Missing character: There is no 表 (U+8868) in font [lmroman10-bold]:mapping=tex-text;!
Missing character: There is no 征 (U+5F81) in font [lmroman10-bold]:mapping=tex-text;!
Missing character: There is no ， (U+FF0C) in font [lmroman10-bold]:mapping=tex-text;!
Missing character: There is no 也 (U+4E5F) in font [lmroman10-bold]:mapping=tex-text;!
Missing character: There is no 就 (U+5C31) in font [lmroman10-bold]:mapping=tex-text;!
Missing character: There is no 是 (U+662F) in font [lmroman10-bold]:mapping=tex-text;!
Missing character: There is no 怎 (U+600E) in font [lmroman10-bold]:mapping=tex-text;!
Missing character: There is no 么 (U+4E48) in font [lmroman10-bold]:mapping=tex-text;!
Missing character: There is no 消 (U+6D88) in font [lmroman10-bold]:mapping=tex-text;!
Missing character: There is no 除 (U+9664) in font [lmroman10-bold]:mapping=tex-text;!
Missing character: There is no 或 (U+6216) in font [lmroman10-bold]:mapping=tex-text;!
Missing character: There is no 者 (U+8005) in font [lmroman10-bold]:mapping=tex-text;!
Missing character: There is no 绕 (U+7ED5) in font [lmroman10-bold]:mapping=tex-text;!
Missing character: There is no 开 (U+5F00) in font [lmroman10-bold]:mapping=tex-text;!
Missing character: There is no 静 (U+9759) in font [lmroman10-bold]:mapping=tex-text;!
Missing character: There is no 态 (U+6001) in font [lmroman10-bold]:mapping=tex-text;!
Missing character: There is no （ (U+FF08) in font [lmroman10-bold]:mapping=tex-text;!
Missing character: There is no ） (U+FF09) in font [lmroman10-bold]:mapping=tex-text;!
Missing character: There is no 提 (U+63D0) in font [lmroman10-bold]:mapping=tex-text;!
Missing character: There is no 取 (U+53D6) in font [lmroman10-bold]:mapping=tex-text;!
Missing character: There is no 动 (U+52A8) in font [lmroman10-bold]:mapping=tex-text;!
Missing character: There is no 态 (U+6001) in font [lmroman10-bold]:mapping=tex-text;!
Missing character: There is no ， (U+FF0C) in font [lmroman10-bold]:mapping=tex-text;!
Missing character: There is no 并 (U+5E76) in font [lmroman10-bold]:mapping=tex-text;!
Missing character: There is no 且 (U+4E14) in font [lmroman10-bold]:mapping=tex-text;!
Missing character: There is no 提 (U+63D0) in font [lmroman10-bold]:mapping=tex-text;!
Missing character: There is no 高 (U+9AD8) in font [lmroman10-bold]:mapping=tex-text;!
Missing character: There is no 提 (U+63D0) in font [lmroman10-bold]:mapping=tex-text;!
Missing character: There is no 取 (U+53D6) in font [lmroman10-bold]:mapping=tex-text;!
Missing character: There is no 精 (U+7CBE) in font [lmroman10-bold]:mapping=tex-text;!
Missing character: There is no 度 (U+5EA6) in font [lmroman10-bold]:mapping=tex-text;!
Missing character: There is no 静 (U+9759) in font [lmroman10-bold]:mapping=tex-text;!
Missing character: There is no 态 (U+6001) in font [lmroman10-bold]:mapping=tex-text;!
Missing character: There is no 与 (U+4E0E) in font [lmroman10-bold]:mapping=tex-text;!
Missing character: There is no 动 (U+52A8) in font [lmroman10-bold]:mapping=tex-text;!
Missing character: There is no 态 (U+6001) in font [lmroman10-bold]:mapping=tex-text;!
Missing character: There is no 静 (U+9759) in font [lmroman10-bold]:mapping=tex-text;!
Missing character: There is no 态 (U+6001) in font [lmroman10-bold]:mapping=tex-text;!
Missing character: There is no 静 (U+9759) in font [lmroman10-regular]:mapping=tex-text;!
Missing character: There is no 态 (U+6001) in font [lmroman10-regular]:mapping=tex-text;!
Missing character: There is no 分 (U+5206) in font [lmroman10-regular]:mapping=tex-text;!
Missing character: There is no 量 (U+91CF) in font [lmroman10-regular]:mapping=tex-text;!
Missing character: There is no 是 (U+662F) in font [lmroman10-regular]:mapping=tex-text;!
Missing character: There is no 指 (U+6307) in font [lmroman10-regular]:mapping=tex-text;!
Missing character: There is no 无 (U+65E0) in font [lmroman10-regular]:mapping=tex-text;!
Missing character: There is no 线 (U+7EBF) in font [lmroman10-regular]:mapping=tex-text;!
Missing character: There is no 信 (U+4FE1) in font [lmroman10-regular]:mapping=tex-text;!
Missing character: There is no 号 (U+53F7) in font [lmroman10-regular]:mapping=tex-text;!
Missing character: There is no 在 (U+5728) in font [lmroman10-regular]:mapping=tex-text;!
Missing character: There is no 传 (U+4F20) in font [lmroman10-regular]:mapping=tex-text;!
Missing character: There is no 播 (U+64AD) in font [lmroman10-regular]:mapping=tex-text;!
Missing character: There is no 过 (U+8FC7) in font [lmroman10-regular]:mapping=tex-text;!
Missing character: There is no 程 (U+7A0B) in font [lmroman10-regular]:mapping=tex-text;!
Missing character: There is no 中 (U+4E2D) in font [lmroman10-regular]:mapping=tex-text;!
Missing character: There is no ， (U+FF0C) in font [lmroman10-regular]:mapping=tex-text;!
Missing character: There is no 被 (U+88AB) in font [lmroman10-regular]:mapping=tex-text;!
Missing character: There is no 固 (U+56FA) in font [lmroman10-bold]:mapping=tex-text;!
Missing character: There is no 定 (U+5B9A) in font [lmroman10-bold]:mapping=tex-text;!
Missing character: There is no 不 (U+4E0D) in font [lmroman10-bold]:mapping=tex-text;!
Missing character: There is no 动 (U+52A8) in font [lmroman10-bold]:mapping=tex-text;!
Missing character: There is no 的 (U+7684) in font [lmroman10-regular]:mapping=tex-text;!
Missing character: There is no 物 (U+7269) in font [lmroman10-regular]:mapping=tex-text;!
Missing character: There is no 体 (U+4F53) in font [lmroman10-regular]:mapping=tex-text;!
Missing character: There is no 反 (U+53CD) in font [lmroman10-regular]:mapping=tex-text;!
Missing character: There is no 射 (U+5C04) in font [lmroman10-regular]:mapping=tex-text;!
Missing character: There is no 或 (U+6216) in font [lmroman10-regular]:mapping=tex-text;!
Missing character: There is no 散 (U+6563) in font [lmroman10-regular]:mapping=tex-text;!
Missing character: There is no 射 (U+5C04) in font [lmroman10-regular]:mapping=tex-text;!
Missing character: There is no 产 (U+4EA7) in font [lmroman10-regular]:mapping=tex-text;!
Missing character: There is no 生 (U+751F) in font [lmroman10-regular]:mapping=tex-text;!
Missing character: There is no 的 (U+7684) in font [lmroman10-regular]:mapping=tex-text;!
Missing character: There is no 信 (U+4FE1) in font [lmroman10-regular]:mapping=tex-text;!
Missing character: There is no 号 (U+53F7) in font [lmroman10-regular]:mapping=tex-text;!
Missing character: There is no 部 (U+90E8) in font [lmroman10-regular]:mapping=tex-text;!
Missing character: There is no 分 (U+5206) in font [lmroman10-regular]:mapping=tex-text;!
Missing character: There is no 。 (U+3002) in font [lmroman10-regular]:mapping=tex-text;!
Missing character: There is no 物 (U+7269) in font [lmroman10-bold]:mapping=tex-text;!
Missing character: There is no 理 (U+7406) in font [lmroman10-bold]:mapping=tex-text;!
Missing character: There is no 来 (U+6765) in font [lmroman10-bold]:mapping=tex-text;!
Missing character: There is no 源 (U+6E90) in font [lmroman10-bold]:mapping=tex-text;!
Missing character: There is no ： (U+FF1A) in font [lmroman10-bold]:mapping=tex-text;!
Missing character: There is no 墙 (U+5899) in font [lmroman10-regular]:mapping=tex-text;!
Missing character: There is no 壁 (U+58C1) in font [lmroman10-regular]:mapping=tex-text;!
Missing character: There is no 、 (U+3001) in font [lmroman10-regular]:mapping=tex-text;!
Missing character: There is no 天 (U+5929) in font [lmroman10-regular]:mapping=tex-text;!
Missing character: There is no 花 (U+82B1) in font [lmroman10-regular]:mapping=tex-text;!
Missing character: There is no 板 (U+677F) in font [lmroman10-regular]:mapping=tex-text;!
Missing character: There is no 、 (U+3001) in font [lmroman10-regular]:mapping=tex-text;!
Missing character: There is no 地 (U+5730) in font [lmroman10-regular]:mapping=tex-text;!
Missing character: There is no 板 (U+677F) in font [lmroman10-regular]:mapping=tex-text;!
Missing character: There is no 、 (U+3001) in font [lmroman10-regular]:mapping=tex-text;!
Missing character: There is no 静 (U+9759) in font [lmroman10-regular]:mapping=tex-text;!
Missing character: There is no 止 (U+6B62) in font [lmroman10-regular]:mapping=tex-text;!
Missing character: There is no 的 (U+7684) in font [lmroman10-regular]:mapping=tex-text;!
Missing character: There is no 家 (U+5BB6) in font [lmroman10-regular]:mapping=tex-text;!
Missing character: There is no 具 (U+5177) in font [lmroman10-regular]:mapping=tex-text;!
Missing character: There is no （ (U+FF08) in font [lmroman10-regular]:mapping=tex-text;!
Missing character: There is no 如 (U+5982) in font [lmroman10-regular]:mapping=tex-text;!
Missing character: There is no 桌 (U+684C) in font [lmroman10-regular]:mapping=tex-text;!
Missing character: There is no 椅 (U+6905) in font [lmroman10-regular]:mapping=tex-text;!
Missing character: There is no 、 (U+3001) in font [lmroman10-regular]:mapping=tex-text;!
Missing character: There is no 柜 (U+67DC) in font [lmroman10-regular]:mapping=tex-text;!
Missing character: There is no 子 (U+5B50) in font [lmroman10-regular]:mapping=tex-text;!
Missing character: There is no ） (U+FF09) in font [lmroman10-regular]:mapping=tex-text;!
Missing character: There is no 。 (U+3002) in font [lmroman10-regular]:mapping=tex-text;!
Missing character: There is no 在 (U+5728) in font [lmroman10-bold]:mapping=tex-text;!
Missing character: There is no 信 (U+4FE1) in font [lmroman10-bold]:mapping=tex-text;!
Missing character: There is no 号 (U+53F7) in font [lmroman10-bold]:mapping=tex-text;!
Missing character: There is no 中 (U+4E2D) in font [lmroman10-bold]:mapping=tex-text;!
Missing character: There is no 的 (U+7684) in font [lmroman10-bold]:mapping=tex-text;!
Missing character: There is no 表 (U+8868) in font [lmroman10-bold]:mapping=tex-text;!
Missing character: There is no 现 (U+73B0) in font [lmroman10-bold]:mapping=tex-text;!
Missing character: There is no ： (U+FF1A) in font [lmroman10-bold]:mapping=tex-text;!
Missing character: There is no 在 (U+5728) in font [lmroman10-regular]:mapping=tex-text;!
Missing character: There is no 数 (U+6570) in font [lmroman10-regular]:mapping=tex-text;!
Missing character: There is no 据 (U+636E) in font [lmroman10-regular]:mapping=tex-text;!
Missing character: There is no 中 (U+4E2D) in font [lmroman10-regular]:mapping=tex-text;!
Missing character: There is no ， (U+FF0C) in font [lmroman10-regular]:mapping=tex-text;!
Missing character: There is no 静 (U+9759) in font [lmroman10-regular]:mapping=tex-text;!
Missing character: There is no 态 (U+6001) in font [lmroman10-regular]:mapping=tex-text;!
Missing character: There is no 分 (U+5206) in font [lmroman10-regular]:mapping=tex-text;!
Missing character: There is no 量 (U+91CF) in font [lmroman10-regular]:mapping=tex-text;!
Missing character: There is no 通 (U+901A) in font [lmroman10-regular]:mapping=tex-text;!
Missing character: There is no 常 (U+5E38) in font [lmroman10-regular]:mapping=tex-text;!
Missing character: There is no 表 (U+8868) in font [lmroman10-regular]:mapping=tex-text;!
Missing character: There is no 现 (U+73B0) in font [lmroman10-regular]:mapping=tex-text;!
Missing character: There is no 为 (U+4E3A) in font [lmroman10-regular]:mapping=tex-text;!
Missing character: There is no 恒 (U+6052) in font [lmroman10-bold]:mapping=tex-text;!
Missing character: There is no 定 (U+5B9A) in font [lmroman10-bold]:mapping=tex-text;!
Missing character: There is no 或 (U+6216) in font [lmroman10-bold]:mapping=tex-text;!
Missing character: There is no 极 (U+6781) in font [lmroman10-bold]:mapping=tex-text;!
Missing character: There is no 缓 (U+7F13) in font [lmroman10-bold]:mapping=tex-text;!
Missing character: There is no 慢 (U+6162) in font [lmroman10-bold]:mapping=tex-text;!
Missing character: There is no 变 (U+53D8) in font [lmroman10-bold]:mapping=tex-text;!
Missing character: There is no 化 (U+5316) in font [lmroman10-bold]:mapping=tex-text;!
Missing character: There is no 的 (U+7684) in font [lmroman10-regular]:mapping=tex-text;!
Missing character: There is no 幅 (U+5E45) in font [lmroman10-regular]:mapping=tex-text;!
Missing character: There is no 度 (U+5EA6) in font [lmroman10-regular]:mapping=tex-text;!
Missing character: There is no 和 (U+548C) in font [lmroman10-regular]:mapping=tex-text;!
Missing character: There is no 相 (U+76F8) in font [lmroman10-regular]:mapping=tex-text;!
Missing character: There is no 位 (U+4F4D) in font [lmroman10-regular]:mapping=tex-text;!
Missing character: There is no 。 (U+3002) in font [lmroman10-regular]:mapping=tex-text;!
Missing character: There is no 在 (U+5728) in font [lmroman10-bold]:mapping=tex-text;!
Missing character: There is no 感 (U+611F) in font [lmroman10-bold]:mapping=tex-text;!
Missing character: There is no 知 (U+77E5) in font [lmroman10-bold]:mapping=tex-text;!
Missing character: There is no 中 (U+4E2D) in font [lmroman10-bold]:mapping=tex-text;!
Missing character: There is no 的 (U+7684) in font [lmroman10-bold]:mapping=tex-text;!
Missing character: There is no 角 (U+89D2) in font [lmroman10-bold]:mapping=tex-text;!
Missing character: There is no 色 (U+8272) in font [lmroman10-bold]:mapping=tex-text;!
Missing character: There is no ： (U+FF1A) in font [lmroman10-bold]:mapping=tex-text;!
Missing character: There is no 背 (U+80CC) in font [lmroman10-bold]:mapping=tex-text;!
Missing character: There is no 景 (U+666F) in font [lmroman10-bold]:mapping=tex-text;!
Missing character: There is no 背 (U+80CC) in font [lmroman10-bold]:mapping=tex-text;!
Missing character: There is no 景 (U+666F) in font [lmroman10-bold]:mapping=tex-text;!
Missing character: There is no 背 (U+80CC) in font [lmroman10-bold]:mapping=tex-text;!
Missing character: There is no 景 (U+666F) in font [lmroman10-bold]:mapping=tex-text;!
Missing character: There is no 噪 (U+566A) in font [lmroman10-bold]:mapping=tex-text;!
Missing character: There is no 声 (U+58F0) in font [lmroman10-bold]:mapping=tex-text;!
Missing character: There is no ： (U+FF1A) in font [lmroman10-bold]:mapping=tex-text;!
Missing character: There is no 对 (U+5BF9) in font [lmroman10-regular]:mapping=tex-text;!
Missing character: There is no 于 (U+4E8E) in font [lmroman10-regular]:mapping=tex-text;!
Missing character: There is no 识 (U+8BC6) in font [lmroman10-regular]:mapping=tex-text;!
Missing character: There is no 别 (U+522B) in font [lmroman10-regular]:mapping=tex-text;!
Missing character: There is no 人 (U+4EBA) in font [lmroman10-regular]:mapping=tex-text;!
Missing character: There is no 体 (U+4F53) in font [lmroman10-regular]:mapping=tex-text;!
Missing character: There is no 动 (U+52A8) in font [lmroman10-regular]:mapping=tex-text;!
Missing character: There is no 作 (U+4F5C) in font [lmroman10-regular]:mapping=tex-text;!
Missing character: There is no 的 (U+7684) in font [lmroman10-regular]:mapping=tex-text;!
Missing character: There is no 任 (U+4EFB) in font [lmroman10-regular]:mapping=tex-text;!
Missing character: There is no 务 (U+52A1) in font [lmroman10-regular]:mapping=tex-text;!
Missing character: There is no ， (U+FF0C) in font [lmroman10-regular]:mapping=tex-text;!
Missing character: There is no 静 (U+9759) in font [lmroman10-regular]:mapping=tex-text;!
Missing character: There is no 态 (U+6001) in font [lmroman10-regular]:mapping=tex-text;!
Missing character: There is no 分 (U+5206) in font [lmroman10-regular]:mapping=tex-text;!
Missing character: There is no 量 (U+91CF) in font [lmroman10-regular]:mapping=tex-text;!
Missing character: There is no 是 (U+662F) in font [lmroman10-regular]:mapping=tex-text;!
Missing character: There is no 干 (U+5E72) in font [lmroman10-regular]:mapping=tex-text;!
Missing character: There is no 扰 (U+6270) in font [lmroman10-regular]:mapping=tex-text;!
Missing character: There is no ， (U+FF0C) in font [lmroman10-regular]:mapping=tex-text;!
Missing character: There is no 被 (U+88AB) in font [lmroman10-regular]:mapping=tex-text;!
Missing character: There is no 称 (U+79F0) in font [lmroman10-regular]:mapping=tex-text;!
Missing character: There is no 为 (U+4E3A) in font [lmroman10-regular]:mapping=tex-text;!
Missing character: There is no 背 (U+80CC) in font [lmroman10-regular]:mapping=tex-text;!
Missing character: There is no 景 (U+666F) in font [lmroman10-regular]:mapping=tex-text;!
Missing character: There is no 多 (U+591A) in font [lmroman10-regular]:mapping=tex-text;!
Missing character: There is no 径 (U+5F84) in font [lmroman10-regular]:mapping=tex-text;!
Missing character: There is no ， (U+FF0C) in font [lmroman10-regular]:mapping=tex-text;!
Missing character: There is no 需 (U+9700) in font [lmroman10-regular]:mapping=tex-text;!
Missing character: There is no 要 (U+8981) in font [lmroman10-regular]:mapping=tex-text;!
Missing character: There is no 通 (U+901A) in font [lmroman10-regular]:mapping=tex-text;!
Missing character: There is no 过 (U+8FC7) in font [lmroman10-regular]:mapping=tex-text;!
Missing character: There is no 高 (U+9AD8) in font [lmroman10-regular]:mapping=tex-text;!
Missing character: There is no 通 (U+901A) in font [lmroman10-regular]:mapping=tex-text;!
Missing character: There is no 滤 (U+6EE4) in font [lmroman10-regular]:mapping=tex-text;!
Missing character: There is no 波 (U+6CE2) in font [lmroman10-regular]:mapping=tex-text;!
Missing character: There is no 等 (U+7B49) in font [lmroman10-regular]:mapping=tex-text;!
Missing character: There is no 手 (U+624B) in font [lmroman10-regular]:mapping=tex-text;!
Missing character: There is no 段 (U+6BB5) in font [lmroman10-regular]:mapping=tex-text;!
Missing character: There is no 滤 (U+6EE4) in font [lmroman10-regular]:mapping=tex-text;!
Missing character: There is no 除 (U+9664) in font [lmroman10-regular]:mapping=tex-text;!
Missing character: There is no 。 (U+3002) in font [lmroman10-regular]:mapping=tex-text;!


[7]
Missing character: There is no 感 (U+611F) in font [lmroman10-bold]:mapping=tex-text;!
Missing character: There is no 知 (U+77E5) in font [lmroman10-bold]:mapping=tex-text;!
Missing character: There is no 感 (U+611F) in font [lmroman10-bold]:mapping=tex-text;!
Missing character: There is no 知 (U+77E5) in font [lmroman10-bold]:mapping=tex-text;!
Missing character: There is no 感 (U+611F) in font [lmroman10-bold]:mapping=tex-text;!
Missing character: There is no 知 (U+77E5) in font [lmroman10-bold]:mapping=tex-text;!
Missing character: There is no 目 (U+76EE) in font [lmroman10-bold]:mapping=tex-text;!
Missing character: There is no 标 (U+6807) in font [lmroman10-bold]:mapping=tex-text;!
Missing character: There is no ： (U+FF1A) in font [lmroman10-bold]:mapping=tex-text;!
Missing character: There is no 对 (U+5BF9) in font [lmroman10-regular]:mapping=tex-text;!
Missing character: There is no 于 (U+4E8E) in font [lmroman10-regular]:mapping=tex-text;!
Missing character: There is no 室 (U+5BA4) in font [lmroman10-regular]:mapping=tex-text;!
Missing character: There is no 内 (U+5185) in font [lmroman10-regular]:mapping=tex-text;!
Missing character: There is no 成 (U+6210) in font [lmroman10-regular]:mapping=tex-text;!
Missing character: There is no 像 (U+50CF) in font [lmroman10-regular]:mapping=tex-text;!
Missing character: There is no 或 (U+6216) in font [lmroman10-regular]:mapping=tex-text;!
Missing character: There is no 环 (U+73AF) in font [lmroman10-regular]:mapping=tex-text;!
Missing character: There is no 境 (U+5883) in font [lmroman10-regular]:mapping=tex-text;!
Missing character: There is no 测 (U+6D4B) in font [lmroman10-regular]:mapping=tex-text;!
Missing character: There is no 绘 (U+7ED8) in font [lmroman10-regular]:mapping=tex-text;!
Missing character: There is no 的 (U+7684) in font [lmroman10-regular]:mapping=tex-text;!
Missing character: There is no 任 (U+4EFB) in font [lmroman10-regular]:mapping=tex-text;!
Missing character: There is no 务 (U+52A1) in font [lmroman10-regular]:mapping=tex-text;!
Missing character: There is no ， (U+FF0C) in font [lmroman10-regular]:mapping=tex-text;!
Missing character: There is no 静 (U+9759) in font [lmroman10-regular]:mapping=tex-text;!
Missing character: There is no 态 (U+6001) in font [lmroman10-regular]:mapping=tex-text;!
Missing character: There is no 分 (U+5206) in font [lmroman10-regular]:mapping=tex-text;!
Missing character: There is no 量 (U+91CF) in font [lmroman10-regular]:mapping=tex-text;!
Missing character: There is no 则 (U+5219) in font [lmroman10-regular]:mapping=tex-text;!
Missing character: There is no 是 (U+662F) in font [lmroman10-regular]:mapping=tex-text;!
Missing character: There is no 核 (U+6838) in font [lmroman10-regular]:mapping=tex-text;!
Missing character: There is no 心 (U+5FC3) in font [lmroman10-regular]:mapping=tex-text;!
Missing character: There is no ， (U+FF0C) in font [lmroman10-regular]:mapping=tex-text;!
Missing character: There is no 用 (U+7528) in font [lmroman10-regular]:mapping=tex-text;!
Missing character: There is no 来 (U+6765) in font [lmroman10-regular]:mapping=tex-text;!
Missing character: There is no 勾 (U+52FE) in font [lmroman10-regular]:mapping=tex-text;!
Missing character: There is no 勒 (U+52D2) in font [lmroman10-regular]:mapping=tex-text;!
Missing character: There is no 出 (U+51FA) in font [lmroman10-regular]:mapping=tex-text;!
Missing character: There is no 房 (U+623F) in font [lmroman10-regular]:mapping=tex-text;!
Missing character: There is no 间 (U+95F4) in font [lmroman10-regular]:mapping=tex-text;!
Missing character: There is no 的 (U+7684) in font [lmroman10-regular]:mapping=tex-text;!
Missing character: There is no 轮 (U+8F6E) in font [lmroman10-regular]:mapping=tex-text;!
Missing character: There is no 廓 (U+5ED3) in font [lmroman10-regular]:mapping=tex-text;!
Missing character: There is no 。 (U+3002) in font [lmroman10-regular]:mapping=tex-text;!
Missing character: There is no 动 (U+52A8) in font [lmroman10-bold]:mapping=tex-text;!
Missing character: There is no 态 (U+6001) in font [lmroman10-bold]:mapping=tex-text;!
Missing character: There is no 动 (U+52A8) in font [lmroman10-regular]:mapping=tex-text;!
Missing character: There is no 态 (U+6001) in font [lmroman10-regular]:mapping=tex-text;!
Missing character: There is no 分 (U+5206) in font [lmroman10-regular]:mapping=tex-text;!
Missing character: There is no 量 (U+91CF) in font [lmroman10-regular]:mapping=tex-text;!
Missing character: There is no 是 (U+662F) in font [lmroman10-regular]:mapping=tex-text;!
Missing character: There is no 指 (U+6307) in font [lmroman10-regular]:mapping=tex-text;!
Missing character: There is no 由 (U+7531) in font [lmroman10-regular]:mapping=tex-text;!
Missing character: There is no 于 (U+4E8E) in font [lmroman10-regular]:mapping=tex-text;!
Missing character: There is no 物 (U+7269) in font [lmroman10-bold]:mapping=tex-text;!
Missing character: There is no 体 (U+4F53) in font [lmroman10-bold]:mapping=tex-text;!
Missing character: There is no 移 (U+79FB) in font [lmroman10-bold]:mapping=tex-text;!
Missing character: There is no 动 (U+52A8) in font [lmroman10-bold]:mapping=tex-text;!
Missing character: There is no 而 (U+800C) in font [lmroman10-regular]:mapping=tex-text;!
Missing character: There is no 引 (U+5F15) in font [lmroman10-regular]:mapping=tex-text;!
Missing character: There is no 起 (U+8D77) in font [lmroman10-regular]:mapping=tex-text;!
Missing character: There is no 信 (U+4FE1) in font [lmroman10-regular]:mapping=tex-text;!
Missing character: There is no 号 (U+53F7) in font [lmroman10-regular]:mapping=tex-text;!
Missing character: There is no 变 (U+53D8) in font [lmroman10-regular]:mapping=tex-text;!
Missing character: There is no 化 (U+5316) in font [lmroman10-regular]:mapping=tex-text;!
Missing character: There is no 的 (U+7684) in font [lmroman10-regular]:mapping=tex-text;!
Missing character: There is no 特 (U+7279) in font [lmroman10-regular]:mapping=tex-text;!
Missing character: There is no 征 (U+5F81) in font [lmroman10-regular]:mapping=tex-text;!
Missing character: There is no 。 (U+3002) in font [lmroman10-regular]:mapping=tex-text;!
Missing character: There is no 物 (U+7269) in font [lmroman10-bold]:mapping=tex-text;!
Missing character: There is no 理 (U+7406) in font [lmroman10-bold]:mapping=tex-text;!
Missing character: There is no 来 (U+6765) in font [lmroman10-bold]:mapping=tex-text;!
Missing character: There is no 源 (U+6E90) in font [lmroman10-bold]:mapping=tex-text;!
Missing character: There is no ： (U+FF1A) in font [lmroman10-bold]:mapping=tex-text;!
Missing character: There is no 走 (U+8D70) in font [lmroman10-regular]:mapping=tex-text;!
Missing character: There is no 动 (U+52A8) in font [lmroman10-regular]:mapping=tex-text;!
Missing character: There is no 的 (U+7684) in font [lmroman10-regular]:mapping=tex-text;!
Missing character: There is no 人 (U+4EBA) in font [lmroman10-regular]:mapping=tex-text;!
Missing character: There is no 、 (U+3001) in font [lmroman10-regular]:mapping=tex-text;!
Missing character: There is no 挥 (U+6325) in font [lmroman10-regular]:mapping=tex-text;!
Missing character: There is no 动 (U+52A8) in font [lmroman10-regular]:mapping=tex-text;!
Missing character: There is no 的 (U+7684) in font [lmroman10-regular]:mapping=tex-text;!
Missing character: There is no 手 (U+624B) in font [lmroman10-regular]:mapping=tex-text;!
Missing character: There is no 臂 (U+81C2) in font [lmroman10-regular]:mapping=tex-text;!
Missing character: There is no 、 (U+3001) in font [lmroman10-regular]:mapping=tex-text;!
Missing character: There is no 甚 (U+751A) in font [lmroman10-regular]:mapping=tex-text;!
Missing character: There is no 至 (U+81F3) in font [lmroman10-regular]:mapping=tex-text;!
Missing character: There is no 呼 (U+547C) in font [lmroman10-regular]:mapping=tex-text;!
Missing character: There is no 吸 (U+5438) in font [lmroman10-regular]:mapping=tex-text;!
Missing character: There is no 时 (U+65F6) in font [lmroman10-regular]:mapping=tex-text;!
Missing character: There is no 胸 (U+80F8) in font [lmroman10-regular]:mapping=tex-text;!
Missing character: There is no 廓 (U+5ED3) in font [lmroman10-regular]:mapping=tex-text;!
Missing character: There is no 的 (U+7684) in font [lmroman10-regular]:mapping=tex-text;!
Missing character: There is no 起 (U+8D77) in font [lmroman10-regular]:mapping=tex-text;!
Missing character: There is no 伏 (U+4F0F) in font [lmroman10-regular]:mapping=tex-text;!
Missing character: There is no 。 (U+3002) in font [lmroman10-regular]:mapping=tex-text;!
Missing character: There is no 在 (U+5728) in font [lmroman10-bold]:mapping=tex-text;!
Missing character: There is no 信 (U+4FE1) in font [lmroman10-bold]:mapping=tex-text;!
Missing character: There is no 号 (U+53F7) in font [lmroman10-bold]:mapping=tex-text;!
Missing character: There is no 中 (U+4E2D) in font [lmroman10-bold]:mapping=tex-text;!
Missing character: There is no 的 (U+7684) in font [lmroman10-bold]:mapping=tex-text;!
Missing character: There is no 表 (U+8868) in font [lmroman10-bold]:mapping=tex-text;!
Missing character: There is no 现 (U+73B0) in font [lmroman10-bold]:mapping=tex-text;!
Missing character: There is no ： (U+FF1A) in font [lmroman10-bold]:mapping=tex-text;!
Missing character: There is no 产 (U+4EA7) in font [lmroman10-regular]:mapping=tex-text;!
Missing character: There is no 生 (U+751F) in font [lmroman10-regular]:mapping=tex-text;!
Missing character: There is no 多 (U+591A) in font [lmroman10-bold]:mapping=tex-text;!
Missing character: There is no 普 (U+666E) in font [lmroman10-bold]:mapping=tex-text;!
Missing character: There is no 勒 (U+52D2) in font [lmroman10-bold]:mapping=tex-text;!
Missing character: There is no 频 (U+9891) in font [lmroman10-bold]:mapping=tex-text;!
Missing character: There is no 移 (U+79FB) in font [lmroman10-bold]:mapping=tex-text;!
Missing character: There is no （ (U+FF08) in font [lmroman10-bold]:mapping=tex-text;!
Missing character: There is no ） (U+FF09) in font [lmroman10-bold]:mapping=tex-text;!
Missing character: There is no 。 (U+3002) in font [lmroman10-regular]:mapping=tex-text;!
Missing character: There is no 在 (U+5728) in font [lmroman10-regular]:mapping=tex-text;!
Missing character: There is no 时 (U+65F6) in font [lmroman10-regular]:mapping=tex-text;!
Missing character: There is no 序 (U+5E8F) in font [lmroman10-regular]:mapping=tex-text;!
Missing character: There is no 数 (U+6570) in font [lmroman10-regular]:mapping=tex-text;!
Missing character: There is no 据 (U+636E) in font [lmroman10-regular]:mapping=tex-text;!
Missing character: There is no 中 (U+4E2D) in font [lmroman10-regular]:mapping=tex-text;!
Missing character: There is no ， (U+FF0C) in font [lmroman10-regular]:mapping=tex-text;!
Missing character: There is no 动 (U+52A8) in font [lmroman10-regular]:mapping=tex-text;!
Missing character: There is no 态 (U+6001) in font [lmroman10-regular]:mapping=tex-text;!
Missing character: There is no 分 (U+5206) in font [lmroman10-regular]:mapping=tex-text;!
Missing character: There is no 量 (U+91CF) in font [lmroman10-regular]:mapping=tex-text;!
Missing character: There is no 表 (U+8868) in font [lmroman10-regular]:mapping=tex-text;!
Missing character: There is no 现 (U+73B0) in font [lmroman10-regular]:mapping=tex-text;!
Missing character: There is no 为 (U+4E3A) in font [lmroman10-regular]:mapping=tex-text;!
Missing character: There is no 快 (U+5FEB) in font [lmroman10-regular]:mapping=tex-text;!
Missing character: There is no 速 (U+901F) in font [lmroman10-regular]:mapping=tex-text;!
Missing character: There is no 波 (U+6CE2) in font [lmroman10-regular]:mapping=tex-text;!
Missing character: There is no 动 (U+52A8) in font [lmroman10-regular]:mapping=tex-text;!
Missing character: There is no 的 (U+7684) in font [lmroman10-regular]:mapping=tex-text;!
Missing character: There is no 正 (U+6B63) in font [lmroman10-regular]:mapping=tex-text;!
Missing character: There is no 弦 (U+5F26) in font [lmroman10-regular]:mapping=tex-text;!
Missing character: There is no 规 (U+89C4) in font [lmroman10-regular]:mapping=tex-text;!
Missing character: There is no 律 (U+5F8B) in font [lmroman10-regular]:mapping=tex-text;!
Missing character: There is no 或 (U+6216) in font [lmroman10-regular]:mapping=tex-text;!
Missing character: There is no 复 (U+590D) in font [lmroman10-regular]:mapping=tex-text;!
Missing character: There is no 杂 (U+6742) in font [lmroman10-regular]:mapping=tex-text;!
Missing character: There is no 的 (U+7684) in font [lmroman10-regular]:mapping=tex-text;!
Missing character: There is no 相 (U+76F8) in font [lmroman10-regular]:mapping=tex-text;!
Missing character: There is no 位 (U+4F4D) in font [lmroman10-regular]:mapping=tex-text;!
Missing character: There is no 偏 (U+504F) in font [lmroman10-regular]:mapping=tex-text;!
Missing character: There is no 移 (U+79FB) in font [lmroman10-regular]:mapping=tex-text;!
Missing character: There is no 。 (U+3002) in font [lmroman10-regular]:mapping=tex-text;!
Missing character: There is no 在 (U+5728) in font [lmroman10-bold]:mapping=tex-text;!
Missing character: There is no 感 (U+611F) in font [lmroman10-bold]:mapping=tex-text;!
Missing character: There is no 知 (U+77E5) in font [lmroman10-bold]:mapping=tex-text;!
Missing character: There is no 中 (U+4E2D) in font [lmroman10-bold]:mapping=tex-text;!
Missing character: There is no 的 (U+7684) in font [lmroman10-bold]:mapping=tex-text;!
Missing character: There is no 角 (U+89D2) in font [lmroman10-bold]:mapping=tex-text;!
Missing character: There is no 色 (U+8272) in font [lmroman10-bold]:mapping=tex-text;!
Missing character: There is no ： (U+FF1A) in font [lmroman10-bold]:mapping=tex-text;!
Missing character: There is no 是 (U+662F) in font [lmroman10-regular]:mapping=tex-text;!
Missing character: There is no 行 (U+884C) in font [lmroman10-regular]:mapping=tex-text;!
Missing character: There is no 为 (U+4E3A) in font [lmroman10-regular]:mapping=tex-text;!
Missing character: There is no 识 (U+8BC6) in font [lmroman10-regular]:mapping=tex-text;!
Missing character: There is no 别 (U+522B) in font [lmroman10-regular]:mapping=tex-text;!
Missing character: There is no （ (U+FF08) in font [lmroman10-regular]:mapping=tex-text;!
Missing character: There is no 语 (U+8BED) in font [lmroman10-regular]:mapping=tex-text;!
Missing character: There is no 义 (U+4E49) in font [lmroman10-regular]:mapping=tex-text;!
Missing character: There is no 任 (U+4EFB) in font [lmroman10-regular]:mapping=tex-text;!
Missing character: There is no 务 (U+52A1) in font [lmroman10-regular]:mapping=tex-text;!
Missing character: There is no ） (U+FF09) in font [lmroman10-regular]:mapping=tex-text;!
Missing character: There is no 的 (U+7684) in font [lmroman10-regular]:mapping=tex-text;!
Missing character: There is no 关 (U+5173) in font [lmroman10-regular]:mapping=tex-text;!
Missing character: There is no 键 (U+952E) in font [lmroman10-regular]:mapping=tex-text;!
Missing character: There is no 。 (U+3002) in font [lmroman10-regular]:mapping=tex-text;!
Missing character: There is no 我 (U+6211) in font [lmroman10-regular]:mapping=tex-text;!
Missing character: There is no 们 (U+4EEC) in font [lmroman10-regular]:mapping=tex-text;!
Missing character: There is no 提 (U+63D0) in font [lmroman10-regular]:mapping=tex-text;!
Missing character: There is no 取 (U+53D6) in font [lmroman10-regular]:mapping=tex-text;!
Missing character: There is no 的 (U+7684) in font [lmroman10-regular]:mapping=tex-text;!
Missing character: There is no 中 (U+4E2D) in font [lmroman10-regular]:mapping=tex-text;!
Missing character: There is no 间 (U+95F4) in font [lmroman10-regular]:mapping=tex-text;!
Missing character: There is no 状 (U+72B6) in font [lmroman10-regular]:mapping=tex-text;!
Missing character: There is no 态 (U+6001) in font [lmroman10-regular]:mapping=tex-text;!
Missing character: There is no （ (U+FF08) in font [lmroman10-regular]:mapping=tex-text;!
Missing character: There is no 速 (U+901F) in font [lmroman10-regular]:mapping=tex-text;!
Missing character: There is no 度 (U+5EA6) in font [lmroman10-regular]:mapping=tex-text;!
Missing character: There is no 、 (U+3001) in font [lmroman10-regular]:mapping=tex-text;!
Missing character: There is no 加 (U+52A0) in font [lmroman10-regular]:mapping=tex-text;!
Missing character: There is no 速 (U+901F) in font [lmroman10-regular]:mapping=tex-text;!
Missing character: There is no 度 (U+5EA6) in font [lmroman10-regular]:mapping=tex-text;!
Missing character: There is no ） (U+FF09) in font [lmroman10-regular]:mapping=tex-text;!
Missing character: There is no 本 (U+672C) in font [lmroman10-regular]:mapping=tex-text;!
Missing character: There is no 质 (U+8D28) in font [lmroman10-regular]:mapping=tex-text;!
Missing character: There is no 上 (U+4E0A) in font [lmroman10-regular]:mapping=tex-text;!
Missing character: There is no 都 (U+90FD) in font [lmroman10-regular]:mapping=tex-text;!
Missing character: There is no 是 (U+662F) in font [lmroman10-regular]:mapping=tex-text;!
Missing character: There is no 从 (U+4ECE) in font [lmroman10-regular]:mapping=tex-text;!
Missing character: There is no 动 (U+52A8) in font [lmroman10-regular]:mapping=tex-text;!
Missing character: There is no 态 (U+6001) in font [lmroman10-regular]:mapping=tex-text;!
Missing character: There is no 分 (U+5206) in font [lmroman10-regular]:mapping=tex-text;!
Missing character: There is no 量 (U+91CF) in font [lmroman10-regular]:mapping=tex-text;!
Missing character: There is no 中 (U+4E2D) in font [lmroman10-regular]:mapping=tex-text;!
Missing character: There is no 解 (U+89E3) in font [lmroman10-regular]:mapping=tex-text;!
Missing character: There is no 出 (U+51FA) in font [lmroman10-regular]:mapping=tex-text;!
Missing character: There is no 来 (U+6765) in font [lmroman10-regular]:mapping=tex-text;!
Missing character: There is no 的 (U+7684) in font [lmroman10-regular]:mapping=tex-text;!
Missing character: There is no 。 (U+3002) in font [lmroman10-regular]:mapping=tex-text;!

Underfull \hbox (badness 10000) in paragraph at lines 637--638

 []

Missing character: There is no ： (U+FF1A) in font [lmroman10-bold]:mapping=tex-text;!
Missing character: There is no 显 (U+663E) in font [lmroman10-bold]:mapping=tex-text;!
Missing character: There is no 式 (U+5F0F) in font [lmroman10-bold]:mapping=tex-text;!
Missing character: There is no 的 (U+7684) in font [lmroman10-bold]:mapping=tex-text;!
Missing character: There is no 静 (U+9759) in font [lmroman10-bold]:mapping=tex-text;!
Missing character: There is no 态 (U+6001) in font [lmroman10-bold]:mapping=tex-text;!
Missing character: There is no 动 (U+52A8) in font [lmroman10-bold]:mapping=tex-text;!
Missing character: There is no 态 (U+6001) in font [lmroman10-bold]:mapping=tex-text;!
Missing character: There is no 分 (U+5206) in font [lmroman10-bold]:mapping=tex-text;!
Missing character: There is no 解 (U+89E3) in font [lmroman10-bold]:mapping=tex-text;!
Missing character: There is no 把 (U+628A) in font [lmroman10-regular]:mapping=tex-text;!
Missing character: There is no 把 (U+628A) in font [lmroman10-regular]:mapping=tex-text;!
Missing character: There is no 写 (U+5199) in font [lmroman10-regular]:mapping=tex-text;!
Missing character: There is no 成 (U+6210) in font [lmroman10-regular]:mapping=tex-text;!
Missing character: There is no 静 (U+9759) in font [lmroman10-regular]:mapping=tex-text;!
Missing character: There is no 态 (U+6001) in font [lmroman10-regular]:mapping=tex-text;!
Missing character: There is no 散 (U+6563) in font [lmroman10-regular]:mapping=tex-text;!
Missing character: There is no 射 (U+5C04) in font [lmroman10-regular]:mapping=tex-text;!
Missing character: There is no 与 (U+4E0E) in font [lmroman10-regular]:mapping=tex-text;!
Missing character: There is no 动 (U+52A8) in font [lmroman10-regular]:mapping=tex-text;!
Missing character: There is no 态 (U+6001) in font [lmroman10-regular]:mapping=tex-text;!
Missing character: There is no 散 (U+6563) in font [lmroman10-regular]:mapping=tex-text;!
Missing character: There is no 射 (U+5C04) in font [lmroman10-regular]:mapping=tex-text;!
Missing character: There is no 叠 (U+53E0) in font [lmroman10-regular]:mapping=tex-text;!
Missing character: There is no 加 (U+52A0) in font [lmroman10-regular]:mapping=tex-text;!
Missing character: There is no ， (U+FF0C) in font [lmroman10-regular]:mapping=tex-text;!
Missing character: There is no 动 (U+52A8) in font [lmroman10-regular]:mapping=tex-text;!
Missing character: There is no 态 (U+6001) in font [lmroman10-regular]:mapping=tex-text;!
Missing character: There is no 部 (U+90E8) in font [lmroman10-regular]:mapping=tex-text;!
Missing character: There is no 分 (U+5206) in font [lmroman10-regular]:mapping=tex-text;!
Missing character: There is no 与 (U+4E0E) in font [lmroman10-regular]:mapping=tex-text;!
Missing character: There is no 人 (U+4EBA) in font [lmroman10-regular]:mapping=tex-text;!
Missing character: There is no 体 (U+4F53) in font [lmroman10-regular]:mapping=tex-text;!
Missing character: There is no 运 (U+8FD0) in font [lmroman10-regular]:mapping=tex-text;!
Missing character: There is no 动 (U+52A8) in font [lmroman10-regular]:mapping=tex-text;!
Missing character: There is no 相 (U+76F8) in font [lmroman10-regular]:mapping=tex-text;!
Missing character: There is no 关 (U+5173) in font [lmroman10-regular]:mapping=tex-text;!
Missing character: There is no 。 (U+3002) in font [lmroman10-regular]:mapping=tex-text;!
Missing character: There is no 提 (U+63D0) in font [lmroman10-bold]:mapping=tex-text;!
Missing character: There is no 纯 (U+7EAF) in font [lmroman10-bold]:mapping=tex-text;!
Missing character: There is no 提 (U+63D0) in font [lmroman10-bold]:mapping=tex-text;!
Missing character: There is no 纯 (U+7EAF) in font [lmroman10-bold]:mapping=tex-text;!
Missing character: There is no 提 (U+63D0) in font [lmroman10-bold]:mapping=tex-text;!
Missing character: There is no 纯 (U+7EAF) in font [lmroman10-bold]:mapping=tex-text;!
Missing character: There is no 静 (U+9759) in font [lmroman10-bold]:mapping=tex-text;!
Missing character: There is no 态 (U+6001) in font [lmroman10-bold]:mapping=tex-text;!
Missing character: There is no 处 (U+5904) in font [lmroman10-bold]:mapping=tex-text;!
Missing character: There is no 理 (U+7406) in font [lmroman10-bold]:mapping=tex-text;!
Missing character: There is no ： (U+FF1A) in font [lmroman10-regular]:mapping=tex-text;!
Missing character: There is no 它 (U+5B83) in font [lmroman10-regular]:mapping=tex-text;!
Missing character: There is no 的 (U+7684) in font [lmroman10-regular]:mapping=tex-text;!
Missing character: There is no 思 (U+601D) in font [lmroman10-regular]:mapping=tex-text;!
Missing character: There is no 路 (U+8DEF) in font [lmroman10-regular]:mapping=tex-text;!
Missing character: There is no 就 (U+5C31) in font [lmroman10-regular]:mapping=tex-text;!
Missing character: There is no 是 (U+662F) in font [lmroman10-regular]:mapping=tex-text;!
Missing character: There is no 把 (U+628A) in font [lmroman10-regular]:mapping=tex-text;!
Missing character: There is no 静 (U+9759) in font [lmroman10-regular]:mapping=tex-text;!
Missing character: There is no 态 (U+6001) in font [lmroman10-regular]:mapping=tex-text;!
Missing character: There is no 当 (U+5F53) in font [lmroman10-regular]:mapping=tex-text;!
Missing character: There is no 成 (U+6210) in font [lmroman10-regular]:mapping=tex-text;!
Missing character: There is no 干 (U+5E72) in font [lmroman10-regular]:mapping=tex-text;!
Missing character: There is no 扰 (U+6270) in font [lmroman10-regular]:mapping=tex-text;!
Missing character: There is no 项 (U+9879) in font [lmroman10-regular]:mapping=tex-text;!
Missing character: There is no 分 (U+5206) in font [lmroman10-regular]:mapping=tex-text;!
Missing character: There is no 离 (U+79BB) in font [lmroman10-regular]:mapping=tex-text;!
Missing character: There is no 出 (U+51FA) in font [lmroman10-regular]:mapping=tex-text;!
Missing character: There is no 去 (U+53BB) in font [lmroman10-regular]:mapping=tex-text;!
Missing character: There is no ， (U+FF0C) in font [lmroman10-regular]:mapping=tex-text;!
Missing character: There is no 让 (U+8BA9) in font [lmroman10-regular]:mapping=tex-text;!
Missing character: There is no 后 (U+540E) in font [lmroman10-regular]:mapping=tex-text;!
Missing character: There is no 续 (U+7EED) in font [lmroman10-regular]:mapping=tex-text;!
Missing character: There is no 表 (U+8868) in font [lmroman10-regular]:mapping=tex-text;!
Missing character: There is no 征 (U+5F81) in font [lmroman10-regular]:mapping=tex-text;!
Missing character: There is no 学 (U+5B66) in font [lmroman10-regular]:mapping=tex-text;!
Missing character: There is no 习 (U+4E60) in font [lmroman10-regular]:mapping=tex-text;!
Missing character: There is no 更 (U+66F4) in font [lmroman10-regular]:mapping=tex-text;!
Missing character: There is no 聚 (U+805A) in font [lmroman10-regular]:mapping=tex-text;!
Missing character: There is no 焦 (U+7126) in font [lmroman10-regular]:mapping=tex-text;!
Missing character: There is no 动 (U+52A8) in font [lmroman10-regular]:mapping=tex-text;!
Missing character: There is no 态 (U+6001) in font [lmroman10-regular]:mapping=tex-text;!
Missing character: There is no 人 (U+4EBA) in font [lmroman10-regular]:mapping=tex-text;!
Missing character: There is no 体 (U+4F53) in font [lmroman10-regular]:mapping=tex-text;!
Missing character: There is no 信 (U+4FE1) in font [lmroman10-regular]:mapping=tex-text;!
Missing character: There is no 息 (U+606F) in font [lmroman10-regular]:mapping=tex-text;!
Missing character: There is no 。 (U+3002) in font [lmroman10-regular]:mapping=tex-text;!
Missing character: There is no 中 (U+4E2D) in font [lmroman10-bold]:mapping=tex-text;!
Missing character: There is no 间 (U+95F4) in font [lmroman10-bold]:mapping=tex-text;!
Missing character: There is no 中 (U+4E2D) in font [lmroman10-bold]:mapping=tex-text;!
Missing character: There is no 间 (U+95F4) in font [lmroman10-bold]:mapping=tex-text;!
Missing character: There is no 中 (U+4E2D) in font [lmroman10-bold]:mapping=tex-text;!
Missing character: There is no 间 (U+95F4) in font [lmroman10-bold]:mapping=tex-text;!
Missing character: There is no 状 (U+72B6) in font [lmroman10-bold]:mapping=tex-text;!
Missing character: There is no 态 (U+6001) in font [lmroman10-bold]:mapping=tex-text;!
Missing character: There is no ： (U+FF1A) in font [lmroman10-regular]:mapping=tex-text;!
Missing character: There is no 不 (U+4E0D) in font [lmroman10-regular]:mapping=tex-text;!
Missing character: There is no 是 (U+662F) in font [lmroman10-regular]:mapping=tex-text;!
Missing character: There is no 速 (U+901F) in font [lmroman10-regular]:mapping=tex-text;!
Missing character: There is no 度 (U+5EA6) in font [lmroman10-regular]:mapping=tex-text;!
Missing character: There is no 距 (U+8DDD) in font [lmroman10-regular]:mapping=tex-text;!
Missing character: There is no 离 (U+79BB) in font [lmroman10-regular]:mapping=tex-text;!
Missing character: There is no 这 (U+8FD9) in font [lmroman10-regular]:mapping=tex-text;!
Missing character: There is no 种 (U+79CD) in font [lmroman10-regular]:mapping=tex-text;!
Missing character: There is no 显 (U+663E) in font [lmroman10-regular]:mapping=tex-text;!
Missing character: There is no 式 (U+5F0F) in font [lmroman10-regular]:mapping=tex-text;!
Missing character: There is no 物 (U+7269) in font [lmroman10-regular]:mapping=tex-text;!
Missing character: There is no 理 (U+7406) in font [lmroman10-regular]:mapping=tex-text;!
Missing character: There is no 量 (U+91CF) in font [lmroman10-regular]:mapping=tex-text;!
Missing character: There is no ， (U+FF0C) in font [lmroman10-regular]:mapping=tex-text;!
Missing character: There is no 而 (U+800C) in font [lmroman10-regular]:mapping=tex-text;!
Missing character: There is no 是 (U+662F) in font [lmroman10-regular]:mapping=tex-text;!
Missing character: There is no 可 (U+53EF) in font [lmroman10-regular]:mapping=tex-text;!
Missing character: There is no 迁 (U+8FC1) in font [lmroman10-regular]:mapping=tex-text;!
Missing character: There is no 移 (U+79FB) in font [lmroman10-regular]:mapping=tex-text;!
Missing character: There is no 表 (U+8868) in font [lmroman10-regular]:mapping=tex-text;!
Missing character: There is no 征 (U+5F81) in font [lmroman10-regular]:mapping=tex-text;!
Missing character: There is no （ (U+FF08) in font [lmroman10-regular]:mapping=tex-text;!
Missing character: There is no ） (U+FF09) in font [lmroman10-regular]:mapping=tex-text;!
Missing character: There is no 等 (U+7B49) in font [lmroman10-regular]:mapping=tex-text;!
Missing character: There is no 深 (U+6DF1) in font [lmroman10-regular]:mapping=tex-text;!
Missing character: There is no 表 (U+8868) in font [lmroman10-regular]:mapping=tex-text;!
Missing character: There is no 征 (U+5F81) in font [lmroman10-regular]:mapping=tex-text;!
Missing character: There is no 路 (U+8DEF) in font [lmroman10-regular]:mapping=tex-text;!
Missing character: There is no 线 (U+7EBF) in font [lmroman10-regular]:mapping=tex-text;!
Missing character: There is no 。 (U+3002) in font [lmroman10-regular]:mapping=tex-text;!
Missing character: There is no 状 (U+72B6) in font [lmroman10-bold]:mapping=tex-text;!
Missing character: There is no 态 (U+6001) in font [lmroman10-bold]:mapping=tex-text;!
Missing character: There is no 状 (U+72B6) in font [lmroman10-bold]:mapping=tex-text;!
Missing character: There is no 态 (U+6001) in font [lmroman10-bold]:mapping=tex-text;!
Missing character: There is no 状 (U+72B6) in font [lmroman10-bold]:mapping=tex-text;!
Missing character: There is no 态 (U+6001) in font [lmroman10-bold]:mapping=tex-text;!
Missing character: There is no 估 (U+4F30) in font [lmroman10-bold]:mapping=tex-text;!
Missing character: There is no 计 (U+8BA1) in font [lmroman10-bold]:mapping=tex-text;!
Missing character: There is no 推 (U+63A8) in font [lmroman10-bold]:mapping=tex-text;!
Missing character: There is no 断 (U+65AD) in font [lmroman10-bold]:mapping=tex-text;!
Missing character: There is no ： (U+FF1A) in font [lmroman10-regular]:mapping=tex-text;!
Missing character: There is no 用 (U+7528) in font [lmroman10-regular]:mapping=tex-text;!
Missing character: There is no 跨 (U+8DE8) in font [lmroman10-regular]:mapping=tex-text;!
Missing character: There is no 模 (U+6A21) in font [lmroman10-regular]:mapping=tex-text;!
Missing character: There is no 态 (U+6001) in font [lmroman10-regular]:mapping=tex-text;!
Missing character: There is no 监 (U+76D1) in font [lmroman10-regular]:mapping=tex-text;!
Missing character: There is no 督 (U+7763) in font [lmroman10-regular]:mapping=tex-text;!
Missing character: There is no （ (U+FF08) in font [lmroman10-regular]:mapping=tex-text;!
Missing character: There is no 视 (U+89C6) in font [lmroman10-regular]:mapping=tex-text;!
Missing character: There is no 觉 (U+89C9) in font [lmroman10-regular]:mapping=tex-text;!
Missing character: There is no 特 (U+7279) in font [lmroman10-regular]:mapping=tex-text;!
Missing character: There is no 征 (U+5F81) in font [lmroman10-regular]:mapping=tex-text;!
Missing character: There is no 指 (U+6307) in font [lmroman10-regular]:mapping=tex-text;!
Missing character: There is no 导 (U+5BFC) in font [lmroman10-regular]:mapping=tex-text;!
Missing character: There is no 特 (U+7279) in font [lmroman10-regular]:mapping=tex-text;!
Missing character: There is no 征 (U+5F81) in font [lmroman10-regular]:mapping=tex-text;!
Missing character: There is no ） (U+FF09) in font [lmroman10-regular]:mapping=tex-text;!
Missing character: There is no 提 (U+63D0) in font [lmroman10-regular]:mapping=tex-text;!
Missing character: There is no 升 (U+5347) in font [lmroman10-regular]:mapping=tex-text;!
Missing character: There is no 泛 (U+6CDB) in font [lmroman10-regular]:mapping=tex-text;!
Missing character: There is no 化 (U+5316) in font [lmroman10-regular]:mapping=tex-text;!
Missing character: There is no 和 (U+548C) in font [lmroman10-regular]:mapping=tex-text;!
Missing character: There is no 数 (U+6570) in font [lmroman10-regular]:mapping=tex-text;!
Missing character: There is no 据 (U+636E) in font [lmroman10-regular]:mapping=tex-text;!
Missing character: There is no 效 (U+6548) in font [lmroman10-regular]:mapping=tex-text;!
Missing character: There is no 率 (U+7387) in font [lmroman10-regular]:mapping=tex-text;!
Missing character: There is no 权 (U+6743) in font [lmroman10-bold]:mapping=tex-text;!
Missing character: There is no 衡 (U+8861) in font [lmroman10-bold]:mapping=tex-text;!
Missing character: There is no 权 (U+6743) in font [lmroman10-bold]:mapping=tex-text;!
Missing character: There is no 衡 (U+8861) in font [lmroman10-bold]:mapping=tex-text;!
Missing character: There is no 权 (U+6743) in font [lmroman10-bold]:mapping=tex-text;!
Missing character: There is no 衡 (U+8861) in font [lmroman10-bold]:mapping=tex-text;!
Missing character: There is no ： (U+FF1A) in font [lmroman10-regular]:mapping=tex-text;!
Missing character: There is no 更 (U+66F4) in font [lmroman10-regular]:mapping=tex-text;!
Missing character: There is no 强 (U+5F3A) in font [lmroman10-regular]:mapping=tex-text;!
Missing character: There is no 泛 (U+6CDB) in font [lmroman10-regular]:mapping=tex-text;!
Missing character: There is no 化 (U+5316) in font [lmroman10-regular]:mapping=tex-text;!
Missing character: There is no 更 (U+66F4) in font [lmroman10-regular]:mapping=tex-text;!
Missing character: There is no 少 (U+5C11) in font [lmroman10-regular]:mapping=tex-text;!
Missing character: There is no 标 (U+6807) in font [lmroman10-regular]:mapping=tex-text;!
Missing character: There is no 注 (U+6CE8) in font [lmroman10-regular]:mapping=tex-text;!
Missing character: There is no 更 (U+66F4) in font [lmroman10-regular]:mapping=tex-text;!
Missing character: There is no 复 (U+590D) in font [lmroman10-regular]:mapping=tex-text;!
Missing character: There is no 杂 (U+6742) in font [lmroman10-regular]:mapping=tex-text;!
Missing character: There is no 训 (U+8BAD) in font [lmroman10-regular]:mapping=tex-text;!
Missing character: There is no 练 (U+7EC3) in font [lmroman10-regular]:mapping=tex-text;!
Missing character: There is no 与 (U+4E0E) in font [lmroman10-regular]:mapping=tex-text;!
Missing character: There is no 模 (U+6A21) in font [lmroman10-regular]:mapping=tex-text;!
Missing character: There is no 型 (U+578B) in font [lmroman10-regular]:mapping=tex-text;!
Missing character: There is no 容 (U+5BB9) in font [lmroman10-regular]:mapping=tex-text;!
Missing character: There is no 量 (U+91CF) in font [lmroman10-regular]:mapping=tex-text;!
Missing character: There is no （ (U+FF08) in font [lmroman10-regular]:mapping=tex-text;!
Missing character: There is no 训 (U+8BAD) in font [lmroman10-regular]:mapping=tex-text;!
Missing character: There is no 练 (U+7EC3) in font [lmroman10-regular]:mapping=tex-text;!
Missing character: There is no 成 (U+6210) in font [lmroman10-regular]:mapping=tex-text;!
Missing character: There is no 本 (U+672C) in font [lmroman10-regular]:mapping=tex-text;!
Missing character: There is no 与 (U+4E0E) in font [lmroman10-regular]:mapping=tex-text;!
Missing character: There is no 标 (U+6807) in font [lmroman10-regular]:mapping=tex-text;!
Missing character: There is no 注 (U+6CE8) in font [lmroman10-regular]:mapping=tex-text;!
Missing character: There is no 问 (U+95EE) in font [lmroman10-regular]:mapping=tex-text;!
Missing character: There is no 题 (U+9898) in font [lmroman10-regular]:mapping=tex-text;!
Missing character: There is no ） (U+FF09) in font [lmroman10-regular]:mapping=tex-text;!
Missing character: There is no 。 (U+3002) in font [lmroman10-regular]:mapping=tex-text;!
Missing character: There is no ： (U+FF1A) in font [lmroman10-bold]:mapping=tex-text;!
Missing character: There is no 不 (U+4E0D) in font [lmroman10-bold]:mapping=tex-text;!
Missing character: There is no 把 (U+628A) in font [lmroman10-bold]:mapping=tex-text;!
Missing character: There is no 静 (U+9759) in font [lmroman10-bold]:mapping=tex-text;!
Missing character: There is no 态 (U+6001) in font [lmroman10-bold]:mapping=tex-text;!
Missing character: There is no 消 (U+6D88) in font [lmroman10-bold]:mapping=tex-text;!
Missing character: There is no 除 (U+9664) in font [lmroman10-bold]:mapping=tex-text;!
Missing character: There is no 写 (U+5199) in font [lmroman10-bold]:mapping=tex-text;!
Missing character: There is no 成 (U+6210) in font [lmroman10-bold]:mapping=tex-text;!
Missing character: There is no 分 (U+5206) in font [lmroman10-bold]:mapping=tex-text;!
Missing character: There is no 解 (U+89E3) in font [lmroman10-bold]:mapping=tex-text;!
Missing character: There is no ， (U+FF0C) in font [lmroman10-bold]:mapping=tex-text;!
Missing character: There is no 但 (U+4F46) in font [lmroman10-bold]:mapping=tex-text;!
Missing character: There is no 用 (U+7528) in font [lmroman10-bold]:mapping=tex-text;!
Missing character: There is no 速 (U+901F) in font [lmroman10-bold]:mapping=tex-text;!
Missing character: There is no 度 (U+5EA6) in font [lmroman10-bold]:mapping=tex-text;!
Missing character: There is no 加 (U+52A0) in font [lmroman10-bold]:mapping=tex-text;!
Missing character: There is no 速 (U+901F) in font [lmroman10-bold]:mapping=tex-text;!
Missing character: There is no 度 (U+5EA6) in font [lmroman10-bold]:mapping=tex-text;!
Missing character: There is no 不 (U+4E0D) in font [lmroman10-bold]:mapping=tex-text;!
Missing character: There is no 变 (U+53D8) in font [lmroman10-bold]:mapping=tex-text;!
Missing character: There is no 量 (U+91CF) in font [lmroman10-bold]:mapping=tex-text;!
Missing character: There is no 绕 (U+7ED5) in font [lmroman10-bold]:mapping=tex-text;!
Missing character: There is no 开 (U+5F00) in font [lmroman10-bold]:mapping=tex-text;!
Missing character: There is no 环 (U+73AF) in font [lmroman10-bold]:mapping=tex-text;!
Missing character: There is no 境 (U+5883) in font [lmroman10-bold]:mapping=tex-text;!
Missing character: There is no 静 (U+9759) in font [lmroman10-bold]:mapping=tex-text;!
Missing character: There is no 态 (U+6001) in font [lmroman10-bold]:mapping=tex-text;!
Missing character: There is no 差 (U+5DEE) in font [lmroman10-bold]:mapping=tex-text;!
Missing character: There is no 异 (U+5F02) in font [lmroman10-bold]:mapping=tex-text;!
Missing character: There is no 利 (U+5229) in font [lmroman10-regular]:mapping=tex-text;!
Missing character: There is no 用 (U+7528) in font [lmroman10-regular]:mapping=tex-text;!
Missing character: There is no 速 (U+901F) in font [lmroman10-regular]:mapping=tex-text;!
Missing character: There is no 度 (U+5EA6) in font [lmroman10-regular]:mapping=tex-text;!
Missing character: There is no 与 (U+4E0E) in font [lmroman10-regular]:mapping=tex-text;!
Missing character: There is no 加 (U+52A0) in font [lmroman10-regular]:mapping=tex-text;!
Missing character: There is no 速 (U+901F) in font [lmroman10-regular]:mapping=tex-text;!
Missing character: There is no 度 (U+5EA6) in font [lmroman10-regular]:mapping=tex-text;!
Missing character: There is no 的 (U+7684) in font [lmroman10-regular]:mapping=tex-text;!
Missing character: There is no 生 (U+751F) in font [lmroman10-regular]:mapping=tex-text;!
Missing character: There is no 理 (U+7406) in font [lmroman10-regular]:mapping=tex-text;!
Missing character: There is no 模 (U+6A21) in font [lmroman10-regular]:mapping=tex-text;!
Missing character: There is no 式 (U+5F0F) in font [lmroman10-regular]:mapping=tex-text;!
Missing character: There is no ， (U+FF0C) in font [lmroman10-regular]:mapping=tex-text;!
Missing character: There is no 而 (U+800C) in font [lmroman10-regular]:mapping=tex-text;!
Missing character: There is no 不 (U+4E0D) in font [lmroman10-regular]:mapping=tex-text;!
Missing character: There is no 是 (U+662F) in font [lmroman10-regular]:mapping=tex-text;!
Missing character: There is no 难 (U+96BE) in font [lmroman10-regular]:mapping=tex-text;!
Missing character: There is no 解 (U+89E3) in font [lmroman10-regular]:mapping=tex-text;!
Missing character: There is no 释 (U+91CA) in font [lmroman10-regular]:mapping=tex-text;!
Missing character: There is no 的 (U+7684) in font [lmroman10-regular]:mapping=tex-text;!
Missing character: There is no 黑 (U+9ED1) in font [lmroman10-regular]:mapping=tex-text;!
Missing character: There is no 盒 (U+76D2) in font [lmroman10-regular]:mapping=tex-text;!
Missing character: There is no 特 (U+7279) in font [lmroman10-regular]:mapping=tex-text;!
Missing character: There is no 征 (U+5F81) in font [lmroman10-regular]:mapping=tex-text;!
Missing character: There is no ， (U+FF0C) in font [lmroman10-regular]:mapping=tex-text;!
Missing character: There is no 以 (U+4EE5) in font [lmroman10-regular]:mapping=tex-text;!
Missing character: There is no 获 (U+83B7) in font [lmroman10-regular]:mapping=tex-text;!
Missing character: There is no 得 (U+5F97) in font [lmroman10-regular]:mapping=tex-text;!
Missing character: There is no 环 (U+73AF) in font [lmroman10-regular]:mapping=tex-text;!
Missing character: There is no 境 (U+5883) in font [lmroman10-regular]:mapping=tex-text;!
Missing character: There is no 无 (U+65E0) in font [lmroman10-regular]:mapping=tex-text;!
Missing character: There is no 关 (U+5173) in font [lmroman10-regular]:mapping=tex-text;!
Missing character: There is no 性 (U+6027) in font [lmroman10-regular]:mapping=tex-text;!
Missing character: There is no 。 (U+3002) in font [lmroman10-regular]:mapping=tex-text;!
Missing character: There is no 提 (U+63D0) in font [lmroman10-bold]:mapping=tex-text;!
Missing character: There is no 纯 (U+7EAF) in font [lmroman10-bold]:mapping=tex-text;!
Missing character: There is no 提 (U+63D0) in font [lmroman10-bold]:mapping=tex-text;!
Missing character: There is no 纯 (U+7EAF) in font [lmroman10-bold]:mapping=tex-text;!
Missing character: There is no 提 (U+63D0) in font [lmroman10-bold]:mapping=tex-text;!
Missing character: There is no 纯 (U+7EAF) in font [lmroman10-bold]:mapping=tex-text;!
Missing character: There is no 处 (U+5904) in font [lmroman10-bold]:mapping=tex-text;!
Missing character: There is no 理 (U+7406) in font [lmroman10-bold]:mapping=tex-text;!
Missing character: There is no ： (U+FF1A) in font [lmroman10-regular]:mapping=tex-text;!
Missing character: There is no 把 (U+628A) in font [lmroman10-bold]:mapping=tex-text;!
Missing character: There is no 速 (U+901F) in font [lmroman10-bold]:mapping=tex-text;!
Missing character: There is no 度 (U+5EA6) in font [lmroman10-bold]:mapping=tex-text;!
Missing character: There is no 序 (U+5E8F) in font [lmroman10-bold]:mapping=tex-text;!
Missing character: There is no 列 (U+5217) in font [lmroman10-bold]:mapping=tex-text;!
Missing character: There is no 加 (U+52A0) in font [lmroman10-bold]:mapping=tex-text;!
Missing character: There is no 速 (U+901F) in font [lmroman10-bold]:mapping=tex-text;!
Missing character: There is no 度 (U+5EA6) in font [lmroman10-bold]:mapping=tex-text;!
Missing character: There is no 序 (U+5E8F) in font [lmroman10-bold]:mapping=tex-text;!
Missing character: There is no 列 (U+5217) in font [lmroman10-bold]:mapping=tex-text;!
Missing character: There is no ， (U+FF0C) in font [lmroman10-regular]:mapping=tex-text;!
Missing character: There is no 把 (U+628A) in font [lmroman10-regular]:mapping=tex-text;!
Missing character: There is no 注 (U+6CE8) in font [lmroman10-regular]:mapping=tex-text;!
Missing character: There is no 意 (U+610F) in font [lmroman10-regular]:mapping=tex-text;!
Missing character: There is no 力 (U+529B) in font [lmroman10-regular]:mapping=tex-text;!
Missing character: There is no 从 (U+4ECE) in font [lmroman10-regular]:mapping=tex-text;!
Missing character: There is no 静 (U+9759) in font [lmroman10-regular]:mapping=tex-text;!
Missing character: There is no 态 (U+6001) in font [lmroman10-regular]:mapping=tex-text;!
Missing character: There is no 散 (U+6563) in font [lmroman10-regular]:mapping=tex-text;!
Missing character: There is no 射 (U+5C04) in font [lmroman10-regular]:mapping=tex-text;!
Missing character: There is no 的 (U+7684) in font [lmroman10-regular]:mapping=tex-text;!
Missing character: There is no 绝 (U+7EDD) in font [lmroman10-regular]:mapping=tex-text;!
Missing character: There is no 对 (U+5BF9) in font [lmroman10-regular]:mapping=tex-text;!
Missing character: There is no 形 (U+5F62) in font [lmroman10-regular]:mapping=tex-text;!
Missing character: There is no 态 (U+6001) in font [lmroman10-regular]:mapping=tex-text;!
Missing character: There is no 转 (U+8F6C) in font [lmroman10-regular]:mapping=tex-text;!
Missing character: There is no 移 (U+79FB) in font [lmroman10-regular]:mapping=tex-text;!
Missing character: There is no 到 (U+5230) in font [lmroman10-regular]:mapping=tex-text;!
Missing character: There is no 运 (U+8FD0) in font [lmroman10-regular]:mapping=tex-text;!
Missing character: There is no 动 (U+52A8) in font [lmroman10-regular]:mapping=tex-text;!
Missing character: There is no 导 (U+5BFC) in font [lmroman10-regular]:mapping=tex-text;!
Missing character: There is no 致 (U+81F4) in font [lmroman10-regular]:mapping=tex-text;!
Missing character: There is no 的 (U+7684) in font [lmroman10-regular]:mapping=tex-text;!
Missing character: There is no 时 (U+65F6) in font [lmroman10-regular]:mapping=tex-text;!
Missing character: There is no 变 (U+53D8) in font [lmroman10-regular]:mapping=tex-text;!
Missing character: There is no 规 (U+89C4) in font [lmroman10-regular]:mapping=tex-text;!
Missing character: There is no 律 (U+5F8B) in font [lmroman10-regular]:mapping=tex-text;!
Missing character: There is no 。 (U+3002) in font [lmroman10-regular]:mapping=tex-text;!
Missing character: There is no 在 (U+5728) in font [lmroman10-regular]:mapping=tex-text;!
Missing character: There is no 这 (U+8FD9) in font [lmroman10-regular]:mapping=tex-text;!
Missing character: There is no 个 (U+4E2A) in font [lmroman10-regular]:mapping=tex-text;!
Missing character: There is no 意 (U+610F) in font [lmroman10-regular]:mapping=tex-text;!
Missing character: There is no 义 (U+4E49) in font [lmroman10-regular]:mapping=tex-text;!
Missing character: There is no 上 (U+4E0A) in font [lmroman10-regular]:mapping=tex-text;!
Missing character: There is no ， (U+FF0C) in font [lmroman10-regular]:mapping=tex-text;!
Missing character: There is no 保 (U+4FDD) in font [lmroman10-regular]:mapping=tex-text;!
Missing character: There is no 留 (U+7559) in font [lmroman10-regular]:mapping=tex-text;!
Missing character: There is no 运 (U+8FD0) in font [lmroman10-regular]:mapping=tex-text;!
Missing character: There is no 动 (U+52A8) in font [lmroman10-regular]:mapping=tex-text;!
Missing character: There is no 相 (U+76F8) in font [lmroman10-regular]:mapping=tex-text;!
Missing character: There is no 关 (U+5173) in font [lmroman10-regular]:mapping=tex-text;!
Missing character: There is no 变 (U+53D8) in font [lmroman10-regular]:mapping=tex-text;!
Missing character: There is no 化 (U+5316) in font [lmroman10-regular]:mapping=tex-text;!
Missing character: There is no ， (U+FF0C) in font [lmroman10-regular]:mapping=tex-text;!
Missing character: There is no 弱 (U+5F31) in font [lmroman10-regular]:mapping=tex-text;!
Missing character: There is no 化 (U+5316) in font [lmroman10-regular]:mapping=tex-text;!
Missing character: There is no 环 (U+73AF) in font [lmroman10-regular]:mapping=tex-text;!
Missing character: There is no 境 (U+5883) in font [lmroman10-regular]:mapping=tex-text;!
Missing character: There is no 静 (U+9759) in font [lmroman10-regular]:mapping=tex-text;!
Missing character: There is no 态 (U+6001) in font [lmroman10-regular]:mapping=tex-text;!
Missing character: There is no 差 (U+5DEE) in font [lmroman10-regular]:mapping=tex-text;!
Missing character: There is no 异 (U+5F02) in font [lmroman10-regular]:mapping=tex-text;!
Missing character: There is no 。 (U+3002) in font [lmroman10-regular]:mapping=tex-text;!
Missing character: There is no 中 (U+4E2D) in font [lmroman10-bold]:mapping=tex-text;!
Missing character: There is no 间 (U+95F4) in font [lmroman10-bold]:mapping=tex-text;!
Missing character: There is no 中 (U+4E2D) in font [lmroman10-bold]:mapping=tex-text;!
Missing character: There is no 间 (U+95F4) in font [lmroman10-bold]:mapping=tex-text;!
Missing character: There is no 中 (U+4E2D) in font [lmroman10-bold]:mapping=tex-text;!
Missing character: There is no 间 (U+95F4) in font [lmroman10-bold]:mapping=tex-text;!
Missing character: There is no 状 (U+72B6) in font [lmroman10-bold]:mapping=tex-text;!
Missing character: There is no 态 (U+6001) in font [lmroman10-bold]:mapping=tex-text;!
Missing character: There is no ： (U+FF1A) in font [lmroman10-regular]:mapping=tex-text;!
Missing character: There is no 速 (U+901F) in font [lmroman10-regular]:mapping=tex-text;!
Missing character: There is no 度 (U+5EA6) in font [lmroman10-regular]:mapping=tex-text;!
Missing character: There is no 、 (U+3001) in font [lmroman10-regular]:mapping=tex-text;!
Missing character: There is no 加 (U+52A0) in font [lmroman10-regular]:mapping=tex-text;!
Missing character: There is no 速 (U+901F) in font [lmroman10-regular]:mapping=tex-text;!
Missing character: There is no 度 (U+5EA6) in font [lmroman10-regular]:mapping=tex-text;!
Missing character: There is no （ (U+FF08) in font [lmroman10-regular]:mapping=tex-text;!
Missing character: There is no 显 (U+663E) in font [lmroman10-regular]:mapping=tex-text;!
Missing character: There is no 式 (U+5F0F) in font [lmroman10-regular]:mapping=tex-text;!
Missing character: There is no 物 (U+7269) in font [lmroman10-regular]:mapping=tex-text;!
Missing character: There is no 理 (U+7406) in font [lmroman10-regular]:mapping=tex-text;!
Missing character: There is no 中 (U+4E2D) in font [lmroman10-regular]:mapping=tex-text;!
Missing character: There is no 间 (U+95F4) in font [lmroman10-regular]:mapping=tex-text;!
Missing character: There is no 量 (U+91CF) in font [lmroman10-regular]:mapping=tex-text;!
Missing character: There is no ） (U+FF09) in font [lmroman10-regular]:mapping=tex-text;!
Missing character: There is no 状 (U+72B6) in font [lmroman10-bold]:mapping=tex-text;!
Missing character: There is no 态 (U+6001) in font [lmroman10-bold]:mapping=tex-text;!
Missing character: There is no 状 (U+72B6) in font [lmroman10-bold]:mapping=tex-text;!
Missing character: There is no 态 (U+6001) in font [lmroman10-bold]:mapping=tex-text;!
Missing character: There is no 状 (U+72B6) in font [lmroman10-bold]:mapping=tex-text;!
Missing character: There is no 态 (U+6001) in font [lmroman10-bold]:mapping=tex-text;!
Missing character: There is no 估 (U+4F30) in font [lmroman10-bold]:mapping=tex-text;!
Missing character: There is no 计 (U+8BA1) in font [lmroman10-bold]:mapping=tex-text;!
Missing character: There is no 推 (U+63A8) in font [lmroman10-bold]:mapping=tex-text;!
Missing character: There is no 断 (U+65AD) in font [lmroman10-bold]:mapping=tex-text;!
Missing character: There is no ： (U+FF1A) in font [lmroman10-regular]:mapping=tex-text;!
Missing character: There is no 离 (U+79BB) in font [lmroman10-regular]:mapping=tex-text;!
Missing character: There is no 线 (U+7EBF) in font [lmroman10-regular]:mapping=tex-text;!
Missing character: There is no 生 (U+751F) in font [lmroman10-regular]:mapping=tex-text;!
Missing character: There is no 成 (U+6210) in font [lmroman10-regular]:mapping=tex-text;!
Missing character: There is no 模 (U+6A21) in font [lmroman10-regular]:mapping=tex-text;!
Missing character: There is no 板 (U+677F) in font [lmroman10-regular]:mapping=tex-text;!
Missing character: There is no 、 (U+3001) in font [lmroman10-regular]:mapping=tex-text;!
Missing character: There is no 在 (U+5728) in font [lmroman10-regular]:mapping=tex-text;!
Missing character: There is no 线 (U+7EBF) in font [lmroman10-regular]:mapping=tex-text;!
Missing character: There is no 用 (U+7528) in font [lmroman10-regular]:mapping=tex-text;!
Missing character: There is no 做 (U+505A) in font [lmroman10-regular]:mapping=tex-text;!
Missing character: There is no 对 (U+5BF9) in font [lmroman10-regular]:mapping=tex-text;!
Missing character: There is no 齐 (U+9F50) in font [lmroman10-regular]:mapping=tex-text;!
Missing character: There is no 与 (U+4E0E) in font [lmroman10-regular]:mapping=tex-text;!
Missing character: There is no 相 (U+76F8) in font [lmroman10-regular]:mapping=tex-text;!
Missing character: There is no 似 (U+4F3C) in font [lmroman10-regular]:mapping=tex-text;!
Missing character: There is no 度 (U+5EA6) in font [lmroman10-regular]:mapping=tex-text;!
Missing character: There is no 判 (U+5224) in font [lmroman10-regular]:mapping=tex-text;!
Missing character: There is no 决 (U+51B3) in font [lmroman10-regular]:mapping=tex-text;!
Missing character: There is no （ (U+FF08) in font [lmroman10-regular]:mapping=tex-text;!
Missing character: There is no 解 (U+89E3) in font [lmroman10-regular]:mapping=tex-text;!
Missing character: There is no 决 (U+51B3) in font [lmroman10-regular]:mapping=tex-text;!
Missing character: There is no 事 (U+4E8B) in font [lmroman10-regular]:mapping=tex-text;!
Missing character: There is no 件 (U+4EF6) in font [lmroman10-regular]:mapping=tex-text;!
Missing character: There is no 起 (U+8D77) in font [lmroman10-regular]:mapping=tex-text;!
Missing character: There is no 止 (U+6B62) in font [lmroman10-regular]:mapping=tex-text;!
Missing character: There is no 与 (U+4E0E) in font [lmroman10-regular]:mapping=tex-text;!
Missing character: There is no 时 (U+65F6) in font [lmroman10-regular]:mapping=tex-text;!
Missing character: There is no 间 (U+95F4) in font [lmroman10-regular]:mapping=tex-text;!
Missing character: There is no 伸 (U+4F38) in font [lmroman10-regular]:mapping=tex-text;!
Missing character: There is no 缩 (U+7F29) in font [lmroman10-regular]:mapping=tex-text;!
Missing character: There is no ） (U+FF09) in font [lmroman10-regular]:mapping=tex-text;!
Missing character: There is no 权 (U+6743) in font [lmroman10-bold]:mapping=tex-text;!
Missing character: There is no 衡 (U+8861) in font [lmroman10-bold]:mapping=tex-text;!
Missing character: There is no 权 (U+6743) in font [lmroman10-bold]:mapping=tex-text;!
Missing character: There is no 衡 (U+8861) in font [lmroman10-bold]:mapping=tex-text;!
Missing character: There is no 权 (U+6743) in font [lmroman10-bold]:mapping=tex-text;!
Missing character: There is no 衡 (U+8861) in font [lmroman10-bold]:mapping=tex-text;!
Missing character: There is no ： (U+FF1A) in font [lmroman10-regular]:mapping=tex-text;!
Missing character: There is no 可 (U+53EF) in font [lmroman10-regular]:mapping=tex-text;!
Missing character: There is no 解 (U+89E3) in font [lmroman10-regular]:mapping=tex-text;!
Missing character: There is no 释 (U+91CA) in font [lmroman10-regular]:mapping=tex-text;!
Missing character: There is no 、 (U+3001) in font [lmroman10-regular]:mapping=tex-text;!
Missing character: There is no 少 (U+5C11) in font [lmroman10-regular]:mapping=tex-text;!
Missing character: There is no 数 (U+6570) in font [lmroman10-regular]:mapping=tex-text;!
Missing character: There is no 据 (U+636E) in font [lmroman10-regular]:mapping=tex-text;!
Missing character: There is no 、 (U+3001) in font [lmroman10-regular]:mapping=tex-text;!
Missing character: There is no 易 (U+6613) in font [lmroman10-regular]:mapping=tex-text;!
Missing character: There is no 部 (U+90E8) in font [lmroman10-regular]:mapping=tex-text;!
Missing character: There is no 署 (U+7F72) in font [lmroman10-regular]:mapping=tex-text;!
Missing character: There is no 上 (U+4E0A) in font [lmroman10-regular]:mapping=tex-text;!
Missing character: There is no 限 (U+9650) in font [lmroman10-regular]:mapping=tex-text;!
Missing character: There is no 可 (U+53EF) in font [lmroman10-regular]:mapping=tex-text;!
Missing character: There is no 能 (U+80FD) in font [lmroman10-regular]:mapping=tex-text;!
Missing character: There is no 受 (U+53D7) in font [lmroman10-regular]:mapping=tex-text;!
Missing character: There is no 限 (U+9650) in font [lmroman10-regular]:mapping=tex-text;!
Missing character: There is no 于 (U+4E8E) in font [lmroman10-regular]:mapping=tex-text;!
Missing character: There is no 速 (U+901F) in font [lmroman10-regular]:mapping=tex-text;!
Missing character: There is no 度 (U+5EA6) in font [lmroman10-regular]:mapping=tex-text;!
Missing character: There is no 估 (U+4F30) in font [lmroman10-regular]:mapping=tex-text;!
Missing character: There is no 计 (U+8BA1) in font [lmroman10-regular]:mapping=tex-text;!
Missing character: There is no 与 (U+4E0E) in font [lmroman10-regular]:mapping=tex-text;!
Missing character: There is no 模 (U+6A21) in font [lmroman10-regular]:mapping=tex-text;!
Missing character: There is no 板 (U+677F) in font [lmroman10-regular]:mapping=tex-text;!
Missing character: There is no 表 (U+8868) in font [lmroman10-regular]:mapping=tex-text;!
Missing character: There is no 达 (U+8FBE) in font [lmroman10-regular]:mapping=tex-text;!
Missing character: There is no 能 (U+80FD) in font [lmroman10-regular]:mapping=tex-text;!
Missing character: There is no 力 (U+529B) in font [lmroman10-regular]:mapping=tex-text;!
Missing character: There is no 。 (U+3002) in font [lmroman10-regular]:mapping=tex-text;!
Missing character: There is no ： (U+FF1A) in font [lmroman10-bold]:mapping=tex-text;!
Missing character: There is no 用 (U+7528) in font [lmroman10-bold]:mapping=tex-text;!
Missing character: There is no 差 (U+5DEE) in font [lmroman10-bold]:mapping=tex-text;!
Missing character: There is no 分 (U+5206) in font [lmroman10-bold]:mapping=tex-text;!
Missing character: There is no 相 (U+76F8) in font [lmroman10-bold]:mapping=tex-text;!
Missing character: There is no 位 (U+4F4D) in font [lmroman10-bold]:mapping=tex-text;!
Missing character: There is no 差 (U+5DEE) in font [lmroman10-bold]:mapping=tex-text;!
Missing character: There is no 分 (U+5206) in font [lmroman10-bold]:mapping=tex-text;!
Missing character: There is no 距 (U+8DDD) in font [lmroman10-bold]:mapping=tex-text;!
Missing character: There is no 离 (U+79BB) in font [lmroman10-bold]:mapping=tex-text;!
Missing character: There is no 把 (U+628A) in font [lmroman10-bold]:mapping=tex-text;!
Missing character: There is no 静 (U+9759) in font [lmroman10-bold]:mapping=tex-text;!
Missing character: There is no 态 (U+6001) in font [lmroman10-bold]:mapping=tex-text;!
Missing character: There is no 项 (U+9879) in font [lmroman10-bold]:mapping=tex-text;!
Missing character: There is no 天 (U+5929) in font [lmroman10-bold]:mapping=tex-text;!
Missing character: There is no 然 (U+7136) in font [lmroman10-bold]:mapping=tex-text;!
Missing character: There is no 抵 (U+62B5) in font [lmroman10-bold]:mapping=tex-text;!
Missing character: There is no 消 (U+6D88) in font [lmroman10-bold]:mapping=tex-text;!
Missing character: There is no （ (U+FF08) in font [lmroman10-bold]:mapping=tex-text;!
Missing character: There is no 最 (U+6700) in font [lmroman10-bold]:mapping=tex-text;!
Missing character: There is no 典 (U+5178) in font [lmroman10-bold]:mapping=tex-text;!
Missing character: There is no 型 (U+578B) in font [lmroman10-bold]:mapping=tex-text;!
Missing character: There is no 的 (U+7684) in font [lmroman10-bold]:mapping=tex-text;!
Missing character: There is no 差 (U+5DEE) in font [lmroman10-bold]:mapping=tex-text;!
Missing character: There is no 分 (U+5206) in font [lmroman10-bold]:mapping=tex-text;!
Missing character: There is no 提 (U+63D0) in font [lmroman10-bold]:mapping=tex-text;!
Missing character: There is no 纯 (U+7EAF) in font [lmroman10-bold]:mapping=tex-text;!
Missing character: There is no ） (U+FF09) in font [lmroman10-bold]:mapping=tex-text;!
Missing character: There is no 观 (U+89C2) in font [lmroman10-bold]:mapping=tex-text;!
Missing character: There is no 测 (U+6D4B) in font [lmroman10-bold]:mapping=tex-text;!
Missing character: There is no 观 (U+89C2) in font [lmroman10-bold]:mapping=tex-text;!
Missing character: There is no 测 (U+6D4B) in font [lmroman10-bold]:mapping=tex-text;!
Missing character: There is no 观 (U+89C2) in font [lmroman10-bold]:mapping=tex-text;!
Missing character: There is no 测 (U+6D4B) in font [lmroman10-bold]:mapping=tex-text;!
Missing character: There is no ： (U+FF1A) in font [lmroman10-regular]:mapping=tex-text;!
Missing character: There is no 把 (U+628A) in font [lmroman10-regular]:mapping=tex-text;!
Missing character: There is no 载 (U+8F7D) in font [lmroman10-regular]:mapping=tex-text;!
Missing character: There is no 波 (U+6CE2) in font [lmroman10-regular]:mapping=tex-text;!
Missing character: There is no 相 (U+76F8) in font [lmroman10-regular]:mapping=tex-text;!
Missing character: There is no 位 (U+4F4D) in font [lmroman10-regular]:mapping=tex-text;!
Missing character: There is no 转 (U+8F6C) in font [lmroman10-regular]:mapping=tex-text;!
Missing character: There is no 成 (U+6210) in font [lmroman10-regular]:mapping=tex-text;!
Missing character: There is no 差 (U+5DEE) in font [lmroman10-regular]:mapping=tex-text;!
Missing character: There is no 分 (U+5206) in font [lmroman10-regular]:mapping=tex-text;!
Missing character: There is no 距 (U+8DDD) in font [lmroman10-regular]:mapping=tex-text;!
Missing character: There is no 离 (U+79BB) in font [lmroman10-regular]:mapping=tex-text;!
Missing character: There is no 估 (U+4F30) in font [lmroman10-regular]:mapping=tex-text;!
Missing character: There is no 计 (U+8BA1) in font [lmroman10-regular]:mapping=tex-text;!
Missing character: There is no ， (U+FF0C) in font [lmroman10-regular]:mapping=tex-text;!
Missing character: There is no 并 (U+5E76) in font [lmroman10-regular]:mapping=tex-text;!
Missing character: There is no 给 (U+7ED9) in font [lmroman10-regular]:mapping=tex-text;!
Missing character: There is no 出 (U+51FA) in font [lmroman10-regular]:mapping=tex-text;!
Missing character: There is no 无 (U+65E0) in font [lmroman10-regular]:mapping=tex-text;!
Missing character: There is no 歧 (U+6B67) in font [lmroman10-regular]:mapping=tex-text;!
Missing character: There is no 义 (U+4E49) in font [lmroman10-regular]:mapping=tex-text;!
Missing character: There is no 条 (U+6761) in font [lmroman10-regular]:mapping=tex-text;!
Missing character: There is no 件 (U+4EF6) in font [lmroman10-regular]:mapping=tex-text;!
Missing character: There is no 速 (U+901F) in font [lmroman10-regular]:mapping=tex-text;!
Missing character: There is no 度 (U+5EA6) in font [lmroman10-regular]:mapping=tex-text;!
Missing character: There is no 上 (U+4E0A) in font [lmroman10-regular]:mapping=tex-text;!
Missing character: There is no 限 (U+9650) in font [lmroman10-regular]:mapping=tex-text;!
Missing character: There is no 等 (U+7B49) in font [lmroman10-regular]:mapping=tex-text;!
Missing character: There is no （ (U+FF08) in font [lmroman10-regular]:mapping=tex-text;!
Missing character: There is no 说 (U+8BF4) in font [lmroman10-regular]:mapping=tex-text;!
Missing character: There is no 明 (U+660E) in font [lmroman10-regular]:mapping=tex-text;!
Missing character: There is no 它 (U+5B83) in font [lmroman10-regular]:mapping=tex-text;!
Missing character: There is no 强 (U+5F3A) in font [lmroman10-regular]:mapping=tex-text;!
Missing character: There is no 依 (U+4F9D) in font [lmroman10-regular]:mapping=tex-text;!
Missing character: There is no 赖 (U+8D56) in font [lmroman10-regular]:mapping=tex-text;!
Missing character: There is no 相 (U+76F8) in font [lmroman10-regular]:mapping=tex-text;!
Missing character: There is no 位 (U+4F4D) in font [lmroman10-regular]:mapping=tex-text;!
Missing character: There is no 连 (U+8FDE) in font [lmroman10-regular]:mapping=tex-text;!
Missing character: There is no 续 (U+7EED) in font [lmroman10-regular]:mapping=tex-text;!
Missing character: There is no 性 (U+6027) in font [lmroman10-regular]:mapping=tex-text;!
Missing character: There is no 与 (U+4E0E) in font [lmroman10-regular]:mapping=tex-text;!
Missing character: There is no 采 (U+91C7) in font [lmroman10-regular]:mapping=tex-text;!
Missing character: There is no 样 (U+6837) in font [lmroman10-regular]:mapping=tex-text;!
Missing character: There is no 间 (U+95F4) in font [lmroman10-regular]:mapping=tex-text;!
Missing character: There is no 隔 (U+9694) in font [lmroman10-regular]:mapping=tex-text;!
Missing character: There is no ） (U+FF09) in font [lmroman10-regular]:mapping=tex-text;!
Missing character: There is no 。 (U+3002) in font [lmroman10-regular]:mapping=tex-text;!
Missing character: There is no 提 (U+63D0) in font [lmroman10-bold]:mapping=tex-text;!
Missing character: There is no 纯 (U+7EAF) in font [lmroman10-bold]:mapping=tex-text;!
Missing character: There is no 提 (U+63D0) in font [lmroman10-bold]:mapping=tex-text;!
Missing character: There is no 纯 (U+7EAF) in font [lmroman10-bold]:mapping=tex-text;!
Missing character: There is no 提 (U+63D0) in font [lmroman10-bold]:mapping=tex-text;!
Missing character: There is no 纯 (U+7EAF) in font [lmroman10-bold]:mapping=tex-text;!
Missing character: There is no 静 (U+9759) in font [lmroman10-bold]:mapping=tex-text;!
Missing character: There is no 态 (U+6001) in font [lmroman10-bold]:mapping=tex-text;!
Missing character: There is no 处 (U+5904) in font [lmroman10-bold]:mapping=tex-text;!
Missing character: There is no 理 (U+7406) in font [lmroman10-bold]:mapping=tex-text;!
Missing character: There is no ： (U+FF1A) in font [lmroman10-regular]:mapping=tex-text;!
Missing character: There is no 差 (U+5DEE) in font [lmroman10-regular]:mapping=tex-text;!
Missing character: There is no 分 (U+5206) in font [lmroman10-regular]:mapping=tex-text;!
Missing character: There is no 的 (U+7684) in font [lmroman10-regular]:mapping=tex-text;!
Missing character: There is no 本 (U+672C) in font [lmroman10-regular]:mapping=tex-text;!
Missing character: There is no 质 (U+8D28) in font [lmroman10-regular]:mapping=tex-text;!
Missing character: There is no 就 (U+5C31) in font [lmroman10-regular]:mapping=tex-text;!
Missing character: There is no 是 (U+662F) in font [lmroman10-regular]:mapping=tex-text;!
Missing character: There is no 消 (U+6D88) in font [lmroman10-regular]:mapping=tex-text;!
Missing character: There is no 掉 (U+6389) in font [lmroman10-regular]:mapping=tex-text;!
Missing character: There is no 常 (U+5E38) in font [lmroman10-regular]:mapping=tex-text;!
Missing character: There is no 量 (U+91CF) in font [lmroman10-regular]:mapping=tex-text;!
Missing character: There is no 项 (U+9879) in font [lmroman10-regular]:mapping=tex-text;!
Missing character: There is no 慢 (U+6162) in font [lmroman10-regular]:mapping=tex-text;!
Missing character: There is no 变 (U+53D8) in font [lmroman10-regular]:mapping=tex-text;!
Missing character: There is no 偏 (U+504F) in font [lmroman10-regular]:mapping=tex-text;!
Missing character: There is no 置 (U+7F6E) in font [lmroman10-regular]:mapping=tex-text;!
Missing character: There is no 项 (U+9879) in font [lmroman10-regular]:mapping=tex-text;!
Missing character: There is no （ (U+FF08) in font [lmroman10-regular]:mapping=tex-text;!
Missing character: There is no 很 (U+5F88) in font [lmroman10-regular]:mapping=tex-text;!
Missing character: There is no 多 (U+591A) in font [lmroman10-regular]:mapping=tex-text;!
Missing character: There is no 静 (U+9759) in font [lmroman10-regular]:mapping=tex-text;!
Missing character: There is no 态 (U+6001) in font [lmroman10-regular]:mapping=tex-text;!
Missing character: There is no 多 (U+591A) in font [lmroman10-regular]:mapping=tex-text;!
Missing character: There is no 径 (U+5F84) in font [lmroman10-regular]:mapping=tex-text;!
Missing character: There is no 或 (U+6216) in font [lmroman10-regular]:mapping=tex-text;!
Missing character: There is no 硬 (U+786C) in font [lmroman10-regular]:mapping=tex-text;!
Missing character: There is no 件 (U+4EF6) in font [lmroman10-regular]:mapping=tex-text;!
Missing character: There is no 常 (U+5E38) in font [lmroman10-regular]:mapping=tex-text;!
Missing character: There is no 偏 (U+504F) in font [lmroman10-regular]:mapping=tex-text;!
Missing character: There is no 会 (U+4F1A) in font [lmroman10-regular]:mapping=tex-text;!
Missing character: There is no 在 (U+5728) in font [lmroman10-regular]:mapping=tex-text;!
Missing character: There is no 差 (U+5DEE) in font [lmroman10-regular]:mapping=tex-text;!
Missing character: There is no 分 (U+5206) in font [lmroman10-regular]:mapping=tex-text;!
Missing character: There is no 里 (U+91CC) in font [lmroman10-regular]:mapping=tex-text;!
Missing character: There is no 被 (U+88AB) in font [lmroman10-regular]:mapping=tex-text;!
Missing character: There is no 弱 (U+5F31) in font [lmroman10-regular]:mapping=tex-text;!
Missing character: There is no 化 (U+5316) in font [lmroman10-regular]:mapping=tex-text;!
Missing character: There is no ） (U+FF09) in font [lmroman10-regular]:mapping=tex-text;!
Missing character: There is no ， (U+FF0C) in font [lmroman10-regular]:mapping=tex-text;!
Missing character: There is no 保 (U+4FDD) in font [lmroman10-regular]:mapping=tex-text;!
Missing character: There is no 留 (U+7559) in font [lmroman10-regular]:mapping=tex-text;!
Missing character: There is no 位 (U+4F4D) in font [lmroman10-regular]:mapping=tex-text;!
Missing character: There is no 移 (U+79FB) in font [lmroman10-regular]:mapping=tex-text;!
Missing character: There is no 导 (U+5BFC) in font [lmroman10-regular]:mapping=tex-text;!
Missing character: There is no 致 (U+81F4) in font [lmroman10-regular]:mapping=tex-text;!
Missing character: There is no 的 (U+7684) in font [lmroman10-regular]:mapping=tex-text;!
Missing character: There is no 相 (U+76F8) in font [lmroman10-regular]:mapping=tex-text;!
Missing character: There is no 位 (U+4F4D) in font [lmroman10-regular]:mapping=tex-text;!
Missing character: There is no 变 (U+53D8) in font [lmroman10-regular]:mapping=tex-text;!
Missing character: There is no 化 (U+5316) in font [lmroman10-regular]:mapping=tex-text;!
Missing character: There is no 。 (U+3002) in font [lmroman10-regular]:mapping=tex-text;!
Missing character: There is no 同 (U+540C) in font [lmroman10-regular]:mapping=tex-text;!
Missing character: There is no 时 (U+65F6) in font [lmroman10-regular]:mapping=tex-text;!
Missing character: There is no 强 (U+5F3A) in font [lmroman10-regular]:mapping=tex-text;!
Missing character: There is no 调 (U+8C03) in font [lmroman10-regular]:mapping=tex-text;!
Missing character: There is no 与 (U+4E0E) in font [lmroman10-regular]:mapping=tex-text;!
Missing character: There is no 采 (U+91C7) in font [lmroman10-regular]:mapping=tex-text;!
Missing character: There is no 样 (U+6837) in font [lmroman10-regular]:mapping=tex-text;!
Missing character: There is no 不 (U+4E0D) in font [lmroman10-regular]:mapping=tex-text;!
Missing character: There is no 规 (U+89C4) in font [lmroman10-regular]:mapping=tex-text;!
Missing character: There is no 则 (U+5219) in font [lmroman10-regular]:mapping=tex-text;!
Missing character: There is no 会 (U+4F1A) in font [lmroman10-regular]:mapping=tex-text;!
Missing character: There is no 破 (U+7834) in font [lmroman10-regular]:mapping=tex-text;!
Missing character: There is no 坏 (U+574F) in font [lmroman10-regular]:mapping=tex-text;!
Missing character: There is no 这 (U+8FD9) in font [lmroman10-regular]:mapping=tex-text;!
Missing character: There is no 个 (U+4E2A) in font [lmroman10-regular]:mapping=tex-text;!
Missing character: There is no 提 (U+63D0) in font [lmroman10-regular]:mapping=tex-text;!
Missing character: There is no 纯 (U+7EAF) in font [lmroman10-regular]:mapping=tex-text;!
Missing character: There is no 链 (U+94FE) in font [lmroman10-regular]:mapping=tex-text;!
Missing character: There is no 条 (U+6761) in font [lmroman10-regular]:mapping=tex-text;!
Missing character: There is no 。 (U+3002) in font [lmroman10-regular]:mapping=tex-text;!

Underfull \hbox (badness 10000) in paragraph at lines 686--689
[]\TU/lmr/bx/n/10 提纯/静态处理\TU/lmr/m/n/10 ：差分的本质就是“消掉常量项/慢变偏置项”（很多静态多径或硬件常偏会在差分里被弱化），保留“位移导致的相位变化”。WiDRa同时强调 cycle slip
 []

Missing character: There is no 中 (U+4E2D) in font [lmroman10-bold]:mapping=tex-text;!
Missing character: There is no 间 (U+95F4) in font [lmroman10-bold]:mapping=tex-text;!
Missing character: There is no 中 (U+4E2D) in font [lmroman10-bold]:mapping=tex-text;!
Missing character: There is no 间 (U+95F4) in font [lmroman10-bold]:mapping=tex-text;!
Missing character: There is no 中 (U+4E2D) in font [lmroman10-bold]:mapping=tex-text;!
Missing character: There is no 间 (U+95F4) in font [lmroman10-bold]:mapping=tex-text;!
Missing character: There is no 状 (U+72B6) in font [lmroman10-bold]:mapping=tex-text;!
Missing character: There is no 态 (U+6001) in font [lmroman10-bold]:mapping=tex-text;!
Missing character: There is no ： (U+FF1A) in font [lmroman10-regular]:mapping=tex-text;!
Missing character: There is no 差 (U+5DEE) in font [lmroman10-regular]:mapping=tex-text;!
Missing character: There is no 分 (U+5206) in font [lmroman10-regular]:mapping=tex-text;!
Missing character: There is no 距 (U+8DDD) in font [lmroman10-regular]:mapping=tex-text;!
Missing character: There is no 离 (U+79BB) in font [lmroman10-regular]:mapping=tex-text;!
Missing character: There is no （ (U+FF08) in font [lmroman10-regular]:mapping=tex-text;!
Missing character: There is no 毫 (U+6BEB) in font [lmroman10-regular]:mapping=tex-text;!
Missing character: There is no 米 (U+7C73) in font [lmroman10-regular]:mapping=tex-text;!
Missing character: There is no 级 (U+7EA7) in font [lmroman10-regular]:mapping=tex-text;!
Missing character: There is no ） (U+FF09) in font [lmroman10-regular]:mapping=tex-text;!
Missing character: There is no 。 (U+3002) in font [lmroman10-regular]:mapping=tex-text;!
Missing character: There is no 状 (U+72B6) in font [lmroman10-bold]:mapping=tex-text;!
Missing character: There is no 态 (U+6001) in font [lmroman10-bold]:mapping=tex-text;!
Missing character: There is no 状 (U+72B6) in font [lmroman10-bold]:mapping=tex-text;!
Missing character: There is no 态 (U+6001) in font [lmroman10-bold]:mapping=tex-text;!
Missing character: There is no 状 (U+72B6) in font [lmroman10-bold]:mapping=tex-text;!
Missing character: There is no 态 (U+6001) in font [lmroman10-bold]:mapping=tex-text;!
Missing character: There is no 估 (U+4F30) in font [lmroman10-bold]:mapping=tex-text;!
Missing character: There is no 计 (U+8BA1) in font [lmroman10-bold]:mapping=tex-text;!
Missing character: There is no 推 (U+63A8) in font [lmroman10-bold]:mapping=tex-text;!
Missing character: There is no 断 (U+65AD) in font [lmroman10-bold]:mapping=tex-text;!
Missing character: There is no ： (U+FF1A) in font [lmroman10-regular]:mapping=tex-text;!
Missing character: There is no 相 (U+76F8) in font [lmroman10-regular]:mapping=tex-text;!
Missing character: There is no 位 (U+4F4D) in font [lmroman10-regular]:mapping=tex-text;!
Missing character: There is no 跟 (U+8DDF) in font [lmroman10-regular]:mapping=tex-text;!
Missing character: There is no 踪 (U+8E2A) in font [lmroman10-regular]:mapping=tex-text;!
Missing character: There is no 防 (U+9632) in font [lmroman10-regular]:mapping=tex-text;!
Missing character: There is no 的 (U+7684) in font [lmroman10-regular]:mapping=tex-text;!
Missing character: There is no 工 (U+5DE5) in font [lmroman10-regular]:mapping=tex-text;!
Missing character: There is no 程 (U+7A0B) in font [lmroman10-regular]:mapping=tex-text;!
Missing character: There is no 处 (U+5904) in font [lmroman10-regular]:mapping=tex-text;!
Missing character: There is no 理 (U+7406) in font [lmroman10-regular]:mapping=tex-text;!
Missing character: There is no （ (U+FF08) in font [lmroman10-regular]:mapping=tex-text;!
Missing character: There is no 论 (U+8BBA) in font [lmroman10-regular]:mapping=tex-text;!
Missing character: There is no 文 (U+6587) in font [lmroman10-regular]:mapping=tex-text;!
Missing character: There is no 明 (U+660E) in font [lmroman10-regular]:mapping=tex-text;!
Missing character: There is no 确 (U+786E) in font [lmroman10-regular]:mapping=tex-text;!
Missing character: There is no 指 (U+6307) in font [lmroman10-regular]:mapping=tex-text;!
Missing character: There is no 出 (U+51FA) in font [lmroman10-regular]:mapping=tex-text;!
Missing character: There is no 采 (U+91C7) in font [lmroman10-regular]:mapping=tex-text;!
Missing character: There is no 样 (U+6837) in font [lmroman10-regular]:mapping=tex-text;!
Missing character: There is no 间 (U+95F4) in font [lmroman10-regular]:mapping=tex-text;!
Missing character: There is no 隔 (U+9694) in font [lmroman10-regular]:mapping=tex-text;!
Missing character: There is no 变 (U+53D8) in font [lmroman10-regular]:mapping=tex-text;!
Missing character: There is no 大 (U+5927) in font [lmroman10-regular]:mapping=tex-text;!
Missing character: There is no 就 (U+5C31) in font [lmroman10-regular]:mapping=tex-text;!
Missing character: There is no 会 (U+4F1A) in font [lmroman10-regular]:mapping=tex-text;!
Missing character: There is no ） (U+FF09) in font [lmroman10-regular]:mapping=tex-text;!
Missing character: There is no 。 (U+3002) in font [lmroman10-regular]:mapping=tex-text;!
Missing character: There is no 权 (U+6743) in font [lmroman10-bold]:mapping=tex-text;!
Missing character: There is no 衡 (U+8861) in font [lmroman10-bold]:mapping=tex-text;!
Missing character: There is no 权 (U+6743) in font [lmroman10-bold]:mapping=tex-text;!
Missing character: There is no 衡 (U+8861) in font [lmroman10-bold]:mapping=tex-text;!
Missing character: There is no 权 (U+6743) in font [lmroman10-bold]:mapping=tex-text;!
Missing character: There is no 衡 (U+8861) in font [lmroman10-bold]:mapping=tex-text;!
Missing character: There is no ： (U+FF1A) in font [lmroman10-regular]:mapping=tex-text;!
Missing character: There is no 极 (U+6781) in font [lmroman10-regular]:mapping=tex-text;!
Missing character: There is no 高 (U+9AD8) in font [lmroman10-regular]:mapping=tex-text;!
Missing character: There is no 精 (U+7CBE) in font [lmroman10-regular]:mapping=tex-text;!
Missing character: There is no 度 (U+5EA6) in font [lmroman10-regular]:mapping=tex-text;!
Missing character: There is no 对 (U+5BF9) in font [lmroman10-regular]:mapping=tex-text;!
Missing character: There is no 硬 (U+786C) in font [lmroman10-regular]:mapping=tex-text;!
Missing character: There is no 件 (U+4EF6) in font [lmroman10-regular]:mapping=tex-text;!
Missing character: There is no 采 (U+91C7) in font [lmroman10-regular]:mapping=tex-text;!
Missing character: There is no 样 (U+6837) in font [lmroman10-regular]:mapping=tex-text;!
Missing character: There is no 调 (U+8C03) in font [lmroman10-regular]:mapping=tex-text;!
Missing character: There is no 度 (U+5EA6) in font [lmroman10-regular]:mapping=tex-text;!
Missing character: There is no 极 (U+6781) in font [lmroman10-regular]:mapping=tex-text;!
Missing character: There is no 敏 (U+654F) in font [lmroman10-regular]:mapping=tex-text;!
Missing character: There is no 感 (U+611F) in font [lmroman10-regular]:mapping=tex-text;!
Missing character: There is no （ (U+FF08) in font [lmroman10-regular]:mapping=tex-text;!
Missing character: There is no 系 (U+7CFB) in font [lmroman10-regular]:mapping=tex-text;!
Missing character: There is no 统 (U+7EDF) in font [lmroman10-regular]:mapping=tex-text;!
Missing character: There is no 可 (U+53EF) in font [lmroman10-regular]:mapping=tex-text;!
Missing character: There is no 行 (U+884C) in font [lmroman10-regular]:mapping=tex-text;!
Missing character: There is no 性 (U+6027) in font [lmroman10-regular]:mapping=tex-text;!
Missing character: There is no 是 (U+662F) in font [lmroman10-regular]:mapping=tex-text;!
Missing character: There is no 它 (U+5B83) in font [lmroman10-regular]:mapping=tex-text;!
Missing character: There is no 的 (U+7684) in font [lmroman10-regular]:mapping=tex-text;!
Missing character: There is no 核 (U+6838) in font [lmroman10-regular]:mapping=tex-text;!
Missing character: There is no 心 (U+5FC3) in font [lmroman10-regular]:mapping=tex-text;!
Missing character: There is no 权 (U+6743) in font [lmroman10-regular]:mapping=tex-text;!
Missing character: There is no 衡 (U+8861) in font [lmroman10-regular]:mapping=tex-text;!
Missing character: There is no ） (U+FF09) in font [lmroman10-regular]:mapping=tex-text;!
Missing character: There is no 。 (U+3002) in font [lmroman10-regular]:mapping=tex-text;!


[8]
Missing character: There is no ： (U+FF1A) in font [lmroman10-bold]:mapping=tex-text;!
Missing character: There is no 把 (U+628A) in font [lmroman10-bold]:mapping=tex-text;!
Missing character: There is no 漂 (U+6F02) in font [lmroman10-bold]:mapping=tex-text;!
Missing character: There is no 移 (U+79FB) in font [lmroman10-bold]:mapping=tex-text;!
Missing character: There is no 误 (U+8BEF) in font [lmroman10-bold]:mapping=tex-text;!
Missing character: There is no 差 (U+5DEE) in font [lmroman10-bold]:mapping=tex-text;!
Missing character: There is no 提 (U+63D0) in font [lmroman10-bold]:mapping=tex-text;!
Missing character: There is no 纯 (U+7EAF) in font [lmroman10-bold]:mapping=tex-text;!
Missing character: There is no 掉 (U+6389) in font [lmroman10-bold]:mapping=tex-text;!
Missing character: There is no （ (U+FF08) in font [lmroman10-bold]:mapping=tex-text;!
Missing character: There is no 用 (U+7528) in font [lmroman10-bold]:mapping=tex-text;!
Missing character: There is no 地 (U+5730) in font [lmroman10-bold]:mapping=tex-text;!
Missing character: There is no 图 (U+56FE) in font [lmroman10-bold]:mapping=tex-text;!
Missing character: There is no 图 (U+56FE) in font [lmroman10-bold]:mapping=tex-text;!
Missing character: There is no 结 (U+7ED3) in font [lmroman10-bold]:mapping=tex-text;!
Missing character: There is no 构 (U+6784) in font [lmroman10-bold]:mapping=tex-text;!
Missing character: There is no 约 (U+7EA6) in font [lmroman10-bold]:mapping=tex-text;!
Missing character: There is no 束 (U+675F) in font [lmroman10-bold]:mapping=tex-text;!
Missing character: There is no ） (U+FF09) in font [lmroman10-bold]:mapping=tex-text;!
Missing character: There is no 观 (U+89C2) in font [lmroman10-bold]:mapping=tex-text;!
Missing character: There is no 测 (U+6D4B) in font [lmroman10-bold]:mapping=tex-text;!
Missing character: There is no 观 (U+89C2) in font [lmroman10-bold]:mapping=tex-text;!
Missing character: There is no 测 (U+6D4B) in font [lmroman10-bold]:mapping=tex-text;!
Missing character: There is no 观 (U+89C2) in font [lmroman10-bold]:mapping=tex-text;!
Missing character: There is no 测 (U+6D4B) in font [lmroman10-bold]:mapping=tex-text;!
Missing character: There is no ： (U+FF1A) in font [lmroman10-regular]:mapping=tex-text;!
Missing character: There is no 把 (U+628A) in font [lmroman10-regular]:mapping=tex-text;!
Missing character: There is no 多 (U+591A) in font [lmroman10-regular]:mapping=tex-text;!
Missing character: There is no 径 (U+5F84) in font [lmroman10-regular]:mapping=tex-text;!
Missing character: There is no 结 (U+7ED3) in font [lmroman10-regular]:mapping=tex-text;!
Missing character: There is no 构 (U+6784) in font [lmroman10-regular]:mapping=tex-text;!
Missing character: There is no 当 (U+5F53) in font [lmroman10-regular]:mapping=tex-text;!
Missing character: There is no 成 (U+6210) in font [lmroman10-regular]:mapping=tex-text;!
Missing character: There is no 可 (U+53EF) in font [lmroman10-regular]:mapping=tex-text;!
Missing character: There is no 利 (U+5229) in font [lmroman10-regular]:mapping=tex-text;!
Missing character: There is no 用 (U+7528) in font [lmroman10-regular]:mapping=tex-text;!
Missing character: There is no 资 (U+8D44) in font [lmroman10-regular]:mapping=tex-text;!
Missing character: There is no 源 (U+6E90) in font [lmroman10-regular]:mapping=tex-text;!
Missing character: There is no 来 (U+6765) in font [lmroman10-regular]:mapping=tex-text;!
Missing character: There is no 估 (U+4F30) in font [lmroman10-regular]:mapping=tex-text;!
Missing character: There is no 速 (U+901F) in font [lmroman10-regular]:mapping=tex-text;!
Missing character: There is no 度 (U+5EA6) in font [lmroman10-regular]:mapping=tex-text;!
Missing character: There is no 位 (U+4F4D) in font [lmroman10-regular]:mapping=tex-text;!
Missing character: There is no 移 (U+79FB) in font [lmroman10-regular]:mapping=tex-text;!
Missing character: There is no （ (U+FF08) in font [lmroman10-regular]:mapping=tex-text;!
Missing character: There is no 它 (U+5B83) in font [lmroman10-regular]:mapping=tex-text;!
Missing character: There is no 把 (U+628A) in font [lmroman10-regular]:mapping=tex-text;!
Missing character: There is no 多 (U+591A) in font [lmroman10-regular]:mapping=tex-text;!
Missing character: There is no 径 (U+5F84) in font [lmroman10-regular]:mapping=tex-text;!
Missing character: There is no 看 (U+770B) in font [lmroman10-regular]:mapping=tex-text;!
Missing character: There is no 成 (U+6210) in font [lmroman10-regular]:mapping=tex-text;!
Missing character: There is no 虚 (U+865A) in font [lmroman10-regular]:mapping=tex-text;!
Missing character: There is no 拟 (U+62DF) in font [lmroman10-regular]:mapping=tex-text;!
Missing character: There is no 天 (U+5929) in font [lmroman10-regular]:mapping=tex-text;!
Missing character: There is no 线 (U+7EBF) in font [lmroman10-regular]:mapping=tex-text;!
Missing character: There is no 来 (U+6765) in font [lmroman10-regular]:mapping=tex-text;!
Missing character: There is no 做 (U+505A) in font [lmroman10-regular]:mapping=tex-text;!
Missing character: There is no 测 (U+6D4B) in font [lmroman10-regular]:mapping=tex-text;!
Missing character: There is no 量 (U+91CF) in font [lmroman10-regular]:mapping=tex-text;!
Missing character: There is no 思 (U+601D) in font [lmroman10-regular]:mapping=tex-text;!
Missing character: There is no 路 (U+8DEF) in font [lmroman10-regular]:mapping=tex-text;!
Missing character: There is no ） (U+FF09) in font [lmroman10-regular]:mapping=tex-text;!
Missing character: There is no 。 (U+3002) in font [lmroman10-regular]:mapping=tex-text;!
Missing character: There is no 提 (U+63D0) in font [lmroman10-bold]:mapping=tex-text;!
Missing character: There is no 纯 (U+7EAF) in font [lmroman10-bold]:mapping=tex-text;!
Missing character: There is no 提 (U+63D0) in font [lmroman10-bold]:mapping=tex-text;!
Missing character: There is no 纯 (U+7EAF) in font [lmroman10-bold]:mapping=tex-text;!
Missing character: There is no 提 (U+63D0) in font [lmroman10-bold]:mapping=tex-text;!
Missing character: There is no 纯 (U+7EAF) in font [lmroman10-bold]:mapping=tex-text;!
Missing character: There is no 静 (U+9759) in font [lmroman10-bold]:mapping=tex-text;!
Missing character: There is no 态 (U+6001) in font [lmroman10-bold]:mapping=tex-text;!
Missing character: There is no 处 (U+5904) in font [lmroman10-bold]:mapping=tex-text;!
Missing character: There is no 理 (U+7406) in font [lmroman10-bold]:mapping=tex-text;!
Missing character: There is no ： (U+FF1A) in font [lmroman10-regular]:mapping=tex-text;!
Missing character: There is no 更 (U+66F4) in font [lmroman10-regular]:mapping=tex-text;!
Missing character: There is no 强 (U+5F3A) in font [lmroman10-regular]:mapping=tex-text;!
Missing character: There is no 调 (U+8C03) in font [lmroman10-regular]:mapping=tex-text;!
Missing character: There is no 的 (U+7684) in font [lmroman10-regular]:mapping=tex-text;!
Missing character: There is no 是 (U+662F) in font [lmroman10-regular]:mapping=tex-text;!
Missing character: There is no ： (U+FF1A) in font [lmroman10-regular]:mapping=tex-text;!
Missing character: There is no 在 (U+5728) in font [lmroman10-regular]:mapping=tex-text;!
Missing character: There is no 连 (U+8FDE) in font [lmroman10-regular]:mapping=tex-text;!
Missing character: There is no 续 (U+7EED) in font [lmroman10-regular]:mapping=tex-text;!
Missing character: There is no 跟 (U+8DDF) in font [lmroman10-regular]:mapping=tex-text;!
Missing character: There is no 踪 (U+8E2A) in font [lmroman10-regular]:mapping=tex-text;!
Missing character: There is no 里 (U+91CC) in font [lmroman10-regular]:mapping=tex-text;!
Missing character: There is no ， (U+FF0C) in font [lmroman10-regular]:mapping=tex-text;!
Missing character: There is no 误 (U+8BEF) in font [lmroman10-regular]:mapping=tex-text;!
Missing character: There is no 差 (U+5DEE) in font [lmroman10-regular]:mapping=tex-text;!
Missing character: There is no 会 (U+4F1A) in font [lmroman10-regular]:mapping=tex-text;!
Missing character: There is no 累 (U+7D2F) in font [lmroman10-regular]:mapping=tex-text;!
Missing character: There is no 积 (U+79EF) in font [lmroman10-regular]:mapping=tex-text;!
Missing character: There is no ， (U+FF0C) in font [lmroman10-regular]:mapping=tex-text;!
Missing character: There is no 所 (U+6240) in font [lmroman10-regular]:mapping=tex-text;!
Missing character: There is no 以 (U+4EE5) in font [lmroman10-regular]:mapping=tex-text;!
Missing character: There is no 必 (U+5FC5) in font [lmroman10-regular]:mapping=tex-text;!
Missing character: There is no 须 (U+987B) in font [lmroman10-regular]:mapping=tex-text;!
Missing character: There is no 用 (U+7528) in font [lmroman10-regular]:mapping=tex-text;!
Missing character: There is no 地 (U+5730) in font [lmroman10-regular]:mapping=tex-text;!
Missing character: There is no 图 (U+56FE) in font [lmroman10-regular]:mapping=tex-text;!
Missing character: There is no 图 (U+56FE) in font [lmroman10-regular]:mapping=tex-text;!
Missing character: There is no 结 (U+7ED3) in font [lmroman10-regular]:mapping=tex-text;!
Missing character: There is no 构 (U+6784) in font [lmroman10-regular]:mapping=tex-text;!
Missing character: There is no 与 (U+4E0E) in font [lmroman10-regular]:mapping=tex-text;!
Missing character: There is no 粒 (U+7C92) in font [lmroman10-regular]:mapping=tex-text;!
Missing character: There is no 子 (U+5B50) in font [lmroman10-regular]:mapping=tex-text;!
Missing character: There is no 滤 (U+6EE4) in font [lmroman10-regular]:mapping=tex-text;!
Missing character: There is no 波 (U+6CE2) in font [lmroman10-regular]:mapping=tex-text;!
Missing character: There is no 来 (U+6765) in font [lmroman10-regular]:mapping=tex-text;!
Missing character: There is no 纠 (U+7EA0) in font [lmroman10-regular]:mapping=tex-text;!
Missing character: There is no 偏 (U+504F) in font [lmroman10-regular]:mapping=tex-text;!
Missing character: There is no 、 (U+3001) in font [lmroman10-regular]:mapping=tex-text;!
Missing character: There is no 抑 (U+6291) in font [lmroman10-regular]:mapping=tex-text;!
Missing character: There is no 制 (U+5236) in font [lmroman10-regular]:mapping=tex-text;!
Missing character: There is no 漂 (U+6F02) in font [lmroman10-regular]:mapping=tex-text;!
Missing character: There is no 移 (U+79FB) in font [lmroman10-regular]:mapping=tex-text;!
Missing character: There is no （ (U+FF08) in font [lmroman10-regular]:mapping=tex-text;!
Missing character: There is no 这 (U+8FD9) in font [lmroman10-regular]:mapping=tex-text;!
Missing character: There is no 是 (U+662F) in font [lmroman10-regular]:mapping=tex-text;!
Missing character: There is no 一 (U+4E00) in font [lmroman10-regular]:mapping=tex-text;!
Missing character: There is no 种 (U+79CD) in font [lmroman10-regular]:mapping=tex-text;!
Missing character: There is no 状 (U+72B6) in font [lmroman10-regular]:mapping=tex-text;!
Missing character: There is no 态 (U+6001) in font [lmroman10-regular]:mapping=tex-text;!
Missing character: There is no 层 (U+5C42) in font [lmroman10-regular]:mapping=tex-text;!
Missing character: There is no 提 (U+63D0) in font [lmroman10-regular]:mapping=tex-text;!
Missing character: There is no 纯 (U+7EAF) in font [lmroman10-regular]:mapping=tex-text;!
Missing character: There is no ） (U+FF09) in font [lmroman10-regular]:mapping=tex-text;!
Missing character: There is no ， (U+FF0C) in font [lmroman10-regular]:mapping=tex-text;!
Missing character: There is no 并 (U+5E76) in font [lmroman10-regular]:mapping=tex-text;!
Missing character: There is no 专 (U+4E13) in font [lmroman10-regular]:mapping=tex-text;!
Missing character: There is no 门 (U+95E8) in font [lmroman10-regular]:mapping=tex-text;!
Missing character: There is no 研 (U+7814) in font [lmroman10-regular]:mapping=tex-text;!
Missing character: There is no 究 (U+7A76) in font [lmroman10-regular]:mapping=tex-text;!
Missing character: There is no 方 (U+65B9) in font [lmroman10-regular]:mapping=tex-text;!
Missing character: There is no 向 (U+5411) in font [lmroman10-regular]:mapping=tex-text;!
Missing character: There is no 重 (U+91CD) in font [lmroman10-regular]:mapping=tex-text;!
Missing character: There is no 置 (U+7F6E) in font [lmroman10-regular]:mapping=tex-text;!
Missing character: There is no 减 (U+51CF) in font [lmroman10-regular]:mapping=tex-text;!
Missing character: There is no 少 (U+5C11) in font [lmroman10-regular]:mapping=tex-text;!
Missing character: There is no 大 (U+5927) in font [lmroman10-regular]:mapping=tex-text;!
Missing character: There is no 误 (U+8BEF) in font [lmroman10-regular]:mapping=tex-text;!
Missing character: There is no 差 (U+5DEE) in font [lmroman10-regular]:mapping=tex-text;!
Missing character: There is no 。 (U+3002) in font [lmroman10-regular]:mapping=tex-text;!
Missing character: There is no 中 (U+4E2D) in font [lmroman10-bold]:mapping=tex-text;!
Missing character: There is no 间 (U+95F4) in font [lmroman10-bold]:mapping=tex-text;!
Missing character: There is no 中 (U+4E2D) in font [lmroman10-bold]:mapping=tex-text;!
Missing character: There is no 间 (U+95F4) in font [lmroman10-bold]:mapping=tex-text;!
Missing character: There is no 中 (U+4E2D) in font [lmroman10-bold]:mapping=tex-text;!
Missing character: There is no 间 (U+95F4) in font [lmroman10-bold]:mapping=tex-text;!
Missing character: There is no 状 (U+72B6) in font [lmroman10-bold]:mapping=tex-text;!
Missing character: There is no 态 (U+6001) in font [lmroman10-bold]:mapping=tex-text;!
Missing character: There is no ： (U+FF1A) in font [lmroman10-regular]:mapping=tex-text;!
Missing character: There is no 移 (U+79FB) in font [lmroman10-regular]:mapping=tex-text;!
Missing character: There is no 动 (U+52A8) in font [lmroman10-regular]:mapping=tex-text;!
Missing character: There is no 距 (U+8DDD) in font [lmroman10-regular]:mapping=tex-text;!
Missing character: There is no 离 (U+79BB) in font [lmroman10-regular]:mapping=tex-text;!
Missing character: There is no 位 (U+4F4D) in font [lmroman10-regular]:mapping=tex-text;!
Missing character: There is no 移 (U+79FB) in font [lmroman10-regular]:mapping=tex-text;!
Missing character: There is no 增 (U+589E) in font [lmroman10-regular]:mapping=tex-text;!
Missing character: There is no 量 (U+91CF) in font [lmroman10-regular]:mapping=tex-text;!
Missing character: There is no （ (U+FF08) in font [lmroman10-regular]:mapping=tex-text;!
Missing character: There is no 再 (U+518D) in font [lmroman10-regular]:mapping=tex-text;!
Missing character: There is no 积 (U+79EF) in font [lmroman10-regular]:mapping=tex-text;!
Missing character: There is no 分 (U+5206) in font [lmroman10-regular]:mapping=tex-text;!
Missing character: There is no 成 (U+6210) in font [lmroman10-regular]:mapping=tex-text;!
Missing character: There is no 轨 (U+8F68) in font [lmroman10-regular]:mapping=tex-text;!
Missing character: There is no 迹 (U+8FF9) in font [lmroman10-regular]:mapping=tex-text;!
Missing character: There is no ） (U+FF09) in font [lmroman10-regular]:mapping=tex-text;!
Missing character: There is no 。 (U+3002) in font [lmroman10-regular]:mapping=tex-text;!
Missing character: There is no 状 (U+72B6) in font [lmroman10-bold]:mapping=tex-text;!
Missing character: There is no 态 (U+6001) in font [lmroman10-bold]:mapping=tex-text;!
Missing character: There is no 状 (U+72B6) in font [lmroman10-bold]:mapping=tex-text;!
Missing character: There is no 态 (U+6001) in font [lmroman10-bold]:mapping=tex-text;!
Missing character: There is no 状 (U+72B6) in font [lmroman10-bold]:mapping=tex-text;!
Missing character: There is no 态 (U+6001) in font [lmroman10-bold]:mapping=tex-text;!
Missing character: There is no 估 (U+4F30) in font [lmroman10-bold]:mapping=tex-text;!
Missing character: There is no 计 (U+8BA1) in font [lmroman10-bold]:mapping=tex-text;!
Missing character: There is no 推 (U+63A8) in font [lmroman10-bold]:mapping=tex-text;!
Missing character: There is no 断 (U+65AD) in font [lmroman10-bold]:mapping=tex-text;!
Missing character: There is no ： (U+FF1A) in font [lmroman10-regular]:mapping=tex-text;!
Missing character: There is no 图 (U+56FE) in font [lmroman10-regular]:mapping=tex-text;!
Missing character: There is no 上 (U+4E0A) in font [lmroman10-regular]:mapping=tex-text;!
Missing character: There is no 的 (U+7684) in font [lmroman10-regular]:mapping=tex-text;!
Missing character: There is no 粒 (U+7C92) in font [lmroman10-regular]:mapping=tex-text;!
Missing character: There is no 子 (U+5B50) in font [lmroman10-regular]:mapping=tex-text;!
Missing character: There is no 滤 (U+6EE4) in font [lmroman10-regular]:mapping=tex-text;!
Missing character: There is no 波 (U+6CE2) in font [lmroman10-regular]:mapping=tex-text;!
Missing character: There is no （ (U+FF08) in font [lmroman10-regular]:mapping=tex-text;!
Missing character: There is no ） (U+FF09) in font [lmroman10-regular]:mapping=tex-text;!
Missing character: There is no 。 (U+3002) in font [lmroman10-regular]:mapping=tex-text;!
Missing character: There is no 权 (U+6743) in font [lmroman10-bold]:mapping=tex-text;!
Missing character: There is no 衡 (U+8861) in font [lmroman10-bold]:mapping=tex-text;!
Missing character: There is no 权 (U+6743) in font [lmroman10-bold]:mapping=tex-text;!
Missing character: There is no 衡 (U+8861) in font [lmroman10-bold]:mapping=tex-text;!
Missing character: There is no 权 (U+6743) in font [lmroman10-bold]:mapping=tex-text;!
Missing character: There is no 衡 (U+8861) in font [lmroman10-bold]:mapping=tex-text;!
Missing character: There is no ： (U+FF1A) in font [lmroman10-regular]:mapping=tex-text;!
Missing character: There is no 低 (U+4F4E) in font [lmroman10-regular]:mapping=tex-text;!
Missing character: There is no 部 (U+90E8) in font [lmroman10-regular]:mapping=tex-text;!
Missing character: There is no 署 (U+7F72) in font [lmroman10-regular]:mapping=tex-text;!
Missing character: There is no 成 (U+6210) in font [lmroman10-regular]:mapping=tex-text;!
Missing character: There is no 本 (U+672C) in font [lmroman10-regular]:mapping=tex-text;!
Missing character: There is no 、 (U+3001) in font [lmroman10-regular]:mapping=tex-text;!
Missing character: There is no 实 (U+5B9E) in font [lmroman10-regular]:mapping=tex-text;!
Missing character: There is no 时 (U+65F6) in font [lmroman10-regular]:mapping=tex-text;!
Missing character: There is no 可 (U+53EF) in font [lmroman10-regular]:mapping=tex-text;!
Missing character: There is no 用 (U+7528) in font [lmroman10-regular]:mapping=tex-text;!
Missing character: There is no 需 (U+9700) in font [lmroman10-regular]:mapping=tex-text;!
Missing character: There is no 要 (U+8981) in font [lmroman10-regular]:mapping=tex-text;!
Missing character: There is no 地 (U+5730) in font [lmroman10-regular]:mapping=tex-text;!
Missing character: There is no 图 (U+56FE) in font [lmroman10-regular]:mapping=tex-text;!
Missing character: There is no 先 (U+5148) in font [lmroman10-regular]:mapping=tex-text;!
Missing character: There is no 验 (U+9A8C) in font [lmroman10-regular]:mapping=tex-text;!
Missing character: There is no 、 (U+3001) in font [lmroman10-regular]:mapping=tex-text;!
Missing character: There is no 并 (U+5E76) in font [lmroman10-regular]:mapping=tex-text;!
Missing character: There is no 且 (U+4E14) in font [lmroman10-regular]:mapping=tex-text;!
Missing character: There is no 对 (U+5BF9) in font [lmroman10-regular]:mapping=tex-text;!
Missing character: There is no 连 (U+8FDE) in font [lmroman10-regular]:mapping=tex-text;!
Missing character: There is no 续 (U+7EED) in font [lmroman10-regular]:mapping=tex-text;!
Missing character: There is no 误 (U+8BEF) in font [lmroman10-regular]:mapping=tex-text;!
Missing character: There is no 差 (U+5DEE) in font [lmroman10-regular]:mapping=tex-text;!
Missing character: There is no 积 (U+79EF) in font [lmroman10-regular]:mapping=tex-text;!
Missing character: There is no 累 (U+7D2F) in font [lmroman10-regular]:mapping=tex-text;!
Missing character: There is no 极 (U+6781) in font [lmroman10-regular]:mapping=tex-text;!
Missing character: There is no 敏 (U+654F) in font [lmroman10-regular]:mapping=tex-text;!
Missing character: There is no 感 (U+611F) in font [lmroman10-regular]:mapping=tex-text;!
Missing character: There is no （ (U+FF08) in font [lmroman10-regular]:mapping=tex-text;!
Missing character: There is no 这 (U+8FD9) in font [lmroman10-regular]:mapping=tex-text;!
Missing character: There is no 也 (U+4E5F) in font [lmroman10-regular]:mapping=tex-text;!
Missing character: There is no 与 (U+4E0E) in font [lmroman10-regular]:mapping=tex-text;!
Missing character: There is no 发 (U+53D1) in font [lmroman10-regular]:mapping=tex-text;!
Missing character: There is no 现 (U+73B0) in font [lmroman10-regular]:mapping=tex-text;!
Missing character: There is no 轨 (U+8F68) in font [lmroman10-regular]:mapping=tex-text;!
Missing character: There is no 迹 (U+8FF9) in font [lmroman10-regular]:mapping=tex-text;!
Missing character: There is no 任 (U+4EFB) in font [lmroman10-regular]:mapping=tex-text;!
Missing character: There is no 务 (U+52A1) in font [lmroman10-regular]:mapping=tex-text;!
Missing character: There is no 最 (U+6700) in font [lmroman10-regular]:mapping=tex-text;!
Missing character: There is no 怕 (U+6015) in font [lmroman10-regular]:mapping=tex-text;!
Missing character: There is no 失 (U+5931) in font [lmroman10-regular]:mapping=tex-text;!
Missing character: There is no 真 (U+771F) in font [lmroman10-regular]:mapping=tex-text;!
Missing character: There is no 累 (U+7D2F) in font [lmroman10-regular]:mapping=tex-text;!
Missing character: There is no 积 (U+79EF) in font [lmroman10-regular]:mapping=tex-text;!
Missing character: There is no 相 (U+76F8) in font [lmroman10-regular]:mapping=tex-text;!
Missing character: There is no 呼 (U+547C) in font [lmroman10-regular]:mapping=tex-text;!
Missing character: There is no 应 (U+5E94) in font [lmroman10-regular]:mapping=tex-text;!
Missing character: There is no ） (U+FF09) in font [lmroman10-regular]:mapping=tex-text;!
Missing character: There is no 。 (U+3002) in font [lmroman10-regular]:mapping=tex-text;!
Missing character: There is no ： (U+FF1A) in font [lmroman10-bold]:mapping=tex-text;!
Missing character: There is no 问 (U+95EE) in font [lmroman10-bold]:mapping=tex-text;!
Missing character: There is no 题 (U+9898) in font [lmroman10-bold]:mapping=tex-text;!
Missing character: There is no 改 (U+6539) in font [lmroman10-bold]:mapping=tex-text;!
Missing character: There is no 写 (U+5199) in font [lmroman10-bold]:mapping=tex-text;!
Missing character: There is no 成 (U+6210) in font [lmroman10-bold]:mapping=tex-text;!
Missing character: There is no 图 (U+56FE) in font [lmroman10-bold]:mapping=tex-text;!
Missing character: There is no 结 (U+7ED3) in font [lmroman10-bold]:mapping=tex-text;!
Missing character: There is no 构 (U+6784) in font [lmroman10-bold]:mapping=tex-text;!
Missing character: There is no 一 (U+4E00) in font [lmroman10-bold]:mapping=tex-text;!
Missing character: There is no 致 (U+81F4) in font [lmroman10-bold]:mapping=tex-text;!
Missing character: There is no 性 (U+6027) in font [lmroman10-bold]:mapping=tex-text;!
Missing character: There is no 在 (U+5728) in font [lmroman10-bold]:mapping=tex-text;!
Missing character: There is no 线 (U+7EBF) in font [lmroman10-bold]:mapping=tex-text;!
Missing character: There is no 跨 (U+8DE8) in font [lmroman10-bold]:mapping=tex-text;!
Missing character: There is no 域 (U+57DF) in font [lmroman10-bold]:mapping=tex-text;!
Missing character: There is no 适 (U+9002) in font [lmroman10-bold]:mapping=tex-text;!
Missing character: There is no 应 (U+5E94) in font [lmroman10-bold]:mapping=tex-text;!
Missing character: There is no 强 (U+5F3A) in font [lmroman10-regular]:mapping=tex-text;!
Missing character: There is no 调 (U+8C03) in font [lmroman10-regular]:mapping=tex-text;!
Missing character: There is no 强 (U+5F3A) in font [lmroman10-regular]:mapping=tex-text;!
Missing character: There is no 调 (U+8C03) in font [lmroman10-regular]:mapping=tex-text;!
Missing character: There is no 强 (U+5F3A) in font [lmroman10-regular]:mapping=tex-text;!
Missing character: There is no 调 (U+8C03) in font [lmroman10-regular]:mapping=tex-text;!
Missing character: There is no 传 (U+4F20) in font [lmroman10-regular]:mapping=tex-text;!
Missing character: There is no 统 (U+7EDF) in font [lmroman10-regular]:mapping=tex-text;!
Missing character: There is no 定 (U+5B9A) in font [lmroman10-regular]:mapping=tex-text;!
Missing character: There is no 位 (U+4F4D) in font [lmroman10-regular]:mapping=tex-text;!
Missing character: There is no 依 (U+4F9D) in font [lmroman10-regular]:mapping=tex-text;!
Missing character: There is no 赖 (U+8D56) in font [lmroman10-regular]:mapping=tex-text;!
Missing character: There is no 大 (U+5927) in font [lmroman10-regular]:mapping=tex-text;!
Missing character: There is no 量 (U+91CF) in font [lmroman10-regular]:mapping=tex-text;!
Missing character: There is no 离 (U+79BB) in font [lmroman10-regular]:mapping=tex-text;!
Missing character: There is no 线 (U+7EBF) in font [lmroman10-regular]:mapping=tex-text;!
Missing character: There is no 数 (U+6570) in font [lmroman10-regular]:mapping=tex-text;!
Missing character: There is no 据 (U+636E) in font [lmroman10-regular]:mapping=tex-text;!
Missing character: There is no ， (U+FF0C) in font [lmroman10-regular]:mapping=tex-text;!
Missing character: There is no 但 (U+4F46) in font [lmroman10-regular]:mapping=tex-text;!
Missing character: There is no 现 (U+73B0) in font [lmroman10-regular]:mapping=tex-text;!
Missing character: There is no 实 (U+5B9E) in font [lmroman10-regular]:mapping=tex-text;!
Missing character: There is no 中 (U+4E2D) in font [lmroman10-regular]:mapping=tex-text;!
Missing character: There is no 统 (U+7EDF) in font [lmroman10-regular]:mapping=tex-text;!
Missing character: There is no 计 (U+8BA1) in font [lmroman10-regular]:mapping=tex-text;!
Missing character: There is no 会 (U+4F1A) in font [lmroman10-regular]:mapping=tex-text;!
Missing character: There is no 失 (U+5931) in font [lmroman10-regular]:mapping=tex-text;!
Missing character: There is no 效 (U+6548) in font [lmroman10-regular]:mapping=tex-text;!
Missing character: There is no ， (U+FF0C) in font [lmroman10-regular]:mapping=tex-text;!
Missing character: There is no 所 (U+6240) in font [lmroman10-regular]:mapping=tex-text;!
Missing character: There is no 以 (U+4EE5) in font [lmroman10-regular]:mapping=tex-text;!
Missing character: There is no 提 (U+63D0) in font [lmroman10-regular]:mapping=tex-text;!
Missing character: There is no 出 (U+51FA) in font [lmroman10-regular]:mapping=tex-text;!
Missing character: There is no ： (U+FF1A) in font [lmroman10-regular]:mapping=tex-text;!
Missing character: There is no 训 (U+8BAD) in font [lmroman10-regular]:mapping=tex-text;!
Missing character: There is no 练 (U+7EC3) in font [lmroman10-regular]:mapping=tex-text;!
Missing character: There is no 与 (U+4E0E) in font [lmroman10-regular]:mapping=tex-text;!
Missing character: There is no 推 (U+63A8) in font [lmroman10-regular]:mapping=tex-text;!
Missing character: There is no 断 (U+65AD) in font [lmroman10-regular]:mapping=tex-text;!
Missing character: There is no 同 (U+540C) in font [lmroman10-regular]:mapping=tex-text;!
Missing character: There is no 步 (U+6B65) in font [lmroman10-regular]:mapping=tex-text;!
Missing character: There is no 发 (U+53D1) in font [lmroman10-regular]:mapping=tex-text;!
Missing character: There is no 生 (U+751F) in font [lmroman10-regular]:mapping=tex-text;!
Missing character: There is no 。 (U+3002) in font [lmroman10-regular]:mapping=tex-text;!
Missing character: There is no 提 (U+63D0) in font [lmroman10-bold]:mapping=tex-text;!
Missing character: There is no 纯 (U+7EAF) in font [lmroman10-bold]:mapping=tex-text;!
Missing character: There is no 提 (U+63D0) in font [lmroman10-bold]:mapping=tex-text;!
Missing character: There is no 纯 (U+7EAF) in font [lmroman10-bold]:mapping=tex-text;!
Missing character: There is no 提 (U+63D0) in font [lmroman10-bold]:mapping=tex-text;!
Missing character: There is no 纯 (U+7EAF) in font [lmroman10-bold]:mapping=tex-text;!
Missing character: There is no 静 (U+9759) in font [lmroman10-bold]:mapping=tex-text;!
Missing character: There is no 态 (U+6001) in font [lmroman10-bold]:mapping=tex-text;!
Missing character: There is no 处 (U+5904) in font [lmroman10-bold]:mapping=tex-text;!
Missing character: There is no 理 (U+7406) in font [lmroman10-bold]:mapping=tex-text;!
Missing character: There is no ： (U+FF1A) in font [lmroman10-regular]:mapping=tex-text;!
Missing character: There is no 更 (U+66F4) in font [lmroman10-regular]:mapping=tex-text;!
Missing character: There is no 像 (U+50CF) in font [lmroman10-regular]:mapping=tex-text;!
Missing character: There is no 是 (U+662F) in font [lmroman10-regular]:mapping=tex-text;!
Missing character: There is no 用 (U+7528) in font [lmroman10-regular]:mapping=tex-text;!
Missing character: There is no 结 (U+7ED3) in font [lmroman10-regular]:mapping=tex-text;!
Missing character: There is no 构 (U+6784) in font [lmroman10-regular]:mapping=tex-text;!
Missing character: There is no 损 (U+635F) in font [lmroman10-regular]:mapping=tex-text;!
Missing character: There is no 失 (U+5931) in font [lmroman10-regular]:mapping=tex-text;!
Missing character: There is no 把 (U+628A) in font [lmroman10-regular]:mapping=tex-text;!
Missing character: There is no 不 (U+4E0D) in font [lmroman10-regular]:mapping=tex-text;!
Missing character: There is no 稳 (U+7A33) in font [lmroman10-regular]:mapping=tex-text;!
Missing character: There is no 定 (U+5B9A) in font [lmroman10-regular]:mapping=tex-text;!
Missing character: There is no 环 (U+73AF) in font [lmroman10-regular]:mapping=tex-text;!
Missing character: There is no 境 (U+5883) in font [lmroman10-regular]:mapping=tex-text;!
Missing character: There is no 差 (U+5DEE) in font [lmroman10-regular]:mapping=tex-text;!
Missing character: There is no 异 (U+5F02) in font [lmroman10-regular]:mapping=tex-text;!
Missing character: There is no 吸 (U+5438) in font [lmroman10-regular]:mapping=tex-text;!
Missing character: There is no 收 (U+6536) in font [lmroman10-regular]:mapping=tex-text;!
Missing character: There is no 掉 (U+6389) in font [lmroman10-regular]:mapping=tex-text;!
Missing character: There is no ， (U+FF0C) in font [lmroman10-regular]:mapping=tex-text;!
Missing character: There is no 例 (U+4F8B) in font [lmroman10-regular]:mapping=tex-text;!
Missing character: There is no 如 (U+5982) in font [lmroman10-regular]:mapping=tex-text;!
Missing character: There is no 它 (U+5B83) in font [lmroman10-regular]:mapping=tex-text;!
Missing character: There is no 用 (U+7528) in font [lmroman10-regular]:mapping=tex-text;!
Missing character: There is no 相 (U+76F8) in font [lmroman10-regular]:mapping=tex-text;!
Missing character: There is no 邻 (U+90BB) in font [lmroman10-regular]:mapping=tex-text;!
Missing character: There is no 点 (U+70B9) in font [lmroman10-regular]:mapping=tex-text;!
Missing character: There is no 距 (U+8DDD) in font [lmroman10-regular]:mapping=tex-text;!
Missing character: There is no 离 (U+79BB) in font [lmroman10-regular]:mapping=tex-text;!
Missing character: There is no 归 (U+5F52) in font [lmroman10-regular]:mapping=tex-text;!
Missing character: There is no 一 (U+4E00) in font [lmroman10-regular]:mapping=tex-text;!
Missing character: There is no 化 (U+5316) in font [lmroman10-regular]:mapping=tex-text;!
Missing character: There is no 后 (U+540E) in font [lmroman10-regular]:mapping=tex-text;!
Missing character: There is no 的 (U+7684) in font [lmroman10-regular]:mapping=tex-text;!
Missing character: There is no 方 (U+65B9) in font [lmroman10-regular]:mapping=tex-text;!
Missing character: There is no 差 (U+5DEE) in font [lmroman10-regular]:mapping=tex-text;!
Missing character: There is no 约 (U+7EA6) in font [lmroman10-regular]:mapping=tex-text;!
Missing character: There is no 束 (U+675F) in font [lmroman10-regular]:mapping=tex-text;!
Missing character: There is no 来 (U+6765) in font [lmroman10-regular]:mapping=tex-text;!
Missing character: There is no 稳 (U+7A33) in font [lmroman10-regular]:mapping=tex-text;!
Missing character: There is no 定 (U+5B9A) in font [lmroman10-regular]:mapping=tex-text;!
Missing character: There is no 学 (U+5B66) in font [lmroman10-regular]:mapping=tex-text;!
Missing character: There is no 习 (U+4E60) in font [lmroman10-regular]:mapping=tex-text;!
Missing character: There is no （ (U+FF08) in font [lmroman10-regular]:mapping=tex-text;!
Missing character: There is no 这 (U+8FD9) in font [lmroman10-regular]:mapping=tex-text;!
Missing character: There is no 属 (U+5C5E) in font [lmroman10-regular]:mapping=tex-text;!
Missing character: There is no 于 (U+4E8E) in font [lmroman10-regular]:mapping=tex-text;!
Missing character: There is no 结 (U+7ED3) in font [lmroman10-regular]:mapping=tex-text;!
Missing character: There is no 构 (U+6784) in font [lmroman10-regular]:mapping=tex-text;!
Missing character: There is no 化 (U+5316) in font [lmroman10-regular]:mapping=tex-text;!
Missing character: There is no 正 (U+6B63) in font [lmroman10-regular]:mapping=tex-text;!
Missing character: There is no 则 (U+5219) in font [lmroman10-regular]:mapping=tex-text;!
Missing character: There is no 的 (U+7684) in font [lmroman10-regular]:mapping=tex-text;!
Missing character: There is no 提 (U+63D0) in font [lmroman10-regular]:mapping=tex-text;!
Missing character: There is no 纯 (U+7EAF) in font [lmroman10-regular]:mapping=tex-text;!
Missing character: There is no ） (U+FF09) in font [lmroman10-regular]:mapping=tex-text;!
Missing character: There is no 中 (U+4E2D) in font [lmroman10-bold]:mapping=tex-text;!
Missing character: There is no 间 (U+95F4) in font [lmroman10-bold]:mapping=tex-text;!
Missing character: There is no 中 (U+4E2D) in font [lmroman10-bold]:mapping=tex-text;!
Missing character: There is no 间 (U+95F4) in font [lmroman10-bold]:mapping=tex-text;!
Missing character: There is no 中 (U+4E2D) in font [lmroman10-bold]:mapping=tex-text;!
Missing character: There is no 间 (U+95F4) in font [lmroman10-bold]:mapping=tex-text;!
Missing character: There is no 状 (U+72B6) in font [lmroman10-bold]:mapping=tex-text;!
Missing character: There is no 态 (U+6001) in font [lmroman10-bold]:mapping=tex-text;!
Missing character: There is no ： (U+FF1A) in font [lmroman10-regular]:mapping=tex-text;!
Missing character: There is no 图 (U+56FE) in font [lmroman10-regular]:mapping=tex-text;!
Missing character: There is no 上 (U+4E0A) in font [lmroman10-regular]:mapping=tex-text;!
Missing character: There is no 的 (U+7684) in font [lmroman10-regular]:mapping=tex-text;!
Missing character: There is no 节 (U+8282) in font [lmroman10-regular]:mapping=tex-text;!
Missing character: There is no 点 (U+70B9) in font [lmroman10-regular]:mapping=tex-text;!
Missing character: There is no 边 (U+8FB9) in font [lmroman10-regular]:mapping=tex-text;!
Missing character: There is no 一 (U+4E00) in font [lmroman10-regular]:mapping=tex-text;!
Missing character: There is no 致 (U+81F4) in font [lmroman10-regular]:mapping=tex-text;!
Missing character: There is no 性 (U+6027) in font [lmroman10-regular]:mapping=tex-text;!
Missing character: There is no （ (U+FF08) in font [lmroman10-regular]:mapping=tex-text;!
Missing character: There is no 而 (U+800C) in font [lmroman10-regular]:mapping=tex-text;!
Missing character: There is no 非 (U+975E) in font [lmroman10-regular]:mapping=tex-text;!
Missing character: There is no 显 (U+663E) in font [lmroman10-regular]:mapping=tex-text;!
Missing character: There is no 式 (U+5F0F) in font [lmroman10-regular]:mapping=tex-text;!
Missing character: There is no 速 (U+901F) in font [lmroman10-regular]:mapping=tex-text;!
Missing character: There is no 度 (U+5EA6) in font [lmroman10-regular]:mapping=tex-text;!
Missing character: There is no 距 (U+8DDD) in font [lmroman10-regular]:mapping=tex-text;!
Missing character: There is no 离 (U+79BB) in font [lmroman10-regular]:mapping=tex-text;!
Missing character: There is no ） (U+FF09) in font [lmroman10-regular]:mapping=tex-text;!
Missing character: There is no 状 (U+72B6) in font [lmroman10-bold]:mapping=tex-text;!
Missing character: There is no 态 (U+6001) in font [lmroman10-bold]:mapping=tex-text;!
Missing character: There is no 状 (U+72B6) in font [lmroman10-bold]:mapping=tex-text;!
Missing character: There is no 态 (U+6001) in font [lmroman10-bold]:mapping=tex-text;!
Missing character: There is no 状 (U+72B6) in font [lmroman10-bold]:mapping=tex-text;!
Missing character: There is no 态 (U+6001) in font [lmroman10-bold]:mapping=tex-text;!
Missing character: There is no 估 (U+4F30) in font [lmroman10-bold]:mapping=tex-text;!
Missing character: There is no 计 (U+8BA1) in font [lmroman10-bold]:mapping=tex-text;!
Missing character: There is no 推 (U+63A8) in font [lmroman10-bold]:mapping=tex-text;!
Missing character: There is no 断 (U+65AD) in font [lmroman10-bold]:mapping=tex-text;!
Missing character: There is no ： (U+FF1A) in font [lmroman10-regular]:mapping=tex-text;!
Missing character: There is no 图 (U+56FE) in font [lmroman10-regular]:mapping=tex-text;!
Missing character: There is no 学 (U+5B66) in font [lmroman10-regular]:mapping=tex-text;!
Missing character: There is no 习 (U+4E60) in font [lmroman10-regular]:mapping=tex-text;!
Missing character: There is no ， (U+FF0C) in font [lmroman10-regular]:mapping=tex-text;!
Missing character: There is no 在 (U+5728) in font [lmroman10-regular]:mapping=tex-text;!
Missing character: There is no 当 (U+5F53) in font [lmroman10-regular]:mapping=tex-text;!
Missing character: There is no 前 (U+524D) in font [lmroman10-regular]:mapping=tex-text;!
Missing character: There is no 轨 (U+8F68) in font [lmroman10-regular]:mapping=tex-text;!
Missing character: There is no 迹 (U+8FF9) in font [lmroman10-regular]:mapping=tex-text;!
Missing character: There is no 当 (U+5F53) in font [lmroman10-regular]:mapping=tex-text;!
Missing character: There is no 前 (U+524D) in font [lmroman10-regular]:mapping=tex-text;!
Missing character: There is no 环 (U+73AF) in font [lmroman10-regular]:mapping=tex-text;!
Missing character: There is no 境 (U+5883) in font [lmroman10-regular]:mapping=tex-text;!
Missing character: There is no 里 (U+91CC) in font [lmroman10-regular]:mapping=tex-text;!
Missing character: There is no 自 (U+81EA) in font [lmroman10-regular]:mapping=tex-text;!
Missing character: There is no 适 (U+9002) in font [lmroman10-regular]:mapping=tex-text;!
Missing character: There is no 应 (U+5E94) in font [lmroman10-regular]:mapping=tex-text;!
Missing character: There is no 权 (U+6743) in font [lmroman10-bold]:mapping=tex-text;!
Missing character: There is no 衡 (U+8861) in font [lmroman10-bold]:mapping=tex-text;!
Missing character: There is no 权 (U+6743) in font [lmroman10-bold]:mapping=tex-text;!
Missing character: There is no 衡 (U+8861) in font [lmroman10-bold]:mapping=tex-text;!
Missing character: There is no 权 (U+6743) in font [lmroman10-bold]:mapping=tex-text;!
Missing character: There is no 衡 (U+8861) in font [lmroman10-bold]:mapping=tex-text;!
Missing character: There is no ： (U+FF1A) in font [lmroman10-regular]:mapping=tex-text;!
Missing character: There is no 减 (U+51CF) in font [lmroman10-regular]:mapping=tex-text;!
Missing character: There is no 少 (U+5C11) in font [lmroman10-regular]:mapping=tex-text;!
Missing character: There is no 离 (U+79BB) in font [lmroman10-regular]:mapping=tex-text;!
Missing character: There is no 线 (U+7EBF) in font [lmroman10-regular]:mapping=tex-text;!
Missing character: There is no 采 (U+91C7) in font [lmroman10-regular]:mapping=tex-text;!
Missing character: There is no 集 (U+96C6) in font [lmroman10-regular]:mapping=tex-text;!
Missing character: There is no 与 (U+4E0E) in font [lmroman10-regular]:mapping=tex-text;!
Missing character: There is no 域 (U+57DF) in font [lmroman10-regular]:mapping=tex-text;!
Missing character: There is no 迁 (U+8FC1) in font [lmroman10-regular]:mapping=tex-text;!
Missing character: There is no 移 (U+79FB) in font [lmroman10-regular]:mapping=tex-text;!
Missing character: There is no 代 (U+4EE3) in font [lmroman10-regular]:mapping=tex-text;!
Missing character: There is no 价 (U+4EF7) in font [lmroman10-regular]:mapping=tex-text;!
Missing character: There is no 需 (U+9700) in font [lmroman10-regular]:mapping=tex-text;!
Missing character: There is no 要 (U+8981) in font [lmroman10-regular]:mapping=tex-text;!
Missing character: There is no 足 (U+8DB3) in font [lmroman10-regular]:mapping=tex-text;!
Missing character: There is no 够 (U+591F) in font [lmroman10-regular]:mapping=tex-text;!
Missing character: There is no 轨 (U+8F68) in font [lmroman10-regular]:mapping=tex-text;!
Missing character: There is no 迹 (U+8FF9) in font [lmroman10-regular]:mapping=tex-text;!
Missing character: There is no 覆 (U+8986) in font [lmroman10-regular]:mapping=tex-text;!
Missing character: There is no 盖 (U+76D6) in font [lmroman10-regular]:mapping=tex-text;!
Missing character: There is no 、 (U+3001) in font [lmroman10-regular]:mapping=tex-text;!
Missing character: There is no 并 (U+5E76) in font [lmroman10-regular]:mapping=tex-text;!
Missing character: There is no 且 (U+4E14) in font [lmroman10-regular]:mapping=tex-text;!
Missing character: There is no 推 (U+63A8) in font [lmroman10-regular]:mapping=tex-text;!
Missing character: There is no 断 (U+65AD) in font [lmroman10-regular]:mapping=tex-text;!
Missing character: There is no 过 (U+8FC7) in font [lmroman10-regular]:mapping=tex-text;!
Missing character: There is no 程 (U+7A0B) in font [lmroman10-regular]:mapping=tex-text;!
Missing character: There is no 带 (U+5E26) in font [lmroman10-regular]:mapping=tex-text;!
Missing character: There is no 训 (U+8BAD) in font [lmroman10-regular]:mapping=tex-text;!
Missing character: There is no 练 (U+7EC3) in font [lmroman10-regular]:mapping=tex-text;!
Missing character: There is no 成 (U+6210) in font [lmroman10-regular]:mapping=tex-text;!
Missing character: There is no 本 (U+672C) in font [lmroman10-regular]:mapping=tex-text;!
Missing character: There is no （ (U+FF08) in font [lmroman10-regular]:mapping=tex-text;!
Missing character: There is no 在 (U+5728) in font [lmroman10-regular]:mapping=tex-text;!
Missing character: There is no 线 (U+7EBF) in font [lmroman10-regular]:mapping=tex-text;!
Missing character: There is no 学 (U+5B66) in font [lmroman10-regular]:mapping=tex-text;!
Missing character: There is no 习 (U+4E60) in font [lmroman10-regular]:mapping=tex-text;!
Missing character: There is no 的 (U+7684) in font [lmroman10-regular]:mapping=tex-text;!
Missing character: There is no 代 (U+4EE3) in font [lmroman10-regular]:mapping=tex-text;!
Missing character: There is no 价 (U+4EF7) in font [lmroman10-regular]:mapping=tex-text;!
Missing character: There is no ） (U+FF09) in font [lmroman10-regular]:mapping=tex-text;!
Missing character: There is no 。 (U+3002) in font [lmroman10-regular]:mapping=tex-text;!
Missing character: There is no ： (U+FF1A) in font [lmroman10-bold]:mapping=tex-text;!
Missing character: There is no 它 (U+5B83) in font [lmroman10-bold]:mapping=tex-text;!
Missing character: There is no 关 (U+5173) in font [lmroman10-bold]:mapping=tex-text;!
Missing character: There is no 注 (U+6CE8) in font [lmroman10-bold]:mapping=tex-text;!
Missing character: There is no 的 (U+7684) in font [lmroman10-bold]:mapping=tex-text;!
Missing character: There is no 提 (U+63D0) in font [lmroman10-bold]:mapping=tex-text;!
Missing character: There is no 纯 (U+7EAF) in font [lmroman10-bold]:mapping=tex-text;!
Missing character: There is no 是 (U+662F) in font [lmroman10-bold]:mapping=tex-text;!
Missing character: There is no 让 (U+8BA9) in font [lmroman10-bold]:mapping=tex-text;!
Missing character: There is no 攻 (U+653B) in font [lmroman10-bold]:mapping=tex-text;!
Missing character: There is no 击 (U+51FB) in font [lmroman10-bold]:mapping=tex-text;!
Missing character: There is no 者 (U+8005) in font [lmroman10-bold]:mapping=tex-text;!
Missing character: There is no 提 (U+63D0) in font [lmroman10-bold]:mapping=tex-text;!
Missing character: There is no 不 (U+4E0D) in font [lmroman10-bold]:mapping=tex-text;!
Missing character: There is no 纯 (U+7EAF) in font [lmroman10-bold]:mapping=tex-text;!
Missing character: There is no 明 (U+660E) in font [lmroman10-regular]:mapping=tex-text;!
Missing character: There is no 确 (U+786E) in font [lmroman10-regular]:mapping=tex-text;!
Missing character: There is no 明 (U+660E) in font [lmroman10-regular]:mapping=tex-text;!
Missing character: There is no 确 (U+786E) in font [lmroman10-regular]:mapping=tex-text;!
Missing character: There is no 明 (U+660E) in font [lmroman10-regular]:mapping=tex-text;!
Missing character: There is no 确 (U+786E) in font [lmroman10-regular]:mapping=tex-text;!
Missing character: There is no 区 (U+533A) in font [lmroman10-regular]:mapping=tex-text;!
Missing character: There is no 分 (U+5206) in font [lmroman10-regular]:mapping=tex-text;!
Missing character: There is no 通 (U+901A) in font [lmroman10-regular]:mapping=tex-text;!
Missing character: There is no 信 (U+4FE1) in font [lmroman10-regular]:mapping=tex-text;!
Missing character: There is no 明 (U+660E) in font [lmroman10-regular]:mapping=tex-text;!
Missing character: There is no 文 (U+6587) in font [lmroman10-regular]:mapping=tex-text;!
Missing character: There is no 和 (U+548C) in font [lmroman10-regular]:mapping=tex-text;!
Missing character: There is no 物 (U+7269) in font [lmroman10-regular]:mapping=tex-text;!
Missing character: There is no 理 (U+7406) in font [lmroman10-regular]:mapping=tex-text;!
Missing character: There is no 明 (U+660E) in font [lmroman10-regular]:mapping=tex-text;!
Missing character: There is no 文 (U+6587) in font [lmroman10-regular]:mapping=tex-text;!
Missing character: There is no ， (U+FF0C) in font [lmroman10-regular]:mapping=tex-text;!
Missing character: There is no 把 (U+628A) in font [lmroman10-regular]:mapping=tex-text;!
Missing character: There is no 感 (U+611F) in font [lmroman10-regular]:mapping=tex-text;!
Missing character: There is no 知 (U+77E5) in font [lmroman10-regular]:mapping=tex-text;!
Missing character: There is no 隐 (U+9690) in font [lmroman10-regular]:mapping=tex-text;!
Missing character: There is no 私 (U+79C1) in font [lmroman10-regular]:mapping=tex-text;!
Missing character: There is no 当 (U+5F53) in font [lmroman10-regular]:mapping=tex-text;!
Missing character: There is no 作 (U+4F5C) in font [lmroman10-regular]:mapping=tex-text;!
Missing character: There is no 物 (U+7269) in font [lmroman10-regular]:mapping=tex-text;!
Missing character: There is no 理 (U+7406) in font [lmroman10-regular]:mapping=tex-text;!
Missing character: There is no 层 (U+5C42) in font [lmroman10-regular]:mapping=tex-text;!
Missing character: There is no 问 (U+95EE) in font [lmroman10-regular]:mapping=tex-text;!
Missing character: There is no 题 (U+9898) in font [lmroman10-regular]:mapping=tex-text;!
Missing character: There is no 提 (U+63D0) in font [lmroman10-bold]:mapping=tex-text;!
Missing character: There is no 纯 (U+7EAF) in font [lmroman10-bold]:mapping=tex-text;!
Missing character: There is no 提 (U+63D0) in font [lmroman10-bold]:mapping=tex-text;!
Missing character: There is no 纯 (U+7EAF) in font [lmroman10-bold]:mapping=tex-text;!
Missing character: There is no 提 (U+63D0) in font [lmroman10-bold]:mapping=tex-text;!
Missing character: There is no 纯 (U+7EAF) in font [lmroman10-bold]:mapping=tex-text;!
Missing character: There is no 静 (U+9759) in font [lmroman10-bold]:mapping=tex-text;!
Missing character: There is no 态 (U+6001) in font [lmroman10-bold]:mapping=tex-text;!
Missing character: There is no 处 (U+5904) in font [lmroman10-bold]:mapping=tex-text;!
Missing character: There is no 理 (U+7406) in font [lmroman10-bold]:mapping=tex-text;!
Missing character: There is no ： (U+FF1A) in font [lmroman10-regular]:mapping=tex-text;!
Missing character: There is no 不 (U+4E0D) in font [lmroman10-regular]:mapping=tex-text;!
Missing character: There is no 是 (U+662F) in font [lmroman10-regular]:mapping=tex-text;!
Missing character: There is no 在 (U+5728) in font [lmroman10-regular]:mapping=tex-text;!
Missing character: There is no 让 (U+8BA9) in font [lmroman10-regular]:mapping=tex-text;!
Missing character: There is no 我 (U+6211) in font [lmroman10-regular]:mapping=tex-text;!
Missing character: There is no 们 (U+4EEC) in font [lmroman10-regular]:mapping=tex-text;!
Missing character: There is no 的 (U+7684) in font [lmroman10-regular]:mapping=tex-text;!
Missing character: There is no 感 (U+611F) in font [lmroman10-regular]:mapping=tex-text;!
Missing character: There is no 知 (U+77E5) in font [lmroman10-regular]:mapping=tex-text;!
Missing character: There is no 更 (U+66F4) in font [lmroman10-regular]:mapping=tex-text;!
Missing character: There is no 干 (U+5E72) in font [lmroman10-regular]:mapping=tex-text;!
Missing character: There is no 净 (U+51C0) in font [lmroman10-regular]:mapping=tex-text;!
Missing character: There is no ， (U+FF0C) in font [lmroman10-regular]:mapping=tex-text;!
Missing character: There is no 而 (U+800C) in font [lmroman10-regular]:mapping=tex-text;!
Missing character: There is no 是 (U+662F) in font [lmroman10-regular]:mapping=tex-text;!
Missing character: There is no 在 (U+5728) in font [lmroman10-regular]:mapping=tex-text;!
Missing character: There is no 设 (U+8BBE) in font [lmroman10-regular]:mapping=tex-text;!
Missing character: There is no 计 (U+8BA1) in font [lmroman10-regular]:mapping=tex-text;!
Missing character: There is no 加 (U+52A0) in font [lmroman10-regular]:mapping=tex-text;!
Missing character: There is no 密 (U+5BC6) in font [lmroman10-regular]:mapping=tex-text;!
Missing character: There is no 矩 (U+77E9) in font [lmroman10-regular]:mapping=tex-text;!
Missing character: There is no 阵 (U+9635) in font [lmroman10-regular]:mapping=tex-text;!
Missing character: There is no 让 (U+8BA9) in font [lmroman10-regular]:mapping=tex-text;!
Missing character: There is no 窃 (U+7A83) in font [lmroman10-regular]:mapping=tex-text;!
Missing character: There is no 听 (U+542C) in font [lmroman10-regular]:mapping=tex-text;!
Missing character: There is no 者 (U+8005) in font [lmroman10-regular]:mapping=tex-text;!
Missing character: There is no 看 (U+770B) in font [lmroman10-regular]:mapping=tex-text;!
Missing character: There is no 到 (U+5230) in font [lmroman10-regular]:mapping=tex-text;!
Missing character: There is no 的 (U+7684) in font [lmroman10-regular]:mapping=tex-text;!
Missing character: There is no 感 (U+611F) in font [lmroman10-regular]:mapping=tex-text;!
Missing character: There is no 知 (U+77E5) in font [lmroman10-regular]:mapping=tex-text;!
Missing character: There is no 观 (U+89C2) in font [lmroman10-regular]:mapping=tex-text;!
Missing character: There is no 测 (U+6D4B) in font [lmroman10-regular]:mapping=tex-text;!
Missing character: There is no 变 (U+53D8) in font [lmroman10-regular]:mapping=tex-text;!
Missing character: There is no 脏 (U+810F) in font [lmroman10-regular]:mapping=tex-text;!
Missing character: There is no 。 (U+3002) in font [lmroman10-regular]:mapping=tex-text;!
Missing character: There is no 它 (U+5B83) in font [lmroman10-regular]:mapping=tex-text;!
Missing character: There is no 用 (U+7528) in font [lmroman10-regular]:mapping=tex-text;!
Missing character: There is no 多 (U+591A) in font [lmroman10-regular]:mapping=tex-text;!
Missing character: There is no 目 (U+76EE) in font [lmroman10-regular]:mapping=tex-text;!
Missing character: There is no 标 (U+6807) in font [lmroman10-regular]:mapping=tex-text;!
Missing character: There is no 优 (U+4F18) in font [lmroman10-regular]:mapping=tex-text;!
Missing character: There is no 化 (U+5316) in font [lmroman10-regular]:mapping=tex-text;!
Missing character: There is no 权 (U+6743) in font [lmroman10-regular]:mapping=tex-text;!
Missing character: There is no 衡 (U+8861) in font [lmroman10-regular]:mapping=tex-text;!
Missing character: There is no 的 (U+7684) in font [lmroman10-regular]:mapping=tex-text;!
Missing character: There is no 通 (U+901A) in font [lmroman10-regular]:mapping=tex-text;!
Missing character: There is no 信 (U+4FE1) in font [lmroman10-regular]:mapping=tex-text;!
Missing character: There is no 与 (U+4E0E) in font [lmroman10-regular]:mapping=tex-text;!
Missing character: There is no 感 (U+611F) in font [lmroman10-regular]:mapping=tex-text;!
Missing character: There is no 知 (U+77E5) in font [lmroman10-regular]:mapping=tex-text;!
Missing character: There is no ， (U+FF0C) in font [lmroman10-regular]:mapping=tex-text;!
Missing character: There is no 以 (U+4EE5) in font [lmroman10-regular]:mapping=tex-text;!
Missing character: There is no 及 (U+53CA) in font [lmroman10-regular]:mapping=tex-text;!
Missing character: There is no 的 (U+7684) in font [lmroman10-regular]:mapping=tex-text;!
Missing character: There is no 感 (U+611F) in font [lmroman10-regular]:mapping=tex-text;!
Missing character: There is no 知 (U+77E5) in font [lmroman10-regular]:mapping=tex-text;!
Missing character: There is no 能 (U+80FD) in font [lmroman10-regular]:mapping=tex-text;!
Missing character: There is no 力 (U+529B) in font [lmroman10-regular]:mapping=tex-text;!
Missing character: There is no 。 (U+3002) in font [lmroman10-regular]:mapping=tex-text;!
Missing character: There is no 中 (U+4E2D) in font [lmroman10-bold]:mapping=tex-text;!
Missing character: There is no 间 (U+95F4) in font [lmroman10-bold]:mapping=tex-text;!
Missing character: There is no 中 (U+4E2D) in font [lmroman10-bold]:mapping=tex-text;!
Missing character: There is no 间 (U+95F4) in font [lmroman10-bold]:mapping=tex-text;!
Missing character: There is no 中 (U+4E2D) in font [lmroman10-bold]:mapping=tex-text;!
Missing character: There is no 间 (U+95F4) in font [lmroman10-bold]:mapping=tex-text;!
Missing character: There is no 状 (U+72B6) in font [lmroman10-bold]:mapping=tex-text;!
Missing character: There is no 态 (U+6001) in font [lmroman10-bold]:mapping=tex-text;!
Missing character: There is no ： (U+FF1A) in font [lmroman10-regular]:mapping=tex-text;!
Missing character: There is no 这 (U+8FD9) in font [lmroman10-regular]:mapping=tex-text;!
Missing character: There is no 里 (U+91CC) in font [lmroman10-regular]:mapping=tex-text;!
Missing character: There is no 的 (U+7684) in font [lmroman10-regular]:mapping=tex-text;!
Missing character: There is no 状 (U+72B6) in font [lmroman10-regular]:mapping=tex-text;!
Missing character: There is no 态 (U+6001) in font [lmroman10-regular]:mapping=tex-text;!
Missing character: There is no 是 (U+662F) in font [lmroman10-regular]:mapping=tex-text;!
Missing character: There is no 对 (U+5BF9) in font [lmroman10-regular]:mapping=tex-text;!
Missing character: There is no 抗 (U+6297) in font [lmroman10-regular]:mapping=tex-text;!
Missing character: There is no 意 (U+610F) in font [lmroman10-regular]:mapping=tex-text;!
Missing character: There is no 义 (U+4E49) in font [lmroman10-regular]:mapping=tex-text;!
Missing character: There is no 上 (U+4E0A) in font [lmroman10-regular]:mapping=tex-text;!
Missing character: There is no 的 (U+7684) in font [lmroman10-regular]:mapping=tex-text;!
Missing character: There is no ： (U+FF1A) in font [lmroman10-regular]:mapping=tex-text;!
Missing character: There is no 能 (U+80FD) in font [lmroman10-regular]:mapping=tex-text;!
Missing character: There is no 否 (U+5426) in font [lmroman10-regular]:mapping=tex-text;!
Missing character: There is no 恢 (U+6062) in font [lmroman10-regular]:mapping=tex-text;!
Missing character: There is no 复 (U+590D) in font [lmroman10-regular]:mapping=tex-text;!
Missing character: There is no 轨 (U+8F68) in font [lmroman10-regular]:mapping=tex-text;!
Missing character: There is no 迹 (U+8FF9) in font [lmroman10-regular]:mapping=tex-text;!
Missing character: There is no 呼 (U+547C) in font [lmroman10-regular]:mapping=tex-text;!
Missing character: There is no 吸 (U+5438) in font [lmroman10-regular]:mapping=tex-text;!
Missing character: There is no 手 (U+624B) in font [lmroman10-regular]:mapping=tex-text;!
Missing character: There is no 势 (U+52BF) in font [lmroman10-regular]:mapping=tex-text;!
Missing character: There is no 等 (U+7B49) in font [lmroman10-regular]:mapping=tex-text;!
Missing character: There is no 。 (U+3002) in font [lmroman10-regular]:mapping=tex-text;!
Missing character: There is no 状 (U+72B6) in font [lmroman10-bold]:mapping=tex-text;!
Missing character: There is no 态 (U+6001) in font [lmroman10-bold]:mapping=tex-text;!
Missing character: There is no 状 (U+72B6) in font [lmroman10-bold]:mapping=tex-text;!
Missing character: There is no 态 (U+6001) in font [lmroman10-bold]:mapping=tex-text;!
Missing character: There is no 状 (U+72B6) in font [lmroman10-bold]:mapping=tex-text;!
Missing character: There is no 态 (U+6001) in font [lmroman10-bold]:mapping=tex-text;!
Missing character: There is no 估 (U+4F30) in font [lmroman10-bold]:mapping=tex-text;!
Missing character: There is no 计 (U+8BA1) in font [lmroman10-bold]:mapping=tex-text;!
Missing character: There is no 推 (U+63A8) in font [lmroman10-bold]:mapping=tex-text;!
Missing character: There is no 断 (U+65AD) in font [lmroman10-bold]:mapping=tex-text;!
Missing character: There is no ： (U+FF1A) in font [lmroman10-regular]:mapping=tex-text;!
Missing character: There is no 它 (U+5B83) in font [lmroman10-regular]:mapping=tex-text;!
Missing character: There is no 把 (U+628A) in font [lmroman10-regular]:mapping=tex-text;!
Missing character: There is no 系 (U+7CFB) in font [lmroman10-regular]:mapping=tex-text;!
Missing character: There is no 统 (U+7EDF) in font [lmroman10-regular]:mapping=tex-text;!
Missing character: There is no 写 (U+5199) in font [lmroman10-regular]:mapping=tex-text;!
Missing character: There is no 成 (U+6210) in font [lmroman10-regular]:mapping=tex-text;!
Missing character: There is no 优 (U+4F18) in font [lmroman10-regular]:mapping=tex-text;!
Missing character: There is no 化 (U+5316) in font [lmroman10-regular]:mapping=tex-text;!
Missing character: There is no 问 (U+95EE) in font [lmroman10-regular]:mapping=tex-text;!
Missing character: There is no 题 (U+9898) in font [lmroman10-regular]:mapping=tex-text;!
Missing character: There is no 并 (U+5E76) in font [lmroman10-regular]:mapping=tex-text;!
Missing character: There is no 用 (U+7528) in font [lmroman10-regular]:mapping=tex-text;!
Missing character: There is no 算 (U+7B97) in font [lmroman10-regular]:mapping=tex-text;!
Missing character: There is no 法 (U+6CD5) in font [lmroman10-regular]:mapping=tex-text;!
Missing character: There is no （ (U+FF08) in font [lmroman10-regular]:mapping=tex-text;!
Missing character: There is no 如 (U+5982) in font [lmroman10-regular]:mapping=tex-text;!
Missing character: There is no ） (U+FF09) in font [lmroman10-regular]:mapping=tex-text;!
Missing character: There is no 求 (U+6C42) in font [lmroman10-regular]:mapping=tex-text;!
Missing character: There is no 解 (U+89E3) in font [lmroman10-regular]:mapping=tex-text;!
Missing character: There is no 局 (U+5C40) in font [lmroman10-regular]:mapping=tex-text;!
Missing character: There is no 部 (U+90E8) in font [lmroman10-regular]:mapping=tex-text;!
Missing character: There is no 最 (U+6700) in font [lmroman10-regular]:mapping=tex-text;!
Missing character: There is no 优 (U+4F18) in font [lmroman10-regular]:mapping=tex-text;!
Missing character: There is no （ (U+FF08) in font [lmroman10-regular]:mapping=tex-text;!
Missing character: There is no 论 (U+8BBA) in font [lmroman10-regular]:mapping=tex-text;!
Missing character: There is no 文 (U+6587) in font [lmroman10-regular]:mapping=tex-text;!
Missing character: There is no 中 (U+4E2D) in font [lmroman10-regular]:mapping=tex-text;!
Missing character: There is no 多 (U+591A) in font [lmroman10-regular]:mapping=tex-text;!
Missing character: There is no 目 (U+76EE) in font [lmroman10-regular]:mapping=tex-text;!
Missing character: There is no 标 (U+6807) in font [lmroman10-regular]:mapping=tex-text;!
Missing character: There is no 框 (U+6846) in font [lmroman10-regular]:mapping=tex-text;!
Missing character: There is no 架 (U+67B6) in font [lmroman10-regular]:mapping=tex-text;!
Missing character: There is no ） (U+FF09) in font [lmroman10-regular]:mapping=tex-text;!
Missing character: There is no 权 (U+6743) in font [lmroman10-bold]:mapping=tex-text;!
Missing character: There is no 衡 (U+8861) in font [lmroman10-bold]:mapping=tex-text;!
Missing character: There is no 权 (U+6743) in font [lmroman10-bold]:mapping=tex-text;!
Missing character: There is no 衡 (U+8861) in font [lmroman10-bold]:mapping=tex-text;!
Missing character: There is no 权 (U+6743) in font [lmroman10-bold]:mapping=tex-text;!
Missing character: There is no 衡 (U+8861) in font [lmroman10-bold]:mapping=tex-text;!
Missing character: There is no ： (U+FF1A) in font [lmroman10-regular]:mapping=tex-text;!
Missing character: There is no 细 (U+7EC6) in font [lmroman10-regular]:mapping=tex-text;!
Missing character: There is no 粒 (U+7C92) in font [lmroman10-regular]:mapping=tex-text;!
Missing character: There is no 度 (U+5EA6) in font [lmroman10-regular]:mapping=tex-text;!
Missing character: There is no 连 (U+8FDE) in font [lmroman10-regular]:mapping=tex-text;!
Missing character: There is no 续 (U+7EED) in font [lmroman10-regular]:mapping=tex-text;!
Missing character: There is no 几 (U+51E0) in font [lmroman10-regular]:mapping=tex-text;!
Missing character: There is no 何 (U+4F55) in font [lmroman10-regular]:mapping=tex-text;!
Missing character: There is no 任 (U+4EFB) in font [lmroman10-regular]:mapping=tex-text;!
Missing character: There is no 务 (U+52A1) in font [lmroman10-regular]:mapping=tex-text;!
Missing character: There is no （ (U+FF08) in font [lmroman10-regular]:mapping=tex-text;!
Missing character: There is no 轨 (U+8F68) in font [lmroman10-regular]:mapping=tex-text;!
Missing character: There is no 迹 (U+8FF9) in font [lmroman10-regular]:mapping=tex-text;!
Missing character: There is no ） (U+FF09) in font [lmroman10-regular]:mapping=tex-text;!
Missing character: There is no 最 (U+6700) in font [lmroman10-regular]:mapping=tex-text;!
Missing character: There is no 怕 (U+6015) in font [lmroman10-regular]:mapping=tex-text;!
Missing character: There is no 失 (U+5931) in font [lmroman10-regular]:mapping=tex-text;!
Missing character: There is no 真 (U+771F) in font [lmroman10-regular]:mapping=tex-text;!
Missing character: There is no 累 (U+7D2F) in font [lmroman10-regular]:mapping=tex-text;!
Missing character: There is no 积 (U+79EF) in font [lmroman10-regular]:mapping=tex-text;!
Missing character: There is no ， (U+FF0C) in font [lmroman10-regular]:mapping=tex-text;!
Missing character: There is no 加 (U+52A0) in font [lmroman10-regular]:mapping=tex-text;!
Missing character: There is no 密 (U+5BC6) in font [lmroman10-regular]:mapping=tex-text;!
Missing character: There is no 后 (U+540E) in font [lmroman10-regular]:mapping=tex-text;!
Missing character: There is no 轨 (U+8F68) in font [lmroman10-regular]:mapping=tex-text;!
Missing character: There is no 迹 (U+8FF9) in font [lmroman10-regular]:mapping=tex-text;!
Missing character: There is no 误 (U+8BEF) in font [lmroman10-regular]:mapping=tex-text;!
Missing character: There is no 差 (U+5DEE) in font [lmroman10-regular]:mapping=tex-text;!
Missing character: There is no 显 (U+663E) in font [lmroman10-regular]:mapping=tex-text;!
Missing character: There is no 著 (U+8457) in font [lmroman10-regular]:mapping=tex-text;!
Missing character: There is no 增 (U+589E) in font [lmroman10-regular]:mapping=tex-text;!
Missing character: There is no 大 (U+5927) in font [lmroman10-regular]:mapping=tex-text;!
Missing character: There is no ； (U+FF1B) in font [lmroman10-regular]:mapping=tex-text;!
Missing character: There is no 但 (U+4F46) in font [lmroman10-regular]:mapping=tex-text;!
Missing character: There is no 通 (U+901A) in font [lmroman10-regular]:mapping=tex-text;!
Missing character: There is no 信 (U+4FE1) in font [lmroman10-regular]:mapping=tex-text;!
Missing character: There is no 也 (U+4E5F) in font [lmroman10-regular]:mapping=tex-text;!
Missing character: There is no 会 (U+4F1A) in font [lmroman10-regular]:mapping=tex-text;!
Missing character: There is no 付 (U+4ED8) in font [lmroman10-regular]:mapping=tex-text;!
Missing character: There is no 出 (U+51FA) in font [lmroman10-regular]:mapping=tex-text;!
Missing character: There is no 代 (U+4EE3) in font [lmroman10-regular]:mapping=tex-text;!
Missing character: There is no 价 (U+4EF7) in font [lmroman10-regular]:mapping=tex-text;!
Missing character: There is no （ (U+FF08) in font [lmroman10-regular]:mapping=tex-text;!
Missing character: There is no 它 (U+5B83) in font [lmroman10-regular]:mapping=tex-text;!
Missing character: There is no 把 (U+628A) in font [lmroman10-regular]:mapping=tex-text;!
Missing character: There is no 通 (U+901A) in font [lmroman10-regular]:mapping=tex-text;!
Missing character: There is no 信 (U+4FE1) in font [lmroman10-regular]:mapping=tex-text;!
Missing character: There is no 指 (U+6307) in font [lmroman10-regular]:mapping=tex-text;!
Missing character: There is no 标 (U+6807) in font [lmroman10-regular]:mapping=tex-text;!
Missing character: There is no 一 (U+4E00) in font [lmroman10-regular]:mapping=tex-text;!
Missing character: There is no 起 (U+8D77) in font [lmroman10-regular]:mapping=tex-text;!
Missing character: There is no 评 (U+8BC4) in font [lmroman10-regular]:mapping=tex-text;!
Missing character: There is no 估 (U+4F30) in font [lmroman10-regular]:mapping=tex-text;!
Missing character: There is no ） (U+FF09) in font [lmroman10-regular]:mapping=tex-text;!
Missing character: There is no ， (U+FF0C) in font [lmroman10-regular]:mapping=tex-text;!
Missing character: There is no 给 (U+7ED9) in font [lmroman10-regular]:mapping=tex-text;!
Missing character: There is no 出 (U+51FA) in font [lmroman10-regular]:mapping=tex-text;!
Missing character: There is no 了 (U+4E86) in font [lmroman10-regular]:mapping=tex-text;!
Missing character: There is no 多 (U+591A) in font [lmroman10-regular]:mapping=tex-text;!
Missing character: There is no 目 (U+76EE) in font [lmroman10-regular]:mapping=tex-text;!
Missing character: There is no 标 (U+6807) in font [lmroman10-regular]:mapping=tex-text;!
Missing character: There is no 优 (U+4F18) in font [lmroman10-regular]:mapping=tex-text;!
Missing character: There is no 化 (U+5316) in font [lmroman10-regular]:mapping=tex-text;!
Missing character: There is no 建 (U+5EFA) in font [lmroman10-regular]:mapping=tex-text;!
Missing character: There is no 模 (U+6A21) in font [lmroman10-regular]:mapping=tex-text;!
Missing character: There is no 。 (U+3002) in font [lmroman10-regular]:mapping=tex-text;!
Missing character: There is no ： (U+FF1A) in font [lmroman10-bold]:mapping=tex-text;!
Missing character: There is no 提 (U+63D0) in font [lmroman10-bold]:mapping=tex-text;!
Missing character: There is no 取 (U+53D6) in font [lmroman10-bold]:mapping=tex-text;!
Missing character: There is no 天 (U+5929) in font [lmroman10-bold]:mapping=tex-text;!
Missing character: There is no 线 (U+7EBF) in font [lmroman10-bold]:mapping=tex-text;!
Missing character: There is no 间 (U+95F4) in font [lmroman10-bold]:mapping=tex-text;!
Missing character: There is no 相 (U+76F8) in font [lmroman10-bold]:mapping=tex-text;!
Missing character: There is no 对 (U+5BF9) in font [lmroman10-bold]:mapping=tex-text;!
Missing character: There is no 相 (U+76F8) in font [lmroman10-bold]:mapping=tex-text;!
Missing character: There is no 位 (U+4F4D) in font [lmroman10-bold]:mapping=tex-text;!
Missing character: There is no 差 (U+5DEE) in font [lmroman10-bold]:mapping=tex-text;!
Missing character: There is no 投 (U+6295) in font [lmroman10-bold]:mapping=tex-text;!
Missing character: There is no 影 (U+5F71) in font [lmroman10-bold]:mapping=tex-text;!
Missing character: There is no 相 (U+76F8) in font [lmroman10-bold]:mapping=tex-text;!
Missing character: There is no 关 (U+5173) in font [lmroman10-bold]:mapping=tex-text;!
Missing character: There is no 观 (U+89C2) in font [lmroman10-bold]:mapping=tex-text;!
Missing character: There is no 测 (U+6D4B) in font [lmroman10-bold]:mapping=tex-text;!
Missing character: There is no 观 (U+89C2) in font [lmroman10-bold]:mapping=tex-text;!
Missing character: There is no 测 (U+6D4B) in font [lmroman10-bold]:mapping=tex-text;!
Missing character: There is no 观 (U+89C2) in font [lmroman10-bold]:mapping=tex-text;!
Missing character: There is no 测 (U+6D4B) in font [lmroman10-bold]:mapping=tex-text;!
Missing character: There is no 建 (U+5EFA) in font [lmroman10-bold]:mapping=tex-text;!
Missing character: There is no 模 (U+6A21) in font [lmroman10-bold]:mapping=tex-text;!
Missing character: There is no ： (U+FF1A) in font [lmroman10-regular]:mapping=tex-text;!
Missing character: There is no 信 (U+4FE1) in font [lmroman10-regular]:mapping=tex-text;!
Missing character: There is no 道 (U+9053) in font [lmroman10-regular]:mapping=tex-text;!
Missing character: There is no 含 (U+542B) in font [lmroman10-regular]:mapping=tex-text;!
Missing character: There is no ， (U+FF0C) in font [lmroman10-regular]:mapping=tex-text;!
Missing character: There is no 目 (U+76EE) in font [lmroman10-regular]:mapping=tex-text;!
Missing character: There is no 标 (U+6807) in font [lmroman10-regular]:mapping=tex-text;!
Missing character: There is no 是 (U+662F) in font [lmroman10-regular]:mapping=tex-text;!
Missing character: There is no 利 (U+5229) in font [lmroman10-regular]:mapping=tex-text;!
Missing character: There is no 用 (U+7528) in font [lmroman10-regular]:mapping=tex-text;!
Missing character: There is no 分 (U+5206) in font [lmroman10-regular]:mapping=tex-text;!
Missing character: There is no 量 (U+91CF) in font [lmroman10-regular]:mapping=tex-text;!
Missing character: There is no 做 (U+505A) in font [lmroman10-regular]:mapping=tex-text;!
Missing character: There is no 定 (U+5B9A) in font [lmroman10-regular]:mapping=tex-text;!
Missing character: There is no 位 (U+4F4D) in font [lmroman10-regular]:mapping=tex-text;!
Missing character: There is no ， (U+FF0C) in font [lmroman10-regular]:mapping=tex-text;!
Missing character: There is no 并 (U+5E76) in font [lmroman10-regular]:mapping=tex-text;!
Missing character: There is no 将 (U+5C06) in font [lmroman10-regular]:mapping=tex-text;!
Missing character: There is no 问 (U+95EE) in font [lmroman10-regular]:mapping=tex-text;!
Missing character: There is no 题 (U+9898) in font [lmroman10-regular]:mapping=tex-text;!
Missing character: There is no 写 (U+5199) in font [lmroman10-regular]:mapping=tex-text;!
Missing character: There is no 成 (U+6210) in font [lmroman10-regular]:mapping=tex-text;!
Missing character: There is no 相 (U+76F8) in font [lmroman10-regular]:mapping=tex-text;!
Missing character: There is no 关 (U+5173) in font [lmroman10-regular]:mapping=tex-text;!
Missing character: There is no 最 (U+6700) in font [lmroman10-regular]:mapping=tex-text;!
Missing character: There is no 大 (U+5927) in font [lmroman10-regular]:mapping=tex-text;!
Missing character: There is no 化 (U+5316) in font [lmroman10-regular]:mapping=tex-text;!
Missing character: There is no 的 (U+7684) in font [lmroman10-regular]:mapping=tex-text;!
Missing character: There is no 优 (U+4F18) in font [lmroman10-regular]:mapping=tex-text;!
Missing character: There is no 化 (U+5316) in font [lmroman10-regular]:mapping=tex-text;!
Missing character: There is no 。 (U+3002) in font [lmroman10-regular]:mapping=tex-text;!
Missing character: There is no 不 (U+4E0D) in font [lmroman10-bold]:mapping=tex-text;!
Missing character: There is no 做 (U+505A) in font [lmroman10-bold]:mapping=tex-text;!
Missing character: There is no 不 (U+4E0D) in font [lmroman10-bold]:mapping=tex-text;!
Missing character: There is no 做 (U+505A) in font [lmroman10-bold]:mapping=tex-text;!
Missing character: There is no 不 (U+4E0D) in font [lmroman10-bold]:mapping=tex-text;!
Missing character: There is no 做 (U+505A) in font [lmroman10-bold]:mapping=tex-text;!
Missing character: There is no ： (U+FF1A) in font [lmroman10-regular]:mapping=tex-text;!
Missing character: There is no 作 (U+4F5C) in font [lmroman10-regular]:mapping=tex-text;!
Missing character: There is no 为 (U+4E3A) in font [lmroman10-regular]:mapping=tex-text;!
Missing character: There is no 窃 (U+7A83) in font [lmroman10-regular]:mapping=tex-text;!
Missing character: There is no 听 (U+542C) in font [lmroman10-regular]:mapping=tex-text;!
Missing character: There is no 者 (U+8005) in font [lmroman10-regular]:mapping=tex-text;!
Missing character: There is no 要 (U+8981) in font [lmroman10-regular]:mapping=tex-text;!
Missing character: There is no 做 (U+505A) in font [lmroman10-regular]:mapping=tex-text;!
Missing character: There is no 信 (U+4FE1) in font [lmroman10-regular]:mapping=tex-text;!
Missing character: There is no 道 (U+9053) in font [lmroman10-regular]:mapping=tex-text;!
Missing character: There is no 估 (U+4F30) in font [lmroman10-regular]:mapping=tex-text;!
Missing character: There is no 计 (U+8BA1) in font [lmroman10-regular]:mapping=tex-text;!
Missing character: There is no 需 (U+9700) in font [lmroman10-regular]:mapping=tex-text;!
Missing character: There is no 要 (U+8981) in font [lmroman10-regular]:mapping=tex-text;!
Missing character: There is no 参 (U+53C2) in font [lmroman10-regular]:mapping=tex-text;!
Missing character: There is no 考 (U+8003) in font [lmroman10-regular]:mapping=tex-text;!
Missing character: There is no 信 (U+4FE1) in font [lmroman10-regular]:mapping=tex-text;!
Missing character: There is no 号 (U+53F7) in font [lmroman10-regular]:mapping=tex-text;!
Missing character: There is no 、 (U+3001) in font [lmroman10-regular]:mapping=tex-text;!
Missing character: There is no 同 (U+540C) in font [lmroman10-regular]:mapping=tex-text;!
Missing character: There is no 步 (U+6B65) in font [lmroman10-regular]:mapping=tex-text;!
Missing character: There is no 与 (U+4E0E) in font [lmroman10-regular]:mapping=tex-text;!
Missing character: There is no 补 (U+8865) in font [lmroman10-regular]:mapping=tex-text;!
Missing character: There is no 偿 (U+507F) in font [lmroman10-regular]:mapping=tex-text;!
Missing character: There is no ， (U+FF0C) in font [lmroman10-regular]:mapping=tex-text;!
Missing character: There is no 且 (U+4E14) in font [lmroman10-regular]:mapping=tex-text;!
Missing character: There is no 计 (U+8BA1) in font [lmroman10-regular]:mapping=tex-text;!
Missing character: There is no 算 (U+7B97) in font [lmroman10-regular]:mapping=tex-text;!
Missing character: There is no 负 (U+8D1F) in font [lmroman10-regular]:mapping=tex-text;!
Missing character: There is no 担 (U+62C5) in font [lmroman10-regular]:mapping=tex-text;!
Missing character: There is no 重 (U+91CD) in font [lmroman10-regular]:mapping=tex-text;!
Missing character: There is no ； (U+FF1B) in font [lmroman10-regular]:mapping=tex-text;!
Missing character: There is no 所 (U+6240) in font [lmroman10-regular]:mapping=tex-text;!
Missing character: There is no 以 (U+4EE5) in font [lmroman10-regular]:mapping=tex-text;!
Missing character: There is no 它 (U+5B83) in font [lmroman10-regular]:mapping=tex-text;!
Missing character: There is no 改 (U+6539) in font [lmroman10-regular]:mapping=tex-text;!
Missing character: There is no 用 (U+7528) in font [lmroman10-regular]:mapping=tex-text;!
Missing character: There is no 可 (U+53EF) in font [lmroman10-regular]:mapping=tex-text;!
Missing character: There is no 从 (U+4ECE) in font [lmroman10-regular]:mapping=tex-text;!
Missing character: There is no 原 (U+539F) in font [lmroman10-regular]:mapping=tex-text;!
Missing character: There is no 始 (U+59CB) in font [lmroman10-regular]:mapping=tex-text;!
Missing character: There is no 基 (U+57FA) in font [lmroman10-regular]:mapping=tex-text;!
Missing character: There is no 带 (U+5E26) in font [lmroman10-regular]:mapping=tex-text;!
Missing character: There is no 信 (U+4FE1) in font [lmroman10-regular]:mapping=tex-text;!
Missing character: There is no 号 (U+53F7) in font [lmroman10-regular]:mapping=tex-text;!
Missing character: There is no 提 (U+63D0) in font [lmroman10-regular]:mapping=tex-text;!
Missing character: There is no 取 (U+53D6) in font [lmroman10-regular]:mapping=tex-text;!
Missing character: There is no 的 (U+7684) in font [lmroman10-regular]:mapping=tex-text;!
Missing character: There is no 天 (U+5929) in font [lmroman10-regular]:mapping=tex-text;!
Missing character: There is no 线 (U+7EBF) in font [lmroman10-regular]:mapping=tex-text;!
Missing character: There is no 间 (U+95F4) in font [lmroman10-regular]:mapping=tex-text;!
Missing character: There is no 相 (U+76F8) in font [lmroman10-regular]:mapping=tex-text;!
Missing character: There is no 对 (U+5BF9) in font [lmroman10-regular]:mapping=tex-text;!
Missing character: There is no 相 (U+76F8) in font [lmroman10-regular]:mapping=tex-text;!
Missing character: There is no 位 (U+4F4D) in font [lmroman10-regular]:mapping=tex-text;!
Missing character: There is no 差 (U+5DEE) in font [lmroman10-regular]:mapping=tex-text;!
Missing character: There is no ， (U+FF0C) in font [lmroman10-regular]:mapping=tex-text;!
Missing character: There is no 从 (U+4ECE) in font [lmroman10-regular]:mapping=tex-text;!
Missing character: There is no 而 (U+800C) in font [lmroman10-regular]:mapping=tex-text;!
Missing character: There is no 消 (U+6D88) in font [lmroman10-bold]:mapping=tex-text;!
Missing character: There is no 除 (U+9664) in font [lmroman10-bold]:mapping=tex-text;!
Missing character: There is no 对 (U+5BF9) in font [lmroman10-bold]:mapping=tex-text;!
Missing character: There is no 同 (U+540C) in font [lmroman10-bold]:mapping=tex-text;!
Missing character: There is no 步 (U+6B65) in font [lmroman10-bold]:mapping=tex-text;!
Missing character: There is no 信 (U+4FE1) in font [lmroman10-bold]:mapping=tex-text;!
Missing character: There is no 道 (U+9053) in font [lmroman10-bold]:mapping=tex-text;!
Missing character: There is no 估 (U+4F30) in font [lmroman10-bold]:mapping=tex-text;!
Missing character: There is no 计 (U+8BA1) in font [lmroman10-bold]:mapping=tex-text;!
Missing character: There is no 模 (U+6A21) in font [lmroman10-bold]:mapping=tex-text;!
Missing character: There is no 块 (U+5757) in font [lmroman10-bold]:mapping=tex-text;!
Missing character: There is no 的 (U+7684) in font [lmroman10-bold]:mapping=tex-text;!
Missing character: There is no 依 (U+4F9D) in font [lmroman10-bold]:mapping=tex-text;!
Missing character: There is no 赖 (U+8D56) in font [lmroman10-bold]:mapping=tex-text;!
Missing character: There is no 静 (U+9759) in font [lmroman10-bold]:mapping=tex-text;!
Missing character: There is no 态 (U+6001) in font [lmroman10-bold]:mapping=tex-text;!
Missing character: There is no 静 (U+9759) in font [lmroman10-bold]:mapping=tex-text;!
Missing character: There is no 态 (U+6001) in font [lmroman10-bold]:mapping=tex-text;!
Missing character: There is no 静 (U+9759) in font [lmroman10-bold]:mapping=tex-text;!
Missing character: There is no 态 (U+6001) in font [lmroman10-bold]:mapping=tex-text;!
Missing character: There is no 处 (U+5904) in font [lmroman10-bold]:mapping=tex-text;!
Missing character: There is no 理 (U+7406) in font [lmroman10-bold]:mapping=tex-text;!
Missing character: There is no ： (U+FF1A) in font [lmroman10-regular]:mapping=tex-text;!
Missing character: There is no 用 (U+7528) in font [lmroman10-regular]:mapping=tex-text;!
Missing character: There is no 用 (U+7528) in font [lmroman10-regular]:mapping=tex-text;!
Missing character: There is no 相 (U+76F8) in font [lmroman10-bold]:mapping=tex-text;!
Missing character: There is no 对 (U+5BF9) in font [lmroman10-bold]:mapping=tex-text;!
Missing character: There is no 相 (U+76F8) in font [lmroman10-bold]:mapping=tex-text;!
Missing character: There is no 位 (U+4F4D) in font [lmroman10-bold]:mapping=tex-text;!
Missing character: There is no 消 (U+6D88) in font [lmroman10-regular]:mapping=tex-text;!
Missing character: There is no 除 (U+9664) in font [lmroman10-regular]:mapping=tex-text;!
Missing character: There is no 电 (U+7535) in font [lmroman10-regular]:mapping=tex-text;!
Missing character: There is no 路 (U+8DEF) in font [lmroman10-regular]:mapping=tex-text;!
Missing character: There is no 响 (U+54CD) in font [lmroman10-regular]:mapping=tex-text;!
Missing character: There is no 应 (U+5E94) in font [lmroman10-regular]:mapping=tex-text;!
Missing character: There is no 等 (U+7B49) in font [lmroman10-regular]:mapping=tex-text;!
Missing character: There is no 不 (U+4E0D) in font [lmroman10-regular]:mapping=tex-text;!
Missing character: There is no 确 (U+786E) in font [lmroman10-regular]:mapping=tex-text;!
Missing character: There is no 定 (U+5B9A) in font [lmroman10-regular]:mapping=tex-text;!
Missing character: There is no 性 (U+6027) in font [lmroman10-regular]:mapping=tex-text;!
Missing character: There is no （ (U+FF08) in font [lmroman10-regular]:mapping=tex-text;!
Missing character: There is no 观 (U+89C2) in font [lmroman10-regular]:mapping=tex-text;!
Missing character: There is no 测 (U+6D4B) in font [lmroman10-regular]:mapping=tex-text;!
Missing character: There is no 包 (U+5305) in font [lmroman10-regular]:mapping=tex-text;!
Missing character: There is no 含 (U+542B) in font [lmroman10-regular]:mapping=tex-text;!
Missing character: There is no 电 (U+7535) in font [lmroman10-regular]:mapping=tex-text;!
Missing character: There is no 路 (U+8DEF) in font [lmroman10-regular]:mapping=tex-text;!
Missing character: There is no 响 (U+54CD) in font [lmroman10-regular]:mapping=tex-text;!
Missing character: There is no 应 (U+5E94) in font [lmroman10-regular]:mapping=tex-text;!
Missing character: There is no ， (U+FF0C) in font [lmroman10-regular]:mapping=tex-text;!
Missing character: There is no 采 (U+91C7) in font [lmroman10-regular]:mapping=tex-text;!
Missing character: There is no 用 (U+7528) in font [lmroman10-regular]:mapping=tex-text;!
Missing character: There is no 天 (U+5929) in font [lmroman10-regular]:mapping=tex-text;!
Missing character: There is no 线 (U+7EBF) in font [lmroman10-regular]:mapping=tex-text;!
Missing character: There is no 间 (U+95F4) in font [lmroman10-regular]:mapping=tex-text;!
Missing character: There is no 相 (U+76F8) in font [lmroman10-regular]:mapping=tex-text;!
Missing character: There is no 对 (U+5BF9) in font [lmroman10-regular]:mapping=tex-text;!
Missing character: There is no 相 (U+76F8) in font [lmroman10-regular]:mapping=tex-text;!
Missing character: There is no 位 (U+4F4D) in font [lmroman10-regular]:mapping=tex-text;!
Missing character: There is no 来 (U+6765) in font [lmroman10-regular]:mapping=tex-text;!
Missing character: There is no 消 (U+6D88) in font [lmroman10-regular]:mapping=tex-text;!
Missing character: There is no 除 (U+9664) in font [lmroman10-regular]:mapping=tex-text;!
Missing character: There is no 不 (U+4E0D) in font [lmroman10-regular]:mapping=tex-text;!
Missing character: There is no 确 (U+786E) in font [lmroman10-regular]:mapping=tex-text;!
Missing character: There is no 定 (U+5B9A) in font [lmroman10-regular]:mapping=tex-text;!
Missing character: There is no 性 (U+6027) in font [lmroman10-regular]:mapping=tex-text;!
Missing character: There is no ） (U+FF09) in font [lmroman10-regular]:mapping=tex-text;!
Missing character: There is no 。 (U+3002) in font [lmroman10-regular]:mapping=tex-text;!
Missing character: There is no 还 (U+8FD8) in font [lmroman10-regular]:mapping=tex-text;!
Missing character: There is no 说 (U+8BF4) in font [lmroman10-regular]:mapping=tex-text;!
Missing character: There is no 还 (U+8FD8) in font [lmroman10-regular]:mapping=tex-text;!
Missing character: There is no 说 (U+8BF4) in font [lmroman10-regular]:mapping=tex-text;!
Missing character: There is no 还 (U+8FD8) in font [lmroman10-regular]:mapping=tex-text;!
Missing character: There is no 说 (U+8BF4) in font [lmroman10-regular]:mapping=tex-text;!
Missing character: There is no 明 (U+660E) in font [lmroman10-regular]:mapping=tex-text;!
Missing character: There is no 在 (U+5728) in font [lmroman10-regular]:mapping=tex-text;!
Missing character: There is no 不 (U+4E0D) in font [lmroman10-regular]:mapping=tex-text;!
Missing character: There is no 做 (U+505A) in font [lmroman10-regular]:mapping=tex-text;!
Missing character: There is no 频 (U+9891) in font [lmroman10-regular]:mapping=tex-text;!
Missing character: There is no 偏 (U+504F) in font [lmroman10-regular]:mapping=tex-text;!
Missing character: There is no 定 (U+5B9A) in font [lmroman10-regular]:mapping=tex-text;!
Missing character: There is no 时 (U+65F6) in font [lmroman10-regular]:mapping=tex-text;!
Missing character: There is no 补 (U+8865) in font [lmroman10-regular]:mapping=tex-text;!
Missing character: There is no 偿 (U+507F) in font [lmroman10-regular]:mapping=tex-text;!
Missing character: There is no 下 (U+4E0B) in font [lmroman10-regular]:mapping=tex-text;!
Missing character: There is no ， (U+FF0C) in font [lmroman10-regular]:mapping=tex-text;!
Missing character: There is no 输 (U+8F93) in font [lmroman10-regular]:mapping=tex-text;!
Missing character: There is no 出 (U+51FA) in font [lmroman10-regular]:mapping=tex-text;!
Missing character: There is no 不 (U+4E0D) in font [lmroman10-regular]:mapping=tex-text;!
Missing character: There is no 满 (U+6EE1) in font [lmroman10-regular]:mapping=tex-text;!
Missing character: There is no 足 (U+8DB3) in font [lmroman10-regular]:mapping=tex-text;!
Missing character: There is no 经 (U+7ECF) in font [lmroman10-regular]:mapping=tex-text;!
Missing character: There is no 典 (U+5178) in font [lmroman10-regular]:mapping=tex-text;!
Missing character: There is no 通 (U+901A) in font [lmroman10-regular]:mapping=tex-text;!
Missing character: There is no 信 (U+4FE1) in font [lmroman10-regular]:mapping=tex-text;!
Missing character: There is no 模 (U+6A21) in font [lmroman10-regular]:mapping=tex-text;!
Missing character: There is no 型 (U+578B) in font [lmroman10-regular]:mapping=tex-text;!
Missing character: There is no ， (U+FF0C) in font [lmroman10-regular]:mapping=tex-text;!
Missing character: There is no 但 (U+4F46) in font [lmroman10-regular]:mapping=tex-text;!
Missing character: There is no 其 (U+5176) in font [lmroman10-regular]:mapping=tex-text;!
Missing character: There is no 相 (U+76F8) in font [lmroman10-regular]:mapping=tex-text;!
Missing character: There is no 位 (U+4F4D) in font [lmroman10-regular]:mapping=tex-text;!
Missing character: There is no 差 (U+5DEE) in font [lmroman10-regular]:mapping=tex-text;!
Missing character: There is no 仍 (U+4ECD) in font [lmroman10-regular]:mapping=tex-text;!
Missing character: There is no 可 (U+53EF) in font [lmroman10-regular]:mapping=tex-text;!
Missing character: There is no 近 (U+8FD1) in font [lmroman10-regular]:mapping=tex-text;!
Missing character: There is no 似 (U+4F3C) in font [lmroman10-regular]:mapping=tex-text;!
Missing character: There is no 信 (U+4FE1) in font [lmroman10-regular]:mapping=tex-text;!
Missing character: There is no 道 (U+9053) in font [lmroman10-regular]:mapping=tex-text;!
Missing character: There is no 相 (U+76F8) in font [lmroman10-regular]:mapping=tex-text;!
Missing character: There is no 位 (U+4F4D) in font [lmroman10-regular]:mapping=tex-text;!
Missing character: There is no 差 (U+5DEE) in font [lmroman10-regular]:mapping=tex-text;!
Missing character: There is no ， (U+FF0C) in font [lmroman10-regular]:mapping=tex-text;!
Missing character: There is no 从 (U+4ECE) in font [lmroman10-regular]:mapping=tex-text;!
Missing character: There is no 而 (U+800C) in font [lmroman10-regular]:mapping=tex-text;!
Missing character: There is no 支 (U+652F) in font [lmroman10-regular]:mapping=tex-text;!
Missing character: There is no 撑 (U+6491) in font [lmroman10-regular]:mapping=tex-text;!
Missing character: There is no 定 (U+5B9A) in font [lmroman10-regular]:mapping=tex-text;!
Missing character: There is no 位 (U+4F4D) in font [lmroman10-regular]:mapping=tex-text;!
Missing character: There is no 。 (U+3002) in font [lmroman10-regular]:mapping=tex-text;!


[9]
Missing character: There is no 中 (U+4E2D) in font [lmroman10-bold]:mapping=tex-text;!
Missing character: There is no 间 (U+95F4) in font [lmroman10-bold]:mapping=tex-text;!
Missing character: There is no 中 (U+4E2D) in font [lmroman10-bold]:mapping=tex-text;!
Missing character: There is no 间 (U+95F4) in font [lmroman10-bold]:mapping=tex-text;!
Missing character: There is no 中 (U+4E2D) in font [lmroman10-bold]:mapping=tex-text;!
Missing character: There is no 间 (U+95F4) in font [lmroman10-bold]:mapping=tex-text;!
Missing character: There is no 状 (U+72B6) in font [lmroman10-bold]:mapping=tex-text;!
Missing character: There is no 态 (U+6001) in font [lmroman10-bold]:mapping=tex-text;!
Missing character: There is no ： (U+FF1A) in font [lmroman10-regular]:mapping=tex-text;!
Missing character: There is no 相 (U+76F8) in font [lmroman10-regular]:mapping=tex-text;!
Missing character: There is no 对 (U+5BF9) in font [lmroman10-regular]:mapping=tex-text;!
Missing character: There is no 位 (U+4F4D) in font [lmroman10-regular]:mapping=tex-text;!
Missing character: There is no 置 (U+7F6E) in font [lmroman10-regular]:mapping=tex-text;!
Missing character: There is no （ (U+FF08) in font [lmroman10-regular]:mapping=tex-text;!
Missing character: There is no ） (U+FF09) in font [lmroman10-regular]:mapping=tex-text;!
Missing character: There is no 与 (U+4E0E) in font [lmroman10-regular]:mapping=tex-text;!
Missing character: There is no 速 (U+901F) in font [lmroman10-regular]:mapping=tex-text;!
Missing character: There is no 度 (U+5EA6) in font [lmroman10-regular]:mapping=tex-text;!
Missing character: There is no ， (U+FF0C) in font [lmroman10-regular]:mapping=tex-text;!
Missing character: There is no 通 (U+901A) in font [lmroman10-regular]:mapping=tex-text;!
Missing character: There is no 过 (U+8FC7) in font [lmroman10-regular]:mapping=tex-text;!
Missing character: There is no 搜 (U+641C) in font [lmroman10-regular]:mapping=tex-text;!
Missing character: There is no 索 (U+7D22) in font [lmroman10-regular]:mapping=tex-text;!
Missing character: There is no 优 (U+4F18) in font [lmroman10-regular]:mapping=tex-text;!
Missing character: There is no 化 (U+5316) in font [lmroman10-regular]:mapping=tex-text;!
Missing character: There is no 得 (U+5F97) in font [lmroman10-regular]:mapping=tex-text;!
Missing character: There is no 到 (U+5230) in font [lmroman10-regular]:mapping=tex-text;!
Missing character: There is no 。 (U+3002) in font [lmroman10-regular]:mapping=tex-text;!
Missing character: There is no 状 (U+72B6) in font [lmroman10-bold]:mapping=tex-text;!
Missing character: There is no 态 (U+6001) in font [lmroman10-bold]:mapping=tex-text;!
Missing character: There is no 状 (U+72B6) in font [lmroman10-bold]:mapping=tex-text;!
Missing character: There is no 态 (U+6001) in font [lmroman10-bold]:mapping=tex-text;!
Missing character: There is no 状 (U+72B6) in font [lmroman10-bold]:mapping=tex-text;!
Missing character: There is no 态 (U+6001) in font [lmroman10-bold]:mapping=tex-text;!
Missing character: There is no 估 (U+4F30) in font [lmroman10-bold]:mapping=tex-text;!
Missing character: There is no 计 (U+8BA1) in font [lmroman10-bold]:mapping=tex-text;!
Missing character: There is no 推 (U+63A8) in font [lmroman10-bold]:mapping=tex-text;!
Missing character: There is no 断 (U+65AD) in font [lmroman10-bold]:mapping=tex-text;!
Missing character: There is no ： (U+FF1A) in font [lmroman10-regular]:mapping=tex-text;!
Missing character: There is no 把 (U+628A) in font [lmroman10-regular]:mapping=tex-text;!
Missing character: There is no 定 (U+5B9A) in font [lmroman10-regular]:mapping=tex-text;!
Missing character: There is no 位 (U+4F4D) in font [lmroman10-regular]:mapping=tex-text;!
Missing character: There is no 写 (U+5199) in font [lmroman10-regular]:mapping=tex-text;!
Missing character: There is no 成 (U+6210) in font [lmroman10-regular]:mapping=tex-text;!
Missing character: There is no 三 (U+4E09) in font [lmroman10-regular]:mapping=tex-text;!
Missing character: There is no 变 (U+53D8) in font [lmroman10-regular]:mapping=tex-text;!
Missing character: There is no 量 (U+91CF) in font [lmroman10-regular]:mapping=tex-text;!
Missing character: There is no 搜 (U+641C) in font [lmroman10-regular]:mapping=tex-text;!
Missing character: There is no 索 (U+7D22) in font [lmroman10-regular]:mapping=tex-text;!
Missing character: There is no 最 (U+6700) in font [lmroman10-regular]:mapping=tex-text;!
Missing character: There is no 大 (U+5927) in font [lmroman10-regular]:mapping=tex-text;!
Missing character: There is no 化 (U+5316) in font [lmroman10-regular]:mapping=tex-text;!
Missing character: There is no 相 (U+76F8) in font [lmroman10-regular]:mapping=tex-text;!
Missing character: There is no 关 (U+5173) in font [lmroman10-regular]:mapping=tex-text;!
Missing character: There is no （ (U+FF08) in font [lmroman10-regular]:mapping=tex-text;!
Missing character: There is no ） (U+FF09) in font [lmroman10-regular]:mapping=tex-text;!
Missing character: There is no ； (U+FF1B) in font [lmroman10-regular]:mapping=tex-text;!
Missing character: There is no 并 (U+5E76) in font [lmroman10-regular]:mapping=tex-text;!
Missing character: There is no 用 (U+7528) in font [lmroman10-regular]:mapping=tex-text;!
Missing character: There is no 解 (U+89E3) in font [lmroman10-regular]:mapping=tex-text;!
Missing character: There is no 决 (U+51B3) in font [lmroman10-regular]:mapping=tex-text;!
Missing character: There is no 采 (U+91C7) in font [lmroman10-regular]:mapping=tex-text;!
Missing character: There is no 样 (U+6837) in font [lmroman10-regular]:mapping=tex-text;!
Missing character: There is no 率 (U+7387) in font [lmroman10-regular]:mapping=tex-text;!
Missing character: There is no 差 (U+5DEE) in font [lmroman10-regular]:mapping=tex-text;!
Missing character: There is no 异 (U+5F02) in font [lmroman10-regular]:mapping=tex-text;!
Missing character: There is no 与 (U+4E0E) in font [lmroman10-regular]:mapping=tex-text;!
Missing character: There is no 速 (U+901F) in font [lmroman10-regular]:mapping=tex-text;!
Missing character: There is no 度 (U+5EA6) in font [lmroman10-regular]:mapping=tex-text;!
Missing character: There is no 不 (U+4E0D) in font [lmroman10-regular]:mapping=tex-text;!
Missing character: There is no 恒 (U+6052) in font [lmroman10-regular]:mapping=tex-text;!
Missing character: There is no 定 (U+5B9A) in font [lmroman10-regular]:mapping=tex-text;!
Missing character: There is no 带 (U+5E26) in font [lmroman10-regular]:mapping=tex-text;!
Missing character: There is no 来 (U+6765) in font [lmroman10-regular]:mapping=tex-text;!
Missing character: There is no 的 (U+7684) in font [lmroman10-regular]:mapping=tex-text;!
Missing character: There is no 累 (U+7D2F) in font [lmroman10-regular]:mapping=tex-text;!
Missing character: There is no 积 (U+79EF) in font [lmroman10-regular]:mapping=tex-text;!
Missing character: There is no 误 (U+8BEF) in font [lmroman10-regular]:mapping=tex-text;!
Missing character: There is no 差 (U+5DEE) in font [lmroman10-regular]:mapping=tex-text;!
Missing character: There is no 问 (U+95EE) in font [lmroman10-regular]:mapping=tex-text;!
Missing character: There is no 题 (U+9898) in font [lmroman10-regular]:mapping=tex-text;!
Missing character: There is no 。 (U+3002) in font [lmroman10-regular]:mapping=tex-text;!
Missing character: There is no 权 (U+6743) in font [lmroman10-bold]:mapping=tex-text;!
Missing character: There is no 衡 (U+8861) in font [lmroman10-bold]:mapping=tex-text;!
Missing character: There is no 权 (U+6743) in font [lmroman10-bold]:mapping=tex-text;!
Missing character: There is no 衡 (U+8861) in font [lmroman10-bold]:mapping=tex-text;!
Missing character: There is no 权 (U+6743) in font [lmroman10-bold]:mapping=tex-text;!
Missing character: There is no 衡 (U+8861) in font [lmroman10-bold]:mapping=tex-text;!
Missing character: There is no ： (U+FF1A) in font [lmroman10-regular]:mapping=tex-text;!
Missing character: There is no 可 (U+53EF) in font [lmroman10-regular]:mapping=tex-text;!
Missing character: There is no 行 (U+884C) in font [lmroman10-regular]:mapping=tex-text;!
Missing character: There is no 性 (U+6027) in font [lmroman10-regular]:mapping=tex-text;!
Missing character: There is no （ (U+FF08) in font [lmroman10-regular]:mapping=tex-text;!
Missing character: There is no 拿 (U+62FF) in font [lmroman10-regular]:mapping=tex-text;!
Missing character: There is no 不 (U+4E0D) in font [lmroman10-regular]:mapping=tex-text;!
Missing character: There is no 到 (U+5230) in font [lmroman10-regular]:mapping=tex-text;!
Missing character: There is no 的 (U+7684) in font [lmroman10-regular]:mapping=tex-text;!
Missing character: There is no 现 (U+73B0) in font [lmroman10-regular]:mapping=tex-text;!
Missing character: There is no 实 (U+5B9E) in font [lmroman10-regular]:mapping=tex-text;!
Missing character: There is no ） (U+FF09) in font [lmroman10-regular]:mapping=tex-text;!
Missing character: There is no 精 (U+7CBE) in font [lmroman10-regular]:mapping=tex-text;!
Missing character: There is no 度 (U+5EA6) in font [lmroman10-regular]:mapping=tex-text;!
Missing character: There is no 复 (U+590D) in font [lmroman10-regular]:mapping=tex-text;!
Missing character: There is no 杂 (U+6742) in font [lmroman10-regular]:mapping=tex-text;!
Missing character: There is no 度 (U+5EA6) in font [lmroman10-regular]:mapping=tex-text;!
Missing character: There is no ； (U+FF1B) in font [lmroman10-regular]:mapping=tex-text;!
Missing character: There is no 以 (U+4EE5) in font [lmroman10-regular]:mapping=tex-text;!
Missing character: There is no 及 (U+53CA) in font [lmroman10-regular]:mapping=tex-text;!
Missing character: There is no 多 (U+591A) in font [lmroman10-regular]:mapping=tex-text;!
Missing character: There is no 传 (U+4F20) in font [lmroman10-regular]:mapping=tex-text;!
Missing character: There is no 感 (U+611F) in font [lmroman10-regular]:mapping=tex-text;!
Missing character: There is no 器 (U+5668) in font [lmroman10-regular]:mapping=tex-text;!
Missing character: There is no 融 (U+878D) in font [lmroman10-regular]:mapping=tex-text;!
Missing character: There is no 合 (U+5408) in font [lmroman10-regular]:mapping=tex-text;!
Missing character: There is no 引 (U+5F15) in font [lmroman10-regular]:mapping=tex-text;!
Missing character: There is no 入 (U+5165) in font [lmroman10-regular]:mapping=tex-text;!
Missing character: There is no 的 (U+7684) in font [lmroman10-regular]:mapping=tex-text;!
Missing character: There is no 系 (U+7CFB) in font [lmroman10-regular]:mapping=tex-text;!
Missing character: There is no 统 (U+7EDF) in font [lmroman10-regular]:mapping=tex-text;!
Missing character: There is no 集 (U+96C6) in font [lmroman10-regular]:mapping=tex-text;!
Missing character: There is no 成 (U+6210) in font [lmroman10-regular]:mapping=tex-text;!
Missing character: There is no 成 (U+6210) in font [lmroman10-regular]:mapping=tex-text;!
Missing character: There is no 本 (U+672C) in font [lmroman10-regular]:mapping=tex-text;!
Missing character: There is no ， (U+FF0C) in font [lmroman10-regular]:mapping=tex-text;!
Missing character: There is no 但 (U+4F46) in font [lmroman10-regular]:mapping=tex-text;!
Missing character: There is no 换 (U+6362) in font [lmroman10-regular]:mapping=tex-text;!
Missing character: There is no 来 (U+6765) in font [lmroman10-regular]:mapping=tex-text;!
Missing character: There is no 对 (U+5BF9) in font [lmroman10-regular]:mapping=tex-text;!
Missing character: There is no 低 (U+4F4E) in font [lmroman10-regular]:mapping=tex-text;!
Missing character: There is no 包 (U+5305) in font [lmroman10-regular]:mapping=tex-text;!
Missing character: There is no 率 (U+7387) in font [lmroman10-regular]:mapping=tex-text;!
Missing character: There is no 高 (U+9AD8) in font [lmroman10-regular]:mapping=tex-text;!
Missing character: There is no 移 (U+79FB) in font [lmroman10-regular]:mapping=tex-text;!
Missing character: There is no 动 (U+52A8) in font [lmroman10-regular]:mapping=tex-text;!
Missing character: There is no 多 (U+591A) in font [lmroman10-regular]:mapping=tex-text;!
Missing character: There is no 径 (U+5F84) in font [lmroman10-regular]:mapping=tex-text;!
Missing character: There is no 环 (U+73AF) in font [lmroman10-regular]:mapping=tex-text;!
Missing character: There is no 境 (U+5883) in font [lmroman10-regular]:mapping=tex-text;!
Missing character: There is no 的 (U+7684) in font [lmroman10-regular]:mapping=tex-text;!
Missing character: There is no 可 (U+53EF) in font [lmroman10-regular]:mapping=tex-text;!
Missing character: There is no 用 (U+7528) in font [lmroman10-regular]:mapping=tex-text;!
Missing character: There is no 性 (U+6027) in font [lmroman10-regular]:mapping=tex-text;!
Missing character: There is no 。 (U+3002) in font [lmroman10-regular]:mapping=tex-text;!
Missing character: There is no 总 (U+603B) in font [lmroman12-bold]:mapping=tex-text;!
Missing character: There is no 结 (U+7ED3) in font [lmroman12-bold]:mapping=tex-text;!
Missing character: There is no ： (U+FF1A) in font [lmroman10-bold]:mapping=tex-text;!
Missing character: There is no 这 (U+8FD9) in font [lmroman10-bold]:mapping=tex-text;!
Missing character: There is no 七 (U+4E03) in font [lmroman10-bold]:mapping=tex-text;!
Missing character: There is no 篇 (U+7BC7) in font [lmroman10-bold]:mapping=tex-text;!
Missing character: There is no 是 (U+662F) in font [lmroman10-bold]:mapping=tex-text;!
Missing character: There is no 否 (U+5426) in font [lmroman10-bold]:mapping=tex-text;!
Missing character: There is no 都 (U+90FD) in font [lmroman10-bold]:mapping=tex-text;!
Missing character: There is no 有 (U+6709) in font [lmroman10-bold]:mapping=tex-text;!
Missing character: There is no 消 (U+6D88) in font [lmroman10-bold]:mapping=tex-text;!
Missing character: There is no 除 (U+9664) in font [lmroman10-bold]:mapping=tex-text;!
Missing character: There is no 静 (U+9759) in font [lmroman10-bold]:mapping=tex-text;!
Missing character: There is no 态 (U+6001) in font [lmroman10-bold]:mapping=tex-text;!
Missing character: There is no ？ (U+FF1F) in font [lmroman10-bold]:mapping=tex-text;!
Missing character: There is no 做 (U+505A) in font [lmroman10-bold]:mapping=tex-text;!
Missing character: There is no 去 (U+53BB) in font [lmroman10-bold]:mapping=tex-text;!
Missing character: There is no 混 (U+6DF7) in font [lmroman10-bold]:mapping=tex-text;!
Missing character: There is no 杂 (U+6742) in font [lmroman10-bold]:mapping=tex-text;!
Missing character: There is no 提 (U+63D0) in font [lmroman10-bold]:mapping=tex-text;!
Missing character: There is no 纯 (U+7EAF) in font [lmroman10-bold]:mapping=tex-text;!
Missing character: There is no 对 (U+5BF9) in font [lmroman10-bold]:mapping=tex-text;!
Missing character: There is no 于 (U+4E8E) in font [lmroman10-bold]:mapping=tex-text;!
Missing character: There is no 误 (U+8BEF) in font [lmroman10-bold]:mapping=tex-text;!
Missing character: There is no 差 (U+5DEE) in font [lmroman10-bold]:mapping=tex-text;!
Missing character: There is no 累 (U+7D2F) in font [lmroman10-bold]:mapping=tex-text;!
Missing character: There is no 计 (U+8BA1) in font [lmroman10-bold]:mapping=tex-text;!
Missing character: There is no 的 (U+7684) in font [lmroman10-bold]:mapping=tex-text;!
Missing character: There is no 处 (U+5904) in font [lmroman10-bold]:mapping=tex-text;!
Missing character: There is no 理 (U+7406) in font [lmroman10-bold]:mapping=tex-text;!
Missing character: There is no ， (U+FF0C) in font [lmroman10-bold]:mapping=tex-text;!
Missing character: There is no 保 (U+4FDD) in font [lmroman10-bold]:mapping=tex-text;!
Missing character: There is no 证 (U+8BC1) in font [lmroman10-bold]:mapping=tex-text;!
Missing character: There is no 精 (U+7CBE) in font [lmroman10-bold]:mapping=tex-text;!
Missing character: There is no 度 (U+5EA6) in font [lmroman10-bold]:mapping=tex-text;!
Missing character: There is no （ (U+FF08) in font [lmroman10-regular]:mapping=tex-text;!
Missing character: There is no 待 (U+5F85) in font [lmroman10-regular]:mapping=tex-text;!
Missing character: There is no 补 (U+8865) in font [lmroman10-regular]:mapping=tex-text;!
Missing character: There is no 充 (U+5145) in font [lmroman10-regular]:mapping=tex-text;!
Missing character: There is no ） (U+FF09) in font [lmroman10-regular]:mapping=tex-text;!
Missing character: There is no 多 (U+591A) in font [lmroman12-bold]:mapping=tex-text;!
Missing character: There is no 目 (U+76EE) in font [lmroman12-bold]:mapping=tex-text;!
Missing character: There is no 标 (U+6807) in font [lmroman12-bold]:mapping=tex-text;!
Missing character: There is no 权 (U+6743) in font [lmroman12-bold]:mapping=tex-text;!
Missing character: There is no 衡 (U+8861) in font [lmroman12-bold]:mapping=tex-text;!
Missing character: There is no 需 (U+9700) in font [lmroman12-bold]:mapping=tex-text;!
Missing character: There is no 要 (U+8981) in font [lmroman12-bold]:mapping=tex-text;!
Missing character: There is no 选 (U+9009) in font [lmroman12-bold]:mapping=tex-text;!
Missing character: There is no 择 (U+62E9) in font [lmroman12-bold]:mapping=tex-text;!
Missing character: There is no 合 (U+5408) in font [lmroman12-bold]:mapping=tex-text;!
Missing character: There is no 适 (U+9002) in font [lmroman12-bold]:mapping=tex-text;!
Missing character: There is no 的 (U+7684) in font [lmroman12-bold]:mapping=tex-text;!
Missing character: There is no 刻 (U+523B) in font [lmroman12-bold]:mapping=tex-text;!
Missing character: There is no 画 (U+753B) in font [lmroman12-bold]:mapping=tex-text;!
Missing character: There is no 指 (U+6307) in font [lmroman12-bold]:mapping=tex-text;!
Missing character: There is no 标 (U+6807) in font [lmroman12-bold]:mapping=tex-text;!
Missing character: There is no ， (U+FF0C) in font [lmroman12-bold]:mapping=tex-text;!
Missing character: There is no 量 (U+91CF) in font [lmroman12-bold]:mapping=tex-text;!
Missing character: There is no 化 (U+5316) in font [lmroman12-bold]:mapping=tex-text;!
Missing character: There is no 指 (U+6307) in font [lmroman12-bold]:mapping=tex-text;!
Missing character: There is no 标 (U+6807) in font [lmroman12-bold]:mapping=tex-text;!
Missing character: There is no 为 (U+4E3A) in font [lmroman10-bold]:mapping=tex-text;!
Missing character: There is no 什 (U+4EC0) in font [lmroman10-bold]:mapping=tex-text;!
Missing character: There is no 么 (U+4E48) in font [lmroman10-bold]:mapping=tex-text;!
Missing character: There is no 重 (U+91CD) in font [lmroman10-bold]:mapping=tex-text;!
Missing character: There is no 要 (U+8981) in font [lmroman10-bold]:mapping=tex-text;!
Missing character: There is no ： (U+FF1A) in font [lmroman10-regular]:mapping=tex-text;!
Missing character: There is no 同 (U+540C) in font [lmroman10-regular]:mapping=tex-text;!
Missing character: There is no 一 (U+4E00) in font [lmroman10-regular]:mapping=tex-text;!
Missing character: There is no 链 (U+94FE) in font [lmroman10-regular]:mapping=tex-text;!
Missing character: There is no 路 (U+8DEF) in font [lmroman10-regular]:mapping=tex-text;!
Missing character: There is no 要 (U+8981) in font [lmroman10-regular]:mapping=tex-text;!
Missing character: There is no 同 (U+540C) in font [lmroman10-regular]:mapping=tex-text;!
Missing character: There is no 时 (U+65F6) in font [lmroman10-regular]:mapping=tex-text;!
Missing character: There is no 满 (U+6EE1) in font [lmroman10-regular]:mapping=tex-text;!
Missing character: There is no 足 (U+8DB3) in font [lmroman10-regular]:mapping=tex-text;!
Missing character: There is no 通 (U+901A) in font [lmroman10-regular]:mapping=tex-text;!
Missing character: There is no 信 (U+4FE1) in font [lmroman10-regular]:mapping=tex-text;!
Missing character: There is no 与 (U+4E0E) in font [lmroman10-regular]:mapping=tex-text;!
Missing character: There is no 感 (U+611F) in font [lmroman10-regular]:mapping=tex-text;!
Missing character: There is no 知 (U+77E5) in font [lmroman10-regular]:mapping=tex-text;!
Missing character: There is no ， (U+FF0C) in font [lmroman10-regular]:mapping=tex-text;!
Missing character: There is no 甚 (U+751A) in font [lmroman10-regular]:mapping=tex-text;!
Missing character: There is no 至 (U+81F3) in font [lmroman10-regular]:mapping=tex-text;!
Missing character: There is no 还 (U+8FD8) in font [lmroman10-regular]:mapping=tex-text;!
Missing character: There is no 要 (U+8981) in font [lmroman10-regular]:mapping=tex-text;!
Missing character: There is no 隐 (U+9690) in font [lmroman10-regular]:mapping=tex-text;!
Missing character: There is no 私 (U+79C1) in font [lmroman10-regular]:mapping=tex-text;!
Missing character: There is no 安 (U+5B89) in font [lmroman10-regular]:mapping=tex-text;!
Missing character: There is no 全 (U+5168) in font [lmroman10-regular]:mapping=tex-text;!
Missing character: There is no 。 (U+3002) in font [lmroman10-regular]:mapping=tex-text;!
Missing character: There is no 怎 (U+600E) in font [lmroman10-bold]:mapping=tex-text;!
Missing character: There is no 么 (U+4E48) in font [lmroman10-bold]:mapping=tex-text;!
Missing character: There is no 做 (U+505A) in font [lmroman10-bold]:mapping=tex-text;!
Missing character: There is no ： (U+FF1A) in font [lmroman10-regular]:mapping=tex-text;!
Missing character: There is no 把 (U+628A) in font [lmroman10-regular]:mapping=tex-text;!
Missing character: There is no 问 (U+95EE) in font [lmroman10-regular]:mapping=tex-text;!
Missing character: There is no 把 (U+628A) in font [lmroman10-regular]:mapping=tex-text;!
Missing character: There is no 问 (U+95EE) in font [lmroman10-regular]:mapping=tex-text;!
Missing character: There is no 把 (U+628A) in font [lmroman10-regular]:mapping=tex-text;!
Missing character: There is no 问 (U+95EE) in font [lmroman10-regular]:mapping=tex-text;!
Missing character: There is no 题 (U+9898) in font [lmroman10-regular]:mapping=tex-text;!
Missing character: There is no 写 (U+5199) in font [lmroman10-regular]:mapping=tex-text;!
Missing character: There is no 成 (U+6210) in font [lmroman10-regular]:mapping=tex-text;!
Missing character: There is no 多 (U+591A) in font [lmroman10-regular]:mapping=tex-text;!
Missing character: There is no 目 (U+76EE) in font [lmroman10-regular]:mapping=tex-text;!
Missing character: There is no 标 (U+6807) in font [lmroman10-regular]:mapping=tex-text;!
Missing character: There is no 优 (U+4F18) in font [lmroman10-regular]:mapping=tex-text;!
Missing character: There is no 化 (U+5316) in font [lmroman10-regular]:mapping=tex-text;!
Missing character: There is no ： (U+FF1A) in font [lmroman10-regular]:mapping=tex-text;!
Missing character: There is no 通 (U+901A) in font [lmroman10-regular]:mapping=tex-text;!
Missing character: There is no 信 (U+4FE1) in font [lmroman10-regular]:mapping=tex-text;!
Missing character: There is no 质 (U+8D28) in font [lmroman10-regular]:mapping=tex-text;!
Missing character: There is no 量 (U+91CF) in font [lmroman10-regular]:mapping=tex-text;!
Missing character: There is no （ (U+FF08) in font [lmroman10-regular]:mapping=tex-text;!
Missing character: There is no 吞 (U+541E) in font [lmroman10-regular]:mapping=tex-text;!
Missing character: There is no 吐 (U+5410) in font [lmroman10-regular]:mapping=tex-text;!
Missing character: There is no ） (U+FF09) in font [lmroman10-regular]:mapping=tex-text;!
Missing character: There is no 感 (U+611F) in font [lmroman10-regular]:mapping=tex-text;!
Missing character: There is no 知 (U+77E5) in font [lmroman10-regular]:mapping=tex-text;!
Missing character: There is no 性 (U+6027) in font [lmroman10-regular]:mapping=tex-text;!
Missing character: There is no 能 (U+80FD) in font [lmroman10-regular]:mapping=tex-text;!
Missing character: There is no 安 (U+5B89) in font [lmroman10-regular]:mapping=tex-text;!
Missing character: There is no 全 (U+5168) in font [lmroman10-regular]:mapping=tex-text;!
Missing character: There is no 隐 (U+9690) in font [lmroman10-regular]:mapping=tex-text;!
Missing character: There is no 私 (U+79C1) in font [lmroman10-regular]:mapping=tex-text;!
Missing character: There is no 通 (U+901A) in font [lmroman10-regular]:mapping=tex-text;!
Missing character: There is no 过 (U+8FC7) in font [lmroman10-regular]:mapping=tex-text;!
Missing character: There is no 通 (U+901A) in font [lmroman10-regular]:mapping=tex-text;!
Missing character: There is no 过 (U+8FC7) in font [lmroman10-regular]:mapping=tex-text;!
Missing character: There is no 通 (U+901A) in font [lmroman10-regular]:mapping=tex-text;!
Missing character: There is no 过 (U+8FC7) in font [lmroman10-regular]:mapping=tex-text;!
Missing character: There is no 可 (U+53EF) in font [lmroman10-regular]:mapping=tex-text;!
Missing character: There is no 控 (U+63A7) in font [lmroman10-regular]:mapping=tex-text;!
Missing character: There is no 变 (U+53D8) in font [lmroman10-regular]:mapping=tex-text;!
Missing character: There is no 换 (U+6362) in font [lmroman10-regular]:mapping=tex-text;!
Missing character: There is no （ (U+FF08) in font [lmroman10-regular]:mapping=tex-text;!
Missing character: There is no 波 (U+6CE2) in font [lmroman10-regular]:mapping=tex-text;!
Missing character: There is no 束 (U+675F) in font [lmroman10-regular]:mapping=tex-text;!
Missing character: There is no 预 (U+9884) in font [lmroman10-regular]:mapping=tex-text;!
Missing character: There is no 编 (U+7F16) in font [lmroman10-regular]:mapping=tex-text;!
Missing character: There is no 码 (U+7801) in font [lmroman10-regular]:mapping=tex-text;!
Missing character: There is no 资 (U+8D44) in font [lmroman10-regular]:mapping=tex-text;!
Missing character: There is no 源 (U+6E90) in font [lmroman10-regular]:mapping=tex-text;!
Missing character: There is no 分 (U+5206) in font [lmroman10-regular]:mapping=tex-text;!
Missing character: There is no 配 (U+914D) in font [lmroman10-regular]:mapping=tex-text;!
Missing character: There is no ） (U+FF09) in font [lmroman10-regular]:mapping=tex-text;!
Missing character: There is no 来 (U+6765) in font [lmroman10-regular]:mapping=tex-text;!
Missing character: There is no 调 (U+8C03) in font [lmroman10-regular]:mapping=tex-text;!
Missing character: There is no 节 (U+8282) in font [lmroman10-regular]:mapping=tex-text;!
Missing character: There is no （ (U+FF08) in font [lmroman10-regular]:mapping=tex-text;!
Missing character: There is no ） (U+FF09) in font [lmroman10-regular]:mapping=tex-text;!
Missing character: There is no 这 (U+8FD9) in font [lmroman10-regular]:mapping=tex-text;!
Missing character: There is no 类 (U+7C7B) in font [lmroman10-regular]:mapping=tex-text;!
Missing character: There is no 思 (U+601D) in font [lmroman10-regular]:mapping=tex-text;!
Missing character: There is no 维 (U+7EF4) in font [lmroman10-regular]:mapping=tex-text;!
Missing character: There is no 会 (U+4F1A) in font [lmroman10-regular]:mapping=tex-text;!
Missing character: There is no 更 (U+66F4) in font [lmroman10-regular]:mapping=tex-text;!
Missing character: There is no 而 (U+800C) in font [lmroman10-regular]:mapping=tex-text;!
Missing character: There is no 不 (U+4E0D) in font [lmroman10-regular]:mapping=tex-text;!
Missing character: There is no 只 (U+53EA) in font [lmroman10-regular]:mapping=tex-text;!
Missing character: There is no 是 (U+662F) in font [lmroman10-regular]:mapping=tex-text;!
Missing character: There is no 用 (U+7528) in font [lmroman10-regular]:mapping=tex-text;!
Missing character: There is no 做 (U+505A) in font [lmroman10-regular]:mapping=tex-text;!
Missing character: There is no 感 (U+611F) in font [lmroman10-regular]:mapping=tex-text;!
Missing character: There is no 知 (U+77E5) in font [lmroman10-regular]:mapping=tex-text;!
Missing character: There is no ？ (U+FF1F) in font [lmroman10-regular]:mapping=tex-text;!
Missing character: There is no 通 (U+901A) in font [lmroman10-bold]:mapping=tex-text;!
Missing character: There is no 感 (U+611F) in font [lmroman10-bold]:mapping=tex-text;!
Missing character: There is no 权 (U+6743) in font [lmroman10-bold]:mapping=tex-text;!
Missing character: There is no 衡 (U+8861) in font [lmroman10-bold]:mapping=tex-text;!
Missing character: There is no 通 (U+901A) in font [lmroman10-bold]:mapping=tex-text;!
Missing character: There is no 信 (U+4FE1) in font [lmroman10-bold]:mapping=tex-text;!
Missing character: There is no 约 (U+7EA6) in font [lmroman10-bold]:mapping=tex-text;!
Missing character: There is no 束 (U+675F) in font [lmroman10-bold]:mapping=tex-text;!
Missing character: There is no 下 (U+4E0B) in font [lmroman10-bold]:mapping=tex-text;!
Missing character: There is no 的 (U+7684) in font [lmroman10-bold]:mapping=tex-text;!
Missing character: There is no 可 (U+53EF) in font [lmroman10-bold]:mapping=tex-text;!
Missing character: There is no 用 (U+7528) in font [lmroman10-bold]:mapping=tex-text;!
Missing character: There is no 观 (U+89C2) in font [lmroman10-bold]:mapping=tex-text;!
Missing character: There is no 测 (U+6D4B) in font [lmroman10-bold]:mapping=tex-text;!
Missing character: There is no 感 (U+611F) in font [lmroman10-bold]:mapping=tex-text;!
Missing character: There is no 知 (U+77E5) in font [lmroman10-bold]:mapping=tex-text;!
Missing character: There is no 任 (U+4EFB) in font [lmroman10-bold]:mapping=tex-text;!
Missing character: There is no 务 (U+52A1) in font [lmroman10-bold]:mapping=tex-text;!
Missing character: There is no 所 (U+6240) in font [lmroman10-bold]:mapping=tex-text;!
Missing character: There is no 需 (U+9700) in font [lmroman10-bold]:mapping=tex-text;!
Missing character: There is no 可 (U+53EF) in font [lmroman10-bold]:mapping=tex-text;!
Missing character: There is no 辨 (U+8FA8) in font [lmroman10-bold]:mapping=tex-text;!
Missing character: There is no 识 (U+8BC6) in font [lmroman10-bold]:mapping=tex-text;!
Missing character: There is no 信 (U+4FE1) in font [lmroman10-bold]:mapping=tex-text;!
Missing character: There is no 息 (U+606F) in font [lmroman10-bold]:mapping=tex-text;!
Missing character: There is no 可 (U+53EF) in font [lmroman10-bold]:mapping=tex-text;!
Missing character: There is no 用 (U+7528) in font [lmroman10-bold]:mapping=tex-text;!
Missing character: There is no 性 (U+6027) in font [lmroman10-bold]:mapping=tex-text;!
Missing character: There is no 侵 (U+4FB5) in font [lmroman10-bold]:mapping=tex-text;!
Missing character: There is no 入 (U+5165) in font [lmroman10-bold]:mapping=tex-text;!
Missing character: There is no 性 (U+6027) in font [lmroman10-bold]:mapping=tex-text;!
Missing character: There is no 和 (U+548C) in font [lmroman10-bold]:mapping=tex-text;!
Missing character: There is no 信 (U+4FE1) in font [lmroman10-bold]:mapping=tex-text;!
Missing character: There is no 息 (U+606F) in font [lmroman10-bold]:mapping=tex-text;!
Missing character: There is no 量 (U+91CF) in font [lmroman10-bold]:mapping=tex-text;!
Missing character: There is no 被 (U+88AB) in font [lmroman10-regular]:mapping=tex-text;!
Missing character: There is no 动 (U+52A8) in font [lmroman10-regular]:mapping=tex-text;!
Missing character: There is no 被 (U+88AB) in font [lmroman10-regular]:mapping=tex-text;!
Missing character: There is no 动 (U+52A8) in font [lmroman10-regular]:mapping=tex-text;!
Missing character: There is no 被 (U+88AB) in font [lmroman10-regular]:mapping=tex-text;!
Missing character: There is no 动 (U+52A8) in font [lmroman10-regular]:mapping=tex-text;!
Missing character: There is no 监 (U+76D1) in font [lmroman10-regular]:mapping=tex-text;!
Missing character: There is no 听 (U+542C) in font [lmroman10-regular]:mapping=tex-text;!
Missing character: There is no （ (U+FF08) in font [lmroman10-regular]:mapping=tex-text;!
Missing character: There is no ） (U+FF09) in font [lmroman10-regular]:mapping=tex-text;!
Missing character: There is no 不 (U+4E0D) in font [lmroman10-regular]:mapping=tex-text;!
Missing character: There is no 能 (U+80FD) in font [lmroman10-regular]:mapping=tex-text;!
Missing character: There is no 依 (U+4F9D) in font [lmroman10-regular]:mapping=tex-text;!
Missing character: There is no 赖 (U+8D56) in font [lmroman10-regular]:mapping=tex-text;!
Missing character: There is no 协 (U+534F) in font [lmroman10-regular]:mapping=tex-text;!
Missing character: There is no 议 (U+8BAE) in font [lmroman10-regular]:mapping=tex-text;!
Missing character: There is no 信 (U+4FE1) in font [lmroman10-regular]:mapping=tex-text;!
Missing character: There is no 令 (U+4EE4) in font [lmroman10-regular]:mapping=tex-text;!
Missing character: There is no 训 (U+8BAD) in font [lmroman10-regular]:mapping=tex-text;!
Missing character: There is no 练 (U+7EC3) in font [lmroman10-regular]:mapping=tex-text;!
Missing character: There is no 序 (U+5E8F) in font [lmroman10-regular]:mapping=tex-text;!
Missing character: There is no 列 (U+5217) in font [lmroman10-regular]:mapping=tex-text;!
Missing character: There is no 同 (U+540C) in font [lmroman10-regular]:mapping=tex-text;!
Missing character: There is no 步 (U+6B65) in font [lmroman10-regular]:mapping=tex-text;!
Missing character: There is no 条 (U+6761) in font [lmroman10-regular]:mapping=tex-text;!
Missing character: There is no 件 (U+4EF6) in font [lmroman10-regular]:mapping=tex-text;!
Missing character: There is no ， (U+FF0C) in font [lmroman10-regular]:mapping=tex-text;!
Missing character: There is no 因 (U+56E0) in font [lmroman10-regular]:mapping=tex-text;!
Missing character: There is no 此 (U+6B64) in font [lmroman10-regular]:mapping=tex-text;!
Missing character: There is no 选 (U+9009) in font [lmroman10-regular]:mapping=tex-text;!
Missing character: There is no 择 (U+62E9) in font [lmroman10-regular]:mapping=tex-text;!
Missing character: There is no 相 (U+76F8) in font [lmroman10-bold]:mapping=tex-text;!
Missing character: There is no 位 (U+4F4D) in font [lmroman10-bold]:mapping=tex-text;!
Missing character: There is no 差 (U+5DEE) in font [lmroman10-bold]:mapping=tex-text;!
Missing character: There is no 这 (U+8FD9) in font [lmroman10-regular]:mapping=tex-text;!
Missing character: There is no 种 (U+79CD) in font [lmroman10-regular]:mapping=tex-text;!
Missing character: There is no 从 (U+4ECE) in font [lmroman10-regular]:mapping=tex-text;!
Missing character: There is no 原 (U+539F) in font [lmroman10-regular]:mapping=tex-text;!
Missing character: There is no 始 (U+59CB) in font [lmroman10-regular]:mapping=tex-text;!
Missing character: There is no 基 (U+57FA) in font [lmroman10-regular]:mapping=tex-text;!
Missing character: There is no 带 (U+5E26) in font [lmroman10-regular]:mapping=tex-text;!
Missing character: There is no 就 (U+5C31) in font [lmroman10-regular]:mapping=tex-text;!
Missing character: There is no 能 (U+80FD) in font [lmroman10-regular]:mapping=tex-text;!
Missing character: There is no 抽 (U+62BD) in font [lmroman10-regular]:mapping=tex-text;!
Missing character: There is no 取 (U+53D6) in font [lmroman10-regular]:mapping=tex-text;!
Missing character: There is no 的 (U+7684) in font [lmroman10-regular]:mapping=tex-text;!
Missing character: There is no 特 (U+7279) in font [lmroman10-regular]:mapping=tex-text;!
Missing character: There is no 征 (U+5F81) in font [lmroman10-regular]:mapping=tex-text;!
Missing character: There is no ， (U+FF0C) in font [lmroman10-regular]:mapping=tex-text;!
Missing character: There is no 牺 (U+727A) in font [lmroman10-regular]:mapping=tex-text;!
Missing character: There is no 牲 (U+7272) in font [lmroman10-regular]:mapping=tex-text;!
Missing character: There is no 了 (U+4E86) in font [lmroman10-regular]:mapping=tex-text;!
Missing character: There is no 一 (U+4E00) in font [lmroman10-regular]:mapping=tex-text;!
Missing character: There is no 部 (U+90E8) in font [lmroman10-regular]:mapping=tex-text;!
Missing character: There is no 分 (U+5206) in font [lmroman10-regular]:mapping=tex-text;!
Missing character: There is no 经 (U+7ECF) in font [lmroman10-regular]:mapping=tex-text;!
Missing character: There is no 典 (U+5178) in font [lmroman10-regular]:mapping=tex-text;!
Missing character: There is no 框 (U+6846) in font [lmroman10-regular]:mapping=tex-text;!
Missing character: There is no 架 (U+67B6) in font [lmroman10-regular]:mapping=tex-text;!
Missing character: There is no 的 (U+7684) in font [lmroman10-regular]:mapping=tex-text;!
Missing character: There is no 便 (U+4FBF) in font [lmroman10-regular]:mapping=tex-text;!
Missing character: There is no 利 (U+5229) in font [lmroman10-regular]:mapping=tex-text;!
Missing character: There is no ， (U+FF0C) in font [lmroman10-regular]:mapping=tex-text;!
Missing character: There is no 但 (U+4F46) in font [lmroman10-regular]:mapping=tex-text;!
Missing character: There is no 换 (U+6362) in font [lmroman10-regular]:mapping=tex-text;!
Missing character: There is no 来 (U+6765) in font [lmroman10-regular]:mapping=tex-text;!
Missing character: There is no 部 (U+90E8) in font [lmroman10-regular]:mapping=tex-text;!
Missing character: There is no 署 (U+7F72) in font [lmroman10-regular]:mapping=tex-text;!
Missing character: There is no 可 (U+53EF) in font [lmroman10-regular]:mapping=tex-text;!
Missing character: There is no 行 (U+884C) in font [lmroman10-regular]:mapping=tex-text;!
Missing character: There is no 性 (U+6027) in font [lmroman10-regular]:mapping=tex-text;!
Missing character: There is no 通 (U+901A) in font [lmroman10-bold]:mapping=tex-text;!
Missing character: There is no 信 (U+4FE1) in font [lmroman10-bold]:mapping=tex-text;!
Missing character: There is no 友 (U+53CB) in font [lmroman10-bold]:mapping=tex-text;!
Missing character: There is no 好 (U+597D) in font [lmroman10-bold]:mapping=tex-text;!
Missing character: There is no （ (U+FF08) in font [lmroman10-bold]:mapping=tex-text;!
Missing character: There is no 少 (U+5C11) in font [lmroman10-bold]:mapping=tex-text;!
Missing character: There is no 改 (U+6539) in font [lmroman10-bold]:mapping=tex-text;!
Missing character: There is no 协 (U+534F) in font [lmroman10-bold]:mapping=tex-text;!
Missing character: There is no 议 (U+8BAE) in font [lmroman10-bold]:mapping=tex-text;!
Missing character: There is no 、 (U+3001) in font [lmroman10-bold]:mapping=tex-text;!
Missing character: There is no 少 (U+5C11) in font [lmroman10-bold]:mapping=tex-text;!
Missing character: There is no 训 (U+8BAD) in font [lmroman10-bold]:mapping=tex-text;!
Missing character: There is no 练 (U+7EC3) in font [lmroman10-bold]:mapping=tex-text;!
Missing character: There is no 开 (U+5F00) in font [lmroman10-bold]:mapping=tex-text;!
Missing character: There is no 销 (U+9500) in font [lmroman10-bold]:mapping=tex-text;!
Missing character: There is no ） (U+FF09) in font [lmroman10-bold]:mapping=tex-text;!
Missing character: There is no 和 (U+548C) in font [lmroman10-bold]:mapping=tex-text;!
Missing character: There is no 感 (U+611F) in font [lmroman10-bold]:mapping=tex-text;!
Missing character: There is no 知 (U+77E5) in font [lmroman10-bold]:mapping=tex-text;!
Missing character: There is no 分 (U+5206) in font [lmroman10-bold]:mapping=tex-text;!
Missing character: There is no 辨 (U+8FA8) in font [lmroman10-bold]:mapping=tex-text;!
Missing character: There is no 率 (U+7387) in font [lmroman10-bold]:mapping=tex-text;!
Missing character: There is no 之 (U+4E4B) in font [lmroman10-regular]:mapping=tex-text;!
Missing character: There is no 所 (U+6240) in font [lmroman10-regular]:mapping=tex-text;!
Missing character: There is no 以 (U+4EE5) in font [lmroman10-regular]:mapping=tex-text;!
Missing character: There is no 强 (U+5F3A) in font [lmroman10-regular]:mapping=tex-text;!
Missing character: There is no 调 (U+8C03) in font [lmroman10-regular]:mapping=tex-text;!
Missing character: There is no 从 (U+4ECE) in font [lmroman10-regular]:mapping=tex-text;!
Missing character: There is no 到 (U+5230) in font [lmroman10-regular]:mapping=tex-text;!
Missing character: There is no 速 (U+901F) in font [lmroman10-regular]:mapping=tex-text;!
Missing character: There is no 度 (U+5EA6) in font [lmroman10-regular]:mapping=tex-text;!
Missing character: There is no 分 (U+5206) in font [lmroman10-regular]:mapping=tex-text;!
Missing character: There is no 布 (U+5E03) in font [lmroman10-regular]:mapping=tex-text;!
Missing character: There is no 的 (U+7684) in font [lmroman10-regular]:mapping=tex-text;!
Missing character: There is no 统 (U+7EDF) in font [lmroman10-regular]:mapping=tex-text;!
Missing character: There is no 计 (U+8BA1) in font [lmroman10-regular]:mapping=tex-text;!
Missing character: There is no 映 (U+6620) in font [lmroman10-regular]:mapping=tex-text;!
Missing character: There is no 射 (U+5C04) in font [lmroman10-regular]:mapping=tex-text;!
Missing character: There is no ， (U+FF0C) in font [lmroman10-regular]:mapping=tex-text;!
Missing character: There is no 就 (U+5C31) in font [lmroman10-regular]:mapping=tex-text;!
Missing character: There is no 是 (U+662F) in font [lmroman10-regular]:mapping=tex-text;!
Missing character: There is no 在 (U+5728) in font [lmroman10-regular]:mapping=tex-text;!
Missing character: There is no 商 (U+5546) in font [lmroman10-regular]:mapping=tex-text;!
Missing character: There is no 用 (U+7528) in font [lmroman10-regular]:mapping=tex-text;!
Missing character: There is no 的 (U+7684) in font [lmroman10-regular]:mapping=tex-text;!
Missing character: There is no 约 (U+7EA6) in font [lmroman10-regular]:mapping=tex-text;!
Missing character: There is no 束 (U+675F) in font [lmroman10-regular]:mapping=tex-text;!
Missing character: There is no 下 (U+4E0B) in font [lmroman10-regular]:mapping=tex-text;!
Missing character: There is no 只 (U+53EA) in font [lmroman10-regular]:mapping=tex-text;!
Missing character: There is no 能 (U+80FD) in font [lmroman10-regular]:mapping=tex-text;!
Missing character: There is no 拿 (U+62FF) in font [lmroman10-regular]:mapping=tex-text;!
Missing character: There is no 到 (U+5230) in font [lmroman10-regular]:mapping=tex-text;!
Missing character: There is no ， (U+FF0C) in font [lmroman10-regular]:mapping=tex-text;!
Missing character: There is no 它 (U+5B83) in font [lmroman10-regular]:mapping=tex-text;!
Missing character: There is no 就 (U+5C31) in font [lmroman10-regular]:mapping=tex-text;!
Missing character: There is no 把 (U+628A) in font [lmroman10-regular]:mapping=tex-text;!
Missing character: There is no 变 (U+53D8) in font [lmroman10-regular]:mapping=tex-text;!
Missing character: There is no 成 (U+6210) in font [lmroman10-regular]:mapping=tex-text;!
Missing character: There is no 更 (U+66F4) in font [lmroman10-regular]:mapping=tex-text;!
Missing character: There is no 稳 (U+7A33) in font [lmroman10-regular]:mapping=tex-text;!
Missing character: There is no 定 (U+5B9A) in font [lmroman10-regular]:mapping=tex-text;!
Missing character: There is no 的 (U+7684) in font [lmroman10-regular]:mapping=tex-text;!
Missing character: There is no 速 (U+901F) in font [lmroman10-regular]:mapping=tex-text;!
Missing character: There is no 度 (U+5EA6) in font [lmroman10-regular]:mapping=tex-text;!
Missing character: There is no 分 (U+5206) in font [lmroman10-regular]:mapping=tex-text;!
Missing character: There is no 布 (U+5E03) in font [lmroman10-regular]:mapping=tex-text;!
Missing character: There is no 画 (U+753B) in font [lmroman10-regular]:mapping=tex-text;!
Missing character: There is no 像 (U+50CF) in font [lmroman10-regular]:mapping=tex-text;!
Missing character: There is no （ (U+FF08) in font [lmroman10-regular]:mapping=tex-text;!
Missing character: There is no ） (U+FF09) in font [lmroman10-regular]:mapping=tex-text;!
Missing character: There is no ， (U+FF0C) in font [lmroman10-regular]:mapping=tex-text;!
Missing character: There is no 避 (U+907F) in font [lmroman10-regular]:mapping=tex-text;!
Missing character: There is no 免 (U+514D) in font [lmroman10-regular]:mapping=tex-text;!
Missing character: There is no 直 (U+76F4) in font [lmroman10-regular]:mapping=tex-text;!
Missing character: There is no 接 (U+63A5) in font [lmroman10-regular]:mapping=tex-text;!
Missing character: There is no 在 (U+5728) in font [lmroman10-regular]:mapping=tex-text;!
Missing character: There is no 上 (U+4E0A) in font [lmroman10-regular]:mapping=tex-text;!
Missing character: There is no 做 (U+505A) in font [lmroman10-regular]:mapping=tex-text;!
Missing character: There is no 域 (U+57DF) in font [lmroman10-regular]:mapping=tex-text;!
Missing character: There is no 泛 (U+6CDB) in font [lmroman10-regular]:mapping=tex-text;!
Missing character: There is no 化 (U+5316) in font [lmroman10-regular]:mapping=tex-text;!
Missing character: There is no 的 (U+7684) in font [lmroman10-regular]:mapping=tex-text;!
Missing character: There is no 硬 (U+786C) in font [lmroman10-regular]:mapping=tex-text;!
Missing character: There is no 拟 (U+62DF) in font [lmroman10-regular]:mapping=tex-text;!
Missing character: There is no 合 (U+5408) in font [lmroman10-regular]:mapping=tex-text;!
Missing character: There is no 实 (U+5B9E) in font [lmroman10-bold]:mapping=tex-text;!
Missing character: There is no 时 (U+65F6) in font [lmroman10-bold]:mapping=tex-text;!
Missing character: There is no 性 (U+6027) in font [lmroman10-bold]:mapping=tex-text;!
Missing character: There is no 计 (U+8BA1) in font [lmroman10-bold]:mapping=tex-text;!
Missing character: There is no 算 (U+7B97) in font [lmroman10-bold]:mapping=tex-text;!
Missing character: There is no 复 (U+590D) in font [lmroman10-bold]:mapping=tex-text;!
Missing character: There is no 杂 (U+6742) in font [lmroman10-bold]:mapping=tex-text;!
Missing character: There is no 度 (U+5EA6) in font [lmroman10-bold]:mapping=tex-text;!
Missing character: There is no 与 (U+4E0E) in font [lmroman10-bold]:mapping=tex-text;!
Missing character: There is no 全 (U+5168) in font [lmroman10-bold]:mapping=tex-text;!
Missing character: There is no 局 (U+5C40) in font [lmroman10-bold]:mapping=tex-text;!
Missing character: There is no 最 (U+6700) in font [lmroman10-bold]:mapping=tex-text;!
Missing character: There is no 优 (U+4F18) in font [lmroman10-bold]:mapping=tex-text;!
Missing character: There is no 鲁 (U+9C81) in font [lmroman10-bold]:mapping=tex-text;!
Missing character: There is no 棒 (U+68D2) in font [lmroman10-bold]:mapping=tex-text;!
Missing character: There is no 性 (U+6027) in font [lmroman10-bold]:mapping=tex-text;!
Missing character: There is no 明 (U+660E) in font [lmroman10-regular]:mapping=tex-text;!
Missing character: There is no 确 (U+786E) in font [lmroman10-regular]:mapping=tex-text;!
Missing character: There is no 说 (U+8BF4) in font [lmroman10-regular]:mapping=tex-text;!
Missing character: There is no 它 (U+5B83) in font [lmroman10-regular]:mapping=tex-text;!
Missing character: There is no 用 (U+7528) in font [lmroman10-regular]:mapping=tex-text;!
Missing character: There is no ： (U+FF1A) in font [lmroman10-regular]:mapping=tex-text;!
Missing character: There is no 训 (U+8BAD) in font [lmroman10-regular]:mapping=tex-text;!
Missing character: There is no 练 (U+7EC3) in font [lmroman10-regular]:mapping=tex-text;!
Missing character: There is no 与 (U+4E0E) in font [lmroman10-regular]:mapping=tex-text;!
Missing character: There is no 推 (U+63A8) in font [lmroman10-regular]:mapping=tex-text;!
Missing character: There is no 断 (U+65AD) in font [lmroman10-regular]:mapping=tex-text;!
Missing character: There is no 同 (U+540C) in font [lmroman10-regular]:mapping=tex-text;!
Missing character: There is no 时 (U+65F6) in font [lmroman10-regular]:mapping=tex-text;!
Missing character: There is no 做 (U+505A) in font [lmroman10-regular]:mapping=tex-text;!
Missing character: There is no 、 (U+3001) in font [lmroman10-regular]:mapping=tex-text;!
Missing character: There is no 无 (U+65E0) in font [lmroman10-regular]:mapping=tex-text;!
Missing character: There is no 需 (U+9700) in font [lmroman10-regular]:mapping=tex-text;!
Missing character: There is no 离 (U+79BB) in font [lmroman10-regular]:mapping=tex-text;!
Missing character: There is no 线 (U+7EBF) in font [lmroman10-regular]:mapping=tex-text;!
Missing character: There is no 训 (U+8BAD) in font [lmroman10-regular]:mapping=tex-text;!
Missing character: There is no 练 (U+7EC3) in font [lmroman10-regular]:mapping=tex-text;!
Missing character: There is no ， (U+FF0C) in font [lmroman10-regular]:mapping=tex-text;!
Missing character: There is no 但 (U+4F46) in font [lmroman10-regular]:mapping=tex-text;!
Missing character: There is no 代 (U+4EE3) in font [lmroman10-regular]:mapping=tex-text;!
Missing character: There is no 价 (U+4EF7) in font [lmroman10-regular]:mapping=tex-text;!
Missing character: There is no 是 (U+662F) in font [lmroman10-regular]:mapping=tex-text;!
Missing character: There is no 时 (U+65F6) in font [lmroman10-regular]:mapping=tex-text;!
Missing character: There is no 间 (U+95F4) in font [lmroman10-regular]:mapping=tex-text;!
Missing character: There is no 跨 (U+8DE8) in font [lmroman10-regular]:mapping=tex-text;!
Missing character: There is no 度 (U+5EA6) in font [lmroman10-regular]:mapping=tex-text;!
Missing character: There is no 可 (U+53EF) in font [lmroman10-regular]:mapping=tex-text;!
Missing character: There is no 能 (U+80FD) in font [lmroman10-regular]:mapping=tex-text;!
Missing character: There is no 达 (U+8FBE) in font [lmroman10-regular]:mapping=tex-text;!
Missing character: There is no 到 (U+5230) in font [lmroman10-regular]:mapping=tex-text;!
Missing character: There is no 分 (U+5206) in font [lmroman10-regular]:mapping=tex-text;!
Missing character: There is no 钟 (U+949F) in font [lmroman10-regular]:mapping=tex-text;!
Missing character: There is no ， (U+FF0C) in font [lmroman10-regular]:mapping=tex-text;!
Missing character: There is no 不 (U+4E0D) in font [lmroman10-regular]:mapping=tex-text;!
Missing character: There is no 够 (U+591F) in font [lmroman10-regular]:mapping=tex-text;!
Missing character: There is no 实 (U+5B9E) in font [lmroman10-regular]:mapping=tex-text;!
Missing character: There is no 时 (U+65F6) in font [lmroman10-regular]:mapping=tex-text;!
Missing character: There is no 更 (U+66F4) in font [lmroman10-regular]:mapping=tex-text;!
Missing character: There is no 鲁 (U+9C81) in font [lmroman10-regular]:mapping=tex-text;!
Missing character: There is no 棒 (U+68D2) in font [lmroman10-regular]:mapping=tex-text;!
Missing character: There is no 更 (U+66F4) in font [lmroman10-regular]:mapping=tex-text;!
Missing character: There is no 少 (U+5C11) in font [lmroman10-regular]:mapping=tex-text;!
Missing character: There is no 标 (U+6807) in font [lmroman10-regular]:mapping=tex-text;!
Missing character: There is no 注 (U+6CE8) in font [lmroman10-regular]:mapping=tex-text;!
Missing character: There is no 换 (U+6362) in font [lmroman10-regular]:mapping=tex-text;!
Missing character: There is no 算 (U+7B97) in font [lmroman10-regular]:mapping=tex-text;!
Missing character: There is no 力 (U+529B) in font [lmroman10-regular]:mapping=tex-text;!
Missing character: There is no 时 (U+65F6) in font [lmroman10-regular]:mapping=tex-text;!
Missing character: There is no 延 (U+5EF6) in font [lmroman10-regular]:mapping=tex-text;!
Missing character: There is no 。 (U+3002) in font [lmroman10-regular]:mapping=tex-text;!

Underfull \hbox (badness 10000) in paragraph at lines 847--850
[]\TU/lmr/m/n/10 MINGLE 明确说它用 transductive learning：训练与推断同时做、无需离线训练，但代价是时间跨度可能达到 1–2 分钟，不够实时
 []


Underfull \hbox (badness 10000) in paragraph at lines 852--853

 []

Missing character: There is no 做 (U+505A) in font [lmroman10-regular]:mapping=tex-text;!
Missing character: There is no 感 (U+611F) in font [lmroman10-bold]:mapping=tex-text;!
Missing character: There is no 知 (U+77E5) in font [lmroman10-bold]:mapping=tex-text;!
Missing character: There is no 性 (U+6027) in font [lmroman10-bold]:mapping=tex-text;!
Missing character: There is no 能 (U+80FD) in font [lmroman10-bold]:mapping=tex-text;!
Missing character: There is no 代 (U+4EE3) in font [lmroman10-bold]:mapping=tex-text;!
Missing character: There is no 价 (U+4EF7) in font [lmroman10-bold]:mapping=tex-text;!
Missing character: There is no 约 (U+7EA6) in font [lmroman10-bold]:mapping=tex-text;!
Missing character: There is no 束 (U+675F) in font [lmroman10-bold]:mapping=tex-text;!
Missing character: There is no 的 (U+7684) in font [lmroman10-regular]:mapping=tex-text;!
Missing character: There is no 权 (U+6743) in font [lmroman10-regular]:mapping=tex-text;!
Missing character: There is no 衡 (U+8861) in font [lmroman10-regular]:mapping=tex-text;!
Missing character: There is no ， (U+FF0C) in font [lmroman10-regular]:mapping=tex-text;!
Missing character: There is no 代 (U+4EE3) in font [lmroman10-regular]:mapping=tex-text;!
Missing character: There is no 价 (U+4EF7) in font [lmroman10-regular]:mapping=tex-text;!
Missing character: There is no 不 (U+4E0D) in font [lmroman10-regular]:mapping=tex-text;!
Missing character: There is no 同 (U+540C) in font [lmroman10-regular]:mapping=tex-text;!
Missing character: There is no ： (U+FF1A) in font [lmroman10-regular]:mapping=tex-text;!
Missing character: There is no 感 (U+611F) in font [lmroman10-bold]:mapping=tex-text;!
Missing character: There is no 知 (U+77E5) in font [lmroman10-bold]:mapping=tex-text;!
Missing character: There is no 感 (U+611F) in font [lmroman10-bold]:mapping=tex-text;!
Missing character: There is no 知 (U+77E5) in font [lmroman10-bold]:mapping=tex-text;!
Missing character: There is no 感 (U+611F) in font [lmroman10-bold]:mapping=tex-text;!
Missing character: There is no 知 (U+77E5) in font [lmroman10-bold]:mapping=tex-text;!
Missing character: There is no 精 (U+7CBE) in font [lmroman10-bold]:mapping=tex-text;!
Missing character: There is no 度 (U+5EA6) in font [lmroman10-bold]:mapping=tex-text;!
Missing character: There is no 采 (U+91C7) in font [lmroman10-bold]:mapping=tex-text;!
Missing character: There is no 样 (U+6837) in font [lmroman10-bold]:mapping=tex-text;!
Missing character: There is no 硬 (U+786C) in font [lmroman10-bold]:mapping=tex-text;!
Missing character: There is no 件 (U+4EF6) in font [lmroman10-bold]:mapping=tex-text;!
Missing character: There is no 可 (U+53EF) in font [lmroman10-bold]:mapping=tex-text;!
Missing character: There is no 行 (U+884C) in font [lmroman10-bold]:mapping=tex-text;!
Missing character: There is no 性 (U+6027) in font [lmroman10-bold]:mapping=tex-text;!
Missing character: There is no ： (U+FF1A) in font [lmroman10-regular]:mapping=tex-text;!
Missing character: There is no 讨 (U+8BA8) in font [lmroman10-regular]:mapping=tex-text;!
Missing character: There is no 论 (U+8BBA) in font [lmroman10-regular]:mapping=tex-text;!
Missing character: There is no 采 (U+91C7) in font [lmroman10-regular]:mapping=tex-text;!
Missing character: There is no 样 (U+6837) in font [lmroman10-regular]:mapping=tex-text;!
Missing character: There is no 间 (U+95F4) in font [lmroman10-regular]:mapping=tex-text;!
Missing character: There is no 隔 (U+9694) in font [lmroman10-regular]:mapping=tex-text;!
Missing character: There is no 导 (U+5BFC) in font [lmroman10-regular]:mapping=tex-text;!
Missing character: There is no 致 (U+81F4) in font [lmroman10-regular]:mapping=tex-text;!
Missing character: There is no 的 (U+7684) in font [lmroman10-regular]:mapping=tex-text;!
Missing character: There is no 约 (U+7EA6) in font [lmroman10-regular]:mapping=tex-text;!
Missing character: There is no 束 (U+675F) in font [lmroman10-regular]:mapping=tex-text;!
Missing character: There is no 与 (U+4E0E) in font [lmroman10-regular]:mapping=tex-text;!
Missing character: There is no 速 (U+901F) in font [lmroman10-regular]:mapping=tex-text;!
Missing character: There is no 度 (U+5EA6) in font [lmroman10-regular]:mapping=tex-text;!
Missing character: There is no 上 (U+4E0A) in font [lmroman10-regular]:mapping=tex-text;!
Missing character: There is no 限 (U+9650) in font [lmroman10-regular]:mapping=tex-text;!
Missing character: There is no （ (U+FF08) in font [lmroman10-regular]:mapping=tex-text;!
Missing character: There is no 本 (U+672C) in font [lmroman10-regular]:mapping=tex-text;!
Missing character: There is no 质 (U+8D28) in font [lmroman10-regular]:mapping=tex-text;!
Missing character: There is no 是 (U+662F) in font [lmroman10-regular]:mapping=tex-text;!
Missing character: There is no 精 (U+7CBE) in font [lmroman10-regular]:mapping=tex-text;!
Missing character: There is no 度 (U+5EA6) in font [lmroman10-regular]:mapping=tex-text;!
Missing character: There is no 要 (U+8981) in font [lmroman10-regular]:mapping=tex-text;!
Missing character: There is no 靠 (U+9760) in font [lmroman10-regular]:mapping=tex-text;!
Missing character: There is no 高 (U+9AD8) in font [lmroman10-regular]:mapping=tex-text;!
Missing character: There is no 质 (U+8D28) in font [lmroman10-regular]:mapping=tex-text;!
Missing character: There is no 量 (U+91CF) in font [lmroman10-regular]:mapping=tex-text;!
Missing character: There is no 相 (U+76F8) in font [lmroman10-regular]:mapping=tex-text;!
Missing character: There is no 位 (U+4F4D) in font [lmroman10-regular]:mapping=tex-text;!
Missing character: There is no 连 (U+8FDE) in font [lmroman10-regular]:mapping=tex-text;!
Missing character: There is no 续 (U+7EED) in font [lmroman10-regular]:mapping=tex-text;!
Missing character: There is no 性 (U+6027) in font [lmroman10-regular]:mapping=tex-text;!
Missing character: There is no ， (U+FF0C) in font [lmroman10-regular]:mapping=tex-text;!
Missing character: There is no 而 (U+800C) in font [lmroman10-regular]:mapping=tex-text;!
Missing character: There is no 系 (U+7CFB) in font [lmroman10-regular]:mapping=tex-text;!
Missing character: There is no 统 (U+7EDF) in font [lmroman10-regular]:mapping=tex-text;!
Missing character: There is no 并 (U+5E76) in font [lmroman10-regular]:mapping=tex-text;!
Missing character: There is no 不 (U+4E0D) in font [lmroman10-regular]:mapping=tex-text;!
Missing character: There is no 总 (U+603B) in font [lmroman10-regular]:mapping=tex-text;!
Missing character: There is no 能 (U+80FD) in font [lmroman10-regular]:mapping=tex-text;!
Missing character: There is no 保 (U+4FDD) in font [lmroman10-regular]:mapping=tex-text;!
Missing character: There is no 证 (U+8BC1) in font [lmroman10-regular]:mapping=tex-text;!
Missing character: There is no ） (U+FF09) in font [lmroman10-regular]:mapping=tex-text;!
Missing character: There is no 感 (U+611F) in font [lmroman10-bold]:mapping=tex-text;!
Missing character: There is no 知 (U+77E5) in font [lmroman10-bold]:mapping=tex-text;!
Missing character: There is no 感 (U+611F) in font [lmroman10-bold]:mapping=tex-text;!
Missing character: There is no 知 (U+77E5) in font [lmroman10-bold]:mapping=tex-text;!
Missing character: There is no 感 (U+611F) in font [lmroman10-bold]:mapping=tex-text;!
Missing character: There is no 知 (U+77E5) in font [lmroman10-bold]:mapping=tex-text;!
Missing character: There is no 精 (U+7CBE) in font [lmroman10-bold]:mapping=tex-text;!
Missing character: There is no 度 (U+5EA6) in font [lmroman10-bold]:mapping=tex-text;!
Missing character: There is no 环 (U+73AF) in font [lmroman10-bold]:mapping=tex-text;!
Missing character: There is no 境 (U+5883) in font [lmroman10-bold]:mapping=tex-text;!
Missing character: There is no 泛 (U+6CDB) in font [lmroman10-bold]:mapping=tex-text;!
Missing character: There is no 化 (U+5316) in font [lmroman10-bold]:mapping=tex-text;!
Missing character: There is no 标 (U+6807) in font [lmroman10-bold]:mapping=tex-text;!
Missing character: There is no 注 (U+6CE8) in font [lmroman10-bold]:mapping=tex-text;!
Missing character: There is no 成 (U+6210) in font [lmroman10-bold]:mapping=tex-text;!
Missing character: There is no 本 (U+672C) in font [lmroman10-bold]:mapping=tex-text;!
Missing character: There is no ： (U+FF1A) in font [lmroman10-regular]:mapping=tex-text;!
Missing character: There is no 直 (U+76F4) in font [lmroman10-regular]:mapping=tex-text;!
Missing character: There is no 接 (U+63A5) in font [lmroman10-regular]:mapping=tex-text;!
Missing character: There is no 把 (U+628A) in font [lmroman10-regular]:mapping=tex-text;!
Missing character: There is no 域 (U+57DF) in font [lmroman10-regular]:mapping=tex-text;!
Missing character: There is no 变 (U+53D8) in font [lmroman10-regular]:mapping=tex-text;!
Missing character: There is no 化 (U+5316) in font [lmroman10-regular]:mapping=tex-text;!
Missing character: There is no 标 (U+6807) in font [lmroman10-regular]:mapping=tex-text;!
Missing character: There is no 注 (U+6CE8) in font [lmroman10-regular]:mapping=tex-text;!
Missing character: There is no 难 (U+96BE) in font [lmroman10-regular]:mapping=tex-text;!
Missing character: There is no 当 (U+5F53) in font [lmroman10-regular]:mapping=tex-text;!
Missing character: There is no 中 (U+4E2D) in font [lmroman10-regular]:mapping=tex-text;!
Missing character: There is no 心 (U+5FC3) in font [lmroman10-regular]:mapping=tex-text;!
Missing character: There is no 问 (U+95EE) in font [lmroman10-regular]:mapping=tex-text;!
Missing character: There is no 题 (U+9898) in font [lmroman10-regular]:mapping=tex-text;!
Missing character: There is no ， (U+FF0C) in font [lmroman10-regular]:mapping=tex-text;!
Missing character: There is no 用 (U+7528) in font [lmroman10-regular]:mapping=tex-text;!
Missing character: There is no 跨 (U+8DE8) in font [lmroman10-regular]:mapping=tex-text;!
Missing character: There is no 模 (U+6A21) in font [lmroman10-regular]:mapping=tex-text;!
Missing character: There is no 态 (U+6001) in font [lmroman10-regular]:mapping=tex-text;!
Missing character: There is no 监 (U+76D1) in font [lmroman10-regular]:mapping=tex-text;!
Missing character: There is no 督 (U+7763) in font [lmroman10-regular]:mapping=tex-text;!
Missing character: There is no 提 (U+63D0) in font [lmroman10-regular]:mapping=tex-text;!
Missing character: There is no 升 (U+5347) in font [lmroman10-regular]:mapping=tex-text;!
Missing character: There is no 泛 (U+6CDB) in font [lmroman10-regular]:mapping=tex-text;!
Missing character: There is no 化 (U+5316) in font [lmroman10-regular]:mapping=tex-text;!
Missing character: There is no 与 (U+4E0E) in font [lmroman10-regular]:mapping=tex-text;!
Missing character: There is no 数 (U+6570) in font [lmroman10-regular]:mapping=tex-text;!
Missing character: There is no 据 (U+636E) in font [lmroman10-regular]:mapping=tex-text;!
Missing character: There is no 效 (U+6548) in font [lmroman10-regular]:mapping=tex-text;!
Missing character: There is no 率 (U+7387) in font [lmroman10-regular]:mapping=tex-text;!
Missing character: There is no 跟 (U+8DDF) in font [lmroman10-bold]:mapping=tex-text;!
Missing character: There is no 踪 (U+8E2A) in font [lmroman10-bold]:mapping=tex-text;!
Missing character: There is no 跟 (U+8DDF) in font [lmroman10-bold]:mapping=tex-text;!
Missing character: There is no 踪 (U+8E2A) in font [lmroman10-bold]:mapping=tex-text;!
Missing character: There is no 跟 (U+8DDF) in font [lmroman10-bold]:mapping=tex-text;!
Missing character: There is no 踪 (U+8E2A) in font [lmroman10-bold]:mapping=tex-text;!
Missing character: There is no 精 (U+7CBE) in font [lmroman10-bold]:mapping=tex-text;!
Missing character: There is no 度 (U+5EA6) in font [lmroman10-bold]:mapping=tex-text;!
Missing character: There is no 漂 (U+6F02) in font [lmroman10-bold]:mapping=tex-text;!
Missing character: There is no 移 (U+79FB) in font [lmroman10-bold]:mapping=tex-text;!
Missing character: There is no 累 (U+7D2F) in font [lmroman10-bold]:mapping=tex-text;!
Missing character: There is no 积 (U+79EF) in font [lmroman10-bold]:mapping=tex-text;!
Missing character: There is no ： (U+FF1A) in font [lmroman10-regular]:mapping=tex-text;!
Missing character: There is no 明 (U+660E) in font [lmroman10-regular]:mapping=tex-text;!
Missing character: There is no 确 (U+786E) in font [lmroman10-regular]:mapping=tex-text;!
Missing character: There is no 把 (U+628A) in font [lmroman10-regular]:mapping=tex-text;!
Missing character: There is no 方 (U+65B9) in font [lmroman10-regular]:mapping=tex-text;!
Missing character: There is no 向 (U+5411) in font [lmroman10-regular]:mapping=tex-text;!
Missing character: There is no 误 (U+8BEF) in font [lmroman10-regular]:mapping=tex-text;!
Missing character: There is no 差 (U+5DEE) in font [lmroman10-regular]:mapping=tex-text;!
Missing character: There is no 累 (U+7D2F) in font [lmroman10-regular]:mapping=tex-text;!
Missing character: There is no 积 (U+79EF) in font [lmroman10-regular]:mapping=tex-text;!
Missing character: There is no 误 (U+8BEF) in font [lmroman10-regular]:mapping=tex-text;!
Missing character: There is no 差 (U+5DEE) in font [lmroman10-regular]:mapping=tex-text;!
Missing character: There is no 当 (U+5F53) in font [lmroman10-regular]:mapping=tex-text;!
Missing character: There is no 关 (U+5173) in font [lmroman10-regular]:mapping=tex-text;!
Missing character: There is no 键 (U+952E) in font [lmroman10-regular]:mapping=tex-text;!
Missing character: There is no ， (U+FF0C) in font [lmroman10-regular]:mapping=tex-text;!
Missing character: There is no 并 (U+5E76) in font [lmroman10-regular]:mapping=tex-text;!
Missing character: There is no 用 (U+7528) in font [lmroman10-regular]:mapping=tex-text;!
Missing character: There is no 地 (U+5730) in font [lmroman10-regular]:mapping=tex-text;!
Missing character: There is no 图 (U+56FE) in font [lmroman10-regular]:mapping=tex-text;!
Missing character: There is no 图 (U+56FE) in font [lmroman10-regular]:mapping=tex-text;!
Missing character: There is no 结 (U+7ED3) in font [lmroman10-regular]:mapping=tex-text;!
Missing character: There is no 构 (U+6784) in font [lmroman10-regular]:mapping=tex-text;!
Missing character: There is no 与 (U+4E0E) in font [lmroman10-regular]:mapping=tex-text;!
Missing character: There is no 滤 (U+6EE4) in font [lmroman10-regular]:mapping=tex-text;!
Missing character: There is no 波 (U+6CE2) in font [lmroman10-regular]:mapping=tex-text;!
Missing character: There is no 去 (U+53BB) in font [lmroman10-regular]:mapping=tex-text;!
Missing character: There is no 约 (U+7EA6) in font [lmroman10-regular]:mapping=tex-text;!
Missing character: There is no 束 (U+675F) in font [lmroman10-regular]:mapping=tex-text;!
Missing character: There is no （ (U+FF08) in font [lmroman10-regular]:mapping=tex-text;!
Missing character: There is no 属 (U+5C5E) in font [lmroman10-regular]:mapping=tex-text;!
Missing character: There is no 于 (U+4E8E) in font [lmroman10-regular]:mapping=tex-text;!
Missing character: There is no 用 (U+7528) in font [lmroman10-regular]:mapping=tex-text;!
Missing character: There is no 结 (U+7ED3) in font [lmroman10-regular]:mapping=tex-text;!
Missing character: There is no 构 (U+6784) in font [lmroman10-regular]:mapping=tex-text;!
Missing character: There is no 换 (U+6362) in font [lmroman10-regular]:mapping=tex-text;!
Missing character: There is no 精 (U+7CBE) in font [lmroman10-regular]:mapping=tex-text;!
Missing character: There is no 度 (U+5EA6) in font [lmroman10-regular]:mapping=tex-text;!
Missing character: There is no ） (U+FF09) in font [lmroman10-regular]:mapping=tex-text;!


[10]
Missing character: There is no 感 (U+611F) in font [lmroman10-bold]:mapping=tex-text;!
Missing character: There is no 知 (U+77E5) in font [lmroman10-bold]:mapping=tex-text;!
Missing character: There is no 感 (U+611F) in font [lmroman10-bold]:mapping=tex-text;!
Missing character: There is no 知 (U+77E5) in font [lmroman10-bold]:mapping=tex-text;!
Missing character: There is no 感 (U+611F) in font [lmroman10-bold]:mapping=tex-text;!
Missing character: There is no 知 (U+77E5) in font [lmroman10-bold]:mapping=tex-text;!
Missing character: There is no 可 (U+53EF) in font [lmroman10-bold]:mapping=tex-text;!
Missing character: There is no 用 (U+7528) in font [lmroman10-bold]:mapping=tex-text;!
Missing character: There is no 性 (U+6027) in font [lmroman10-bold]:mapping=tex-text;!
Missing character: There is no 隐 (U+9690) in font [lmroman10-bold]:mapping=tex-text;!
Missing character: There is no 私 (U+79C1) in font [lmroman10-bold]:mapping=tex-text;!
Missing character: There is no 安 (U+5B89) in font [lmroman10-bold]:mapping=tex-text;!
Missing character: There is no 全 (U+5168) in font [lmroman10-bold]:mapping=tex-text;!
Missing character: There is no 通 (U+901A) in font [lmroman10-bold]:mapping=tex-text;!
Missing character: There is no 信 (U+4FE1) in font [lmroman10-bold]:mapping=tex-text;!
Missing character: There is no 质 (U+8D28) in font [lmroman10-bold]:mapping=tex-text;!
Missing character: There is no 量 (U+91CF) in font [lmroman10-bold]:mapping=tex-text;!
Missing character: There is no ： (U+FF1A) in font [lmroman10-regular]:mapping=tex-text;!
Missing character: There is no 把 (U+628A) in font [lmroman10-regular]:mapping=tex-text;!
Missing character: There is no 通 (U+901A) in font [lmroman10-regular]:mapping=tex-text;!
Missing character: There is no 信 (U+4FE1) in font [lmroman10-regular]:mapping=tex-text;!
Missing character: There is no 与 (U+4E0E) in font [lmroman10-regular]:mapping=tex-text;!
Missing character: There is no 合 (U+5408) in font [lmroman10-regular]:mapping=tex-text;!
Missing character: There is no 法 (U+6CD5) in font [lmroman10-regular]:mapping=tex-text;!
Missing character: There is no 感 (U+611F) in font [lmroman10-regular]:mapping=tex-text;!
Missing character: There is no 知 (U+77E5) in font [lmroman10-regular]:mapping=tex-text;!
Missing character: There is no 、 (U+3001) in font [lmroman10-regular]:mapping=tex-text;!
Missing character: There is no 对 (U+5BF9) in font [lmroman10-regular]:mapping=tex-text;!
Missing character: There is no 抗 (U+6297) in font [lmroman10-regular]:mapping=tex-text;!
Missing character: There is no 感 (U+611F) in font [lmroman10-regular]:mapping=tex-text;!
Missing character: There is no 知 (U+77E5) in font [lmroman10-regular]:mapping=tex-text;!
Missing character: There is no 放 (U+653E) in font [lmroman10-regular]:mapping=tex-text;!
Missing character: There is no 进 (U+8FDB) in font [lmroman10-regular]:mapping=tex-text;!
Missing character: There is no 一 (U+4E00) in font [lmroman10-regular]:mapping=tex-text;!
Missing character: There is no 个 (U+4E2A) in font [lmroman10-regular]:mapping=tex-text;!
Missing character: There is no 权 (U+6743) in font [lmroman10-regular]:mapping=tex-text;!
Missing character: There is no 衡 (U+8861) in font [lmroman10-regular]:mapping=tex-text;!
Missing character: There is no 框 (U+6846) in font [lmroman10-regular]:mapping=tex-text;!
Missing character: There is no 架 (U+67B6) in font [lmroman10-regular]:mapping=tex-text;!
Missing character: There is no 里 (U+91CC) in font [lmroman10-regular]:mapping=tex-text;!
Missing character: There is no ， (U+FF0C) in font [lmroman10-regular]:mapping=tex-text;!
Missing character: There is no 并 (U+5E76) in font [lmroman10-regular]:mapping=tex-text;!
Missing character: There is no 进 (U+8FDB) in font [lmroman10-regular]:mapping=tex-text;!
Missing character: There is no 行 (U+884C) in font [lmroman10-regular]:mapping=tex-text;!
Missing character: There is no 了 (U+4E86) in font [lmroman10-regular]:mapping=tex-text;!
Missing character: There is no 多 (U+591A) in font [lmroman10-regular]:mapping=tex-text;!
Missing character: There is no 目 (U+76EE) in font [lmroman10-regular]:mapping=tex-text;!
Missing character: There is no 标 (U+6807) in font [lmroman10-regular]:mapping=tex-text;!
Missing character: There is no 优 (U+4F18) in font [lmroman10-regular]:mapping=tex-text;!
Missing character: There is no 化 (U+5316) in font [lmroman10-regular]:mapping=tex-text;!
Missing character: There is no ， (U+FF0C) in font [lmroman10-regular]:mapping=tex-text;!
Missing character: There is no 并 (U+5E76) in font [lmroman10-regular]:mapping=tex-text;!
Missing character: There is no 且 (U+4E14) in font [lmroman10-regular]:mapping=tex-text;!
Missing character: There is no 利 (U+5229) in font [lmroman10-regular]:mapping=tex-text;!
Missing character: There is no 用 (U+7528) in font [lmroman10-regular]:mapping=tex-text;!
Missing character: There is no 进 (U+8FDB) in font [lmroman10-regular]:mapping=tex-text;!
Missing character: There is no 行 (U+884C) in font [lmroman10-regular]:mapping=tex-text;!
Missing character: There is no 了 (U+4E86) in font [lmroman10-regular]:mapping=tex-text;!
Missing character: There is no 量 (U+91CF) in font [lmroman10-regular]:mapping=tex-text;!
Missing character: There is no 化 (U+5316) in font [lmroman10-regular]:mapping=tex-text;!
Missing character: There is no 指 (U+6307) in font [lmroman10-regular]:mapping=tex-text;!
Missing character: There is no 标 (U+6807) in font [lmroman10-regular]:mapping=tex-text;!
Missing character: There is no 的 (U+7684) in font [lmroman10-regular]:mapping=tex-text;!
Missing character: There is no 改 (U+6539) in font [lmroman10-regular]:mapping=tex-text;!
Missing character: There is no 造 (U+9020) in font [lmroman10-regular]:mapping=tex-text;!
Missing character: There is no 。 (U+3002) in font [lmroman10-regular]:mapping=tex-text;!

Overfull \hbox (5.74228pt too wide) in paragraph at lines 868--871
[]\TU/lmr/bx/n/10 感知可用性 vs 隐私安全 vs 通信质量\TU/lmr/m/n/10 ：WiShield把“通信 SNR/BER 与合法感知、对抗感知”放进一个权衡框架里，并进行了多目标优化，并且利用SNR进行了量化指标的改造。 
 []

Missing character: There is no 定 (U+5B9A) in font [lmroman10-bold]:mapping=tex-text;!
Missing character: There is no 位 (U+4F4D) in font [lmroman10-bold]:mapping=tex-text;!
Missing character: There is no 定 (U+5B9A) in font [lmroman10-bold]:mapping=tex-text;!
Missing character: There is no 位 (U+4F4D) in font [lmroman10-bold]:mapping=tex-text;!
Missing character: There is no 定 (U+5B9A) in font [lmroman10-bold]:mapping=tex-text;!
Missing character: There is no 位 (U+4F4D) in font [lmroman10-bold]:mapping=tex-text;!
Missing character: There is no 可 (U+53EF) in font [lmroman10-bold]:mapping=tex-text;!
Missing character: There is no 行 (U+884C) in font [lmroman10-bold]:mapping=tex-text;!
Missing character: There is no 性 (U+6027) in font [lmroman10-bold]:mapping=tex-text;!
Missing character: There is no 拿 (U+62FF) in font [lmroman10-bold]:mapping=tex-text;!
Missing character: There is no 不 (U+4E0D) in font [lmroman10-bold]:mapping=tex-text;!
Missing character: There is no 到 (U+5230) in font [lmroman10-bold]:mapping=tex-text;!
Missing character: There is no 的 (U+7684) in font [lmroman10-bold]:mapping=tex-text;!
Missing character: There is no 现 (U+73B0) in font [lmroman10-bold]:mapping=tex-text;!
Missing character: There is no 实 (U+5B9E) in font [lmroman10-bold]:mapping=tex-text;!
Missing character: There is no ： (U+FF1A) in font [lmroman10-regular]:mapping=tex-text;!
Missing character: There is no 明 (U+660E) in font [lmroman10-regular]:mapping=tex-text;!
Missing character: There is no 确 (U+786E) in font [lmroman10-regular]:mapping=tex-text;!
Missing character: There is no 说 (U+8BF4) in font [lmroman10-regular]:mapping=tex-text;!
Missing character: There is no 传 (U+4F20) in font [lmroman10-regular]:mapping=tex-text;!
Missing character: There is no 统 (U+7EDF) in font [lmroman10-regular]:mapping=tex-text;!
Missing character: There is no 多 (U+591A) in font [lmroman10-regular]:mapping=tex-text;!
Missing character: There is no 依 (U+4F9D) in font [lmroman10-regular]:mapping=tex-text;!
Missing character: There is no 赖 (U+8D56) in font [lmroman10-regular]:mapping=tex-text;!
Missing character: There is no ， (U+FF0C) in font [lmroman10-regular]:mapping=tex-text;!
Missing character: There is no 但 (U+4F46) in font [lmroman10-regular]:mapping=tex-text;!
Missing character: There is no 它 (U+5B83) in font [lmroman10-regular]:mapping=tex-text;!
Missing character: There is no 作 (U+4F5C) in font [lmroman10-regular]:mapping=tex-text;!
Missing character: There is no 为 (U+4E3A) in font [lmroman10-regular]:mapping=tex-text;!
Missing character: There is no 窃 (U+7A83) in font [lmroman10-regular]:mapping=tex-text;!
Missing character: There is no 听 (U+542C) in font [lmroman10-regular]:mapping=tex-text;!
Missing character: There is no 者 (U+8005) in font [lmroman10-regular]:mapping=tex-text;!
Missing character: There is no 做 (U+505A) in font [lmroman10-regular]:mapping=tex-text;!
Missing character: There is no 代 (U+4EE3) in font [lmroman10-regular]:mapping=tex-text;!
Missing character: There is no 价 (U+4EF7) in font [lmroman10-regular]:mapping=tex-text;!
Missing character: There is no 巨 (U+5DE8) in font [lmroman10-regular]:mapping=tex-text;!
Missing character: There is no 大 (U+5927) in font [lmroman10-regular]:mapping=tex-text;!
Missing character: There is no ， (U+FF0C) in font [lmroman10-regular]:mapping=tex-text;!
Missing character: There is no 于 (U+4E8E) in font [lmroman10-regular]:mapping=tex-text;!
Missing character: There is no 是 (U+662F) in font [lmroman10-regular]:mapping=tex-text;!
Missing character: There is no 改 (U+6539) in font [lmroman10-regular]:mapping=tex-text;!
Missing character: There is no 用 (U+7528) in font [lmroman10-regular]:mapping=tex-text;!
Missing character: There is no 天 (U+5929) in font [lmroman10-regular]:mapping=tex-text;!
Missing character: There is no 线 (U+7EBF) in font [lmroman10-regular]:mapping=tex-text;!
Missing character: There is no 间 (U+95F4) in font [lmroman10-regular]:mapping=tex-text;!
Missing character: There is no 相 (U+76F8) in font [lmroman10-regular]:mapping=tex-text;!
Missing character: There is no 对 (U+5BF9) in font [lmroman10-regular]:mapping=tex-text;!
Missing character: There is no 相 (U+76F8) in font [lmroman10-regular]:mapping=tex-text;!
Missing character: There is no 位 (U+4F4D) in font [lmroman10-regular]:mapping=tex-text;!
Missing character: There is no 差 (U+5DEE) in font [lmroman10-regular]:mapping=tex-text;!
Missing character: There is no 并 (U+5E76) in font [lmroman10-regular]:mapping=tex-text;!
Missing character: There is no 构 (U+6784) in font [lmroman10-regular]:mapping=tex-text;!
Missing character: There is no 造 (U+9020) in font [lmroman10-regular]:mapping=tex-text;!
Missing character: There is no 低 (U+4F4E) in font [lmroman10-regular]:mapping=tex-text;!
Missing character: There is no 复 (U+590D) in font [lmroman10-regular]:mapping=tex-text;!
Missing character: There is no 杂 (U+6742) in font [lmroman10-regular]:mapping=tex-text;!
Missing character: There is no 度 (U+5EA6) in font [lmroman10-regular]:mapping=tex-text;!
Missing character: There is no 流 (U+6D41) in font [lmroman10-regular]:mapping=tex-text;!
Missing character: There is no 水 (U+6C34) in font [lmroman10-regular]:mapping=tex-text;!
Missing character: There is no 线 (U+7EBF) in font [lmroman10-regular]:mapping=tex-text;!

Underfull \hbox (badness 5939) in paragraph at lines 871--874
[]\TU/lmr/bx/n/10 定位可行性 vs ‘拿不到 CSI’ 的现实\TU/lmr/m/n/10 ：PhoLoc明确说传统 AoA/ToF 多依赖 CSI，但它作为“窃听者”做 CSI
 []



[11] (./七篇文章的一些思考（待补充）.aux)
 ***********
LaTeX2e <2024-11-01> patch level 2
L3 programming layer <2025-01-18>
 ***********
 ) 
Here is how much of TeX's memory you used:
 17610 strings out of 475796
 327332 string characters out of 5774033
 885775 words of memory out of 5000000
 40386 multiletter control sequences out of 15000+600000
 559513 words of font info for 48 fonts, out of 8000000 for 9000
 36 hyphenation exceptions out of 8191
 90i,5n,114p,1061b,499s stack positions out of 10000i,1000n,20000p,200000b,200000s

Output written on 七篇文章的一些思考（待补充）.pdf (11 pages).
